candidate_id,selection_role,scenario_id,attempt,status,exit_code,started_at,completed_at,duration_seconds,workspace_path,maven_repo_path,module_path,policy_source,policy_original_path,policy_submitted_path,policy_sha256,build_command,plugin_mode,force_scan,submit_only,fail_on_error,scan_id,scan_status,deduplicated,jar_sha256,result_zip,metadata_file,log_path,failure_category,notes
RCM-04143,pilot-primary,D1,1,FAIL_ENVIRONMENT,-1,2026-08-08T20:30:01+00:00,2026-08-08T20:30:01+00:00,0.037,work/pilot/RCM-04143/D1/attempt-1/workspace,results/next-300-d1-runs/RCM-04143/D1/attempt-1/m2,.,,,,,,none,false,false,true,,,,,,,results/next-300-d1-runs/RCM-04143/D1/attempt-1/maven.log,RUNNER_EXCEPTION,Initial explicit-goal Symmaries pilot runner
RCM-02559,pilot-primary,D1,1,PASS,0,2026-08-08T20:30:01+00:00,2026-08-08T20:31:05+00:00,63.547,work/pilot/RCM-02559/D1/attempt-1/workspace,results/next-300-d1-runs/RCM-02559/D1/attempt-1/m2,.,benchmark-fallback,/home/lnk85/SymmariesProjectBits/symmaries-maven-evaluation/config/policies/empty-sources-and-sinks.xml,/home/lnk85/SymmariesProjectBits/symmaries-maven-evaluation/config/policies/empty-sources-and-sinks.xml,3f2d50ad2de30a80ce3fcf7a7fd8ef57f2aa30bdd621bc753d6165b0790b27fc,timeout 20m mvn -B -ntp -s /home/lnk85/SymmariesProjectBits/symmaries-maven-evaluation/config/settings-pilot-host.xml -Dmaven.repo.local=/home/lnk85/SymmariesProjectBits/symmaries-maven-evaluation/results/next-300-d1-runs/RCM-02559/D1/attempt-1/m2 -Prelease clean package -DskipTests -Dmaven.javadoc.skip -Dgpg.skip,none,false,false,true,,,,,,,results/next-300-d1-runs/RCM-02559/D1/attempt-1/maven.log,,Initial explicit-goal Symmaries pilot runner
RCM-02147,pilot-primary,D1,1,FAIL_BUILD,1,2026-08-08T20:31:05+00:00,2026-08-08T20:31:53+00:00,48.318,work/pilot/RCM-02147/D1/attempt-1/workspace,results/next-300-d1-runs/RCM-02147/D1/attempt-1/m2,.,benchmark-fallback,/home/lnk85/SymmariesProjectBits/symmaries-maven-evaluation/config/policies/empty-sources-and-sinks.xml,/home/lnk85/SymmariesProjectBits/symmaries-maven-evaluation/config/policies/empty-sources-and-sinks.xml,3f2d50ad2de30a80ce3fcf7a7fd8ef57f2aa30bdd621bc753d6165b0790b27fc,timeout 20m mvn -B -ntp -s /home/lnk85/SymmariesProjectBits/symmaries-maven-evaluation/config/settings-pilot-host.xml -Dmaven.repo.local=/home/lnk85/SymmariesProjectBits/symmaries-maven-evaluation/results/next-300-d1-runs/RCM-02147/D1/attempt-1/m2 -f book -Prelease clean package -DskipTests -Dmaven.javadoc.skip -Dgpg.skip,none,false,false,true,,,,,,,results/next-300-d1-runs/RCM-02147/D1/attempt-1/maven.log,MAVEN_OR_PLUGIN_FAILURE,Initial explicit-goal Symmaries pilot runner
RCM-05317,pilot-primary,D1,1,PASS,0,2026-08-08T20:31:53+00:00,2026-08-08T20:32:15+00:00,21.92,work/pilot/RCM-05317/D1/attempt-1/workspace,results/next-300-d1-runs/RCM-05317/D1/attempt-1/m2,.,benchmark-fallback,/home/lnk85/SymmariesProjectBits/symmaries-maven-evaluation/config/policies/empty-sources-and-sinks.xml,/home/lnk85/SymmariesProjectBits/symmaries-maven-evaluation/config/policies/empty-sources-and-sinks.xml,3f2d50ad2de30a80ce3fcf7a7fd8ef57f2aa30bdd621bc753d6165b0790b27fc,timeout 20m /home/lnk85/SymmariesProjectBits/symmaries-maven-evaluation/work/pilot/RCM-05317/D1/attempt-1/workspace/mvnw -B -ntp -s /home/lnk85/SymmariesProjectBits/symmaries-maven-evaluation/config/settings-pilot-host.xml -Dmaven.repo.local=/home/lnk85/SymmariesProjectBits/symmaries-maven-evaluation/results/next-300-d1-runs/RCM-05317/D1/attempt-1/m2 clean package -DskipTests -Dmaven.javadoc.skip -Dgpg.skip -Dbuildinfo.detect.skip=false -Dbuildinfo.skipModules=,none,false,false,true,,,,,,,results/next-300-d1-runs/RCM-05317/D1/attempt-1/maven.log,,Initial explicit-goal Symmaries pilot runner
RCM-01320,pilot-primary,D1,1,PASS,0,2026-08-08T20:32:15+00:00,2026-08-08T20:32:43+00:00,27.884,work/pilot/RCM-01320/D1/attempt-1/workspace,results/next-300-d1-runs/RCM-01320/D1/attempt-1/m2,.,benchmark-fallback,/home/lnk85/SymmariesProjectBits/symmaries-maven-evaluation/config/policies/empty-sources-and-sinks.xml,/home/lnk85/SymmariesProjectBits/symmaries-maven-evaluation/config/policies/empty-sources-and-sinks.xml,3f2d50ad2de30a80ce3fcf7a7fd8ef57f2aa30bdd621bc753d6165b0790b27fc,timeout 20m /home/lnk85/SymmariesProjectBits/symmaries-maven-evaluation/work/pilot/RCM-01320/D1/attempt-1/workspace/mvnw -B -ntp -s /home/lnk85/SymmariesProjectBits/symmaries-maven-evaluation/config/settings-pilot-host.xml -Dmaven.repo.local=/home/lnk85/SymmariesProjectBits/symmaries-maven-evaluation/results/next-300-d1-runs/RCM-01320/D1/attempt-1/m2 clean package -DskipTests -Dmaven.javadoc.skip,none,false,false,true,,,,,,,results/next-300-d1-runs/RCM-01320/D1/attempt-1/maven.log,,Initial explicit-goal Symmaries pilot runner
RCM-07196,pilot-primary,D1,1,PASS,0,2026-08-08T20:32:43+00:00,2026-08-08T20:33:05+00:00,21.99,work/pilot/RCM-07196/D1/attempt-1/workspace,results/next-300-d1-runs/RCM-07196/D1/attempt-1/m2,.,benchmark-fallback,/home/lnk85/SymmariesProjectBits/symmaries-maven-evaluation/config/policies/empty-sources-and-sinks.xml,/home/lnk85/SymmariesProjectBits/symmaries-maven-evaluation/config/policies/empty-sources-and-sinks.xml,3f2d50ad2de30a80ce3fcf7a7fd8ef57f2aa30bdd621bc753d6165b0790b27fc,timeout 20m mvn -B -ntp -s /home/lnk85/SymmariesProjectBits/symmaries-maven-evaluation/config/settings-pilot-host.xml -Dmaven.repo.local=/home/lnk85/SymmariesProjectBits/symmaries-maven-evaluation/results/next-300-d1-runs/RCM-07196/D1/attempt-1/m2 -Papache-release clean package -Dmaven.javadoc.skip -Dgpg.skip,none,false,false,true,,,,,,,results/next-300-d1-runs/RCM-07196/D1/attempt-1/maven.log,,Initial explicit-goal Symmaries pilot runner
RCM-05868,pilot-primary,D1,1,FAIL_BUILD,1,2026-08-08T20:33:05+00:00,2026-08-08T20:33:36+00:00,31.236,work/pilot/RCM-05868/D1/attempt-1/workspace,results/next-300-d1-runs/RCM-05868/D1/attempt-1/m2,.,benchmark-fallback,/home/lnk85/SymmariesProjectBits/symmaries-maven-evaluation/config/policies/empty-sources-and-sinks.xml,/home/lnk85/SymmariesProjectBits/symmaries-maven-evaluation/config/policies/empty-sources-and-sinks.xml,3f2d50ad2de30a80ce3fcf7a7fd8ef57f2aa30bdd621bc753d6165b0790b27fc,timeout 20m mvn -B -ntp -s /home/lnk85/SymmariesProjectBits/symmaries-maven-evaluation/config/settings-pilot-host.xml -Dmaven.repo.local=/home/lnk85/SymmariesProjectBits/symmaries-maven-evaluation/results/next-300-d1-runs/RCM-05868/D1/attempt-1/m2 -Prelease clean package -DskipTests -Dmaven.javadoc.skip -Dgpg.skip,none,false,false,true,,,,,,,results/next-300-d1-runs/RCM-05868/D1/attempt-1/maven.log,MAVEN_OR_PLUGIN_FAILURE,Initial explicit-goal Symmaries pilot runner
RCM-11024,pilot-primary,D1,1,PASS,0,2026-08-08T20:33:36+00:00,2026-08-08T20:33:58+00:00,21.198,work/pilot/RCM-11024/D1/attempt-1/workspace,results/next-300-d1-runs/RCM-11024/D1/attempt-1/m2,.,benchmark-fallback,/home/lnk85/SymmariesProjectBits/symmaries-maven-evaluation/config/policies/empty-sources-and-sinks.xml,/home/lnk85/SymmariesProjectBits/symmaries-maven-evaluation/config/policies/empty-sources-and-sinks.xml,3f2d50ad2de30a80ce3fcf7a7fd8ef57f2aa30bdd621bc753d6165b0790b27fc,timeout 20m /home/lnk85/SymmariesProjectBits/symmaries-maven-evaluation/work/pilot/RCM-11024/D1/attempt-1/workspace/mvnw -B -ntp -s /home/lnk85/SymmariesProjectBits/symmaries-maven-evaluation/config/settings-pilot-host.xml -Dmaven.repo.local=/home/lnk85/SymmariesProjectBits/symmaries-maven-evaluation/results/next-300-d1-runs/RCM-11024/D1/attempt-1/m2 -Prelease clean package -DskipTests -Dmaven.javadoc.skip -Dgpg.skip -Dbuildinfo.ignore=,none,false,false,true,,,,,,,results/next-300-d1-runs/RCM-11024/D1/attempt-1/maven.log,,Initial explicit-goal Symmaries pilot runner
RCM-04654,pilot-primary,D1,1,PASS,0,2026-08-08T20:33:58+00:00,2026-08-08T20:35:26+00:00,88.837,work/pilot/RCM-04654/D1/attempt-1/workspace,results/next-300-d1-runs/RCM-04654/D1/attempt-1/m2,.,benchmark-fallback,/home/lnk85/SymmariesProjectBits/symmaries-maven-evaluation/config/policies/empty-sources-and-sinks.xml,/home/lnk85/SymmariesProjectBits/symmaries-maven-evaluation/config/policies/empty-sources-and-sinks.xml,3f2d50ad2de30a80ce3fcf7a7fd8ef57f2aa30bdd621bc753d6165b0790b27fc,timeout 20m mvn -B -ntp -s /home/lnk85/SymmariesProjectBits/symmaries-maven-evaluation/config/settings-pilot-host.xml -Dmaven.repo.local=/home/lnk85/SymmariesProjectBits/symmaries-maven-evaluation/results/next-300-d1-runs/RCM-04654/D1/attempt-1/m2 clean package source:jar -DskipTests -Dmaven.javadoc.skip -Dgpg.skip,none,false,false,true,,,,,,,results/next-300-d1-runs/RCM-04654/D1/attempt-1/maven.log,,Initial explicit-goal Symmaries pilot runner
RCM-00152,pilot-primary,D1,1,FAIL_BUILD,1,2026-08-08T20:35:26+00:00,2026-08-08T20:35:53+00:00,26.988,work/pilot/RCM-00152/D1/attempt-1/workspace,results/next-300-d1-runs/RCM-00152/D1/attempt-1/m2,.,benchmark-fallback,/home/lnk85/SymmariesProjectBits/symmaries-maven-evaluation/config/policies/empty-sources-and-sinks.xml,/home/lnk85/SymmariesProjectBits/symmaries-maven-evaluation/config/policies/empty-sources-and-sinks.xml,3f2d50ad2de30a80ce3fcf7a7fd8ef57f2aa30bdd621bc753d6165b0790b27fc,timeout 20m mvn -B -ntp -s /home/lnk85/SymmariesProjectBits/symmaries-maven-evaluation/config/settings-pilot-host.xml -Dmaven.repo.local=/home/lnk85/SymmariesProjectBits/symmaries-maven-evaluation/results/next-300-d1-runs/RCM-00152/D1/attempt-1/m2 -Prelease clean package -DskipTests -Dmaven.javadoc.skip -Dgpg.skip,none,false,false,true,,,,,,,results/next-300-d1-runs/RCM-00152/D1/attempt-1/maven.log,MAVEN_OR_PLUGIN_FAILURE,Initial explicit-goal Symmaries pilot runner
RCM-01214,pilot-primary,D1,1,PASS,0,2026-08-08T20:35:54+00:00,2026-08-08T20:36:10+00:00,16.604,work/pilot/RCM-01214/D1/attempt-1/workspace,results/next-300-d1-runs/RCM-01214/D1/attempt-1/m2,.,benchmark-fallback,/home/lnk85/SymmariesProjectBits/symmaries-maven-evaluation/config/policies/empty-sources-and-sinks.xml,/home/lnk85/SymmariesProjectBits/symmaries-maven-evaluation/config/policies/empty-sources-and-sinks.xml,3f2d50ad2de30a80ce3fcf7a7fd8ef57f2aa30bdd621bc753d6165b0790b27fc,timeout 20m mvn -B -ntp -s /home/lnk85/SymmariesProjectBits/symmaries-maven-evaluation/config/settings-pilot-host.xml -Dmaven.repo.local=/home/lnk85/SymmariesProjectBits/symmaries-maven-evaluation/results/next-300-d1-runs/RCM-01214/D1/attempt-1/m2 -Pbase-deploy clean package -DskipTests -Dmaven.javadoc.skip -Dgpg.skip,none,false,false,true,,,,,,,results/next-300-d1-runs/RCM-01214/D1/attempt-1/maven.log,,Initial explicit-goal Symmaries pilot runner
RCM-06720,pilot-primary,D1,1,PASS,0,2026-08-08T20:36:10+00:00,2026-08-08T20:40:22+00:00,251.815,work/pilot/RCM-06720/D1/attempt-1/workspace,results/next-300-d1-runs/RCM-06720/D1/attempt-1/m2,.,benchmark-fallback,/home/lnk85/SymmariesProjectBits/symmaries-maven-evaluation/config/policies/empty-sources-and-sinks.xml,/home/lnk85/SymmariesProjectBits/symmaries-maven-evaluation/config/policies/empty-sources-and-sinks.xml,3f2d50ad2de30a80ce3fcf7a7fd8ef57f2aa30bdd621bc753d6165b0790b27fc,timeout 20m /home/lnk85/SymmariesProjectBits/symmaries-maven-evaluation/work/pilot/RCM-06720/D1/attempt-1/workspace/mvnw -B -ntp -s /home/lnk85/SymmariesProjectBits/symmaries-maven-evaluation/config/settings-pilot-host.xml -Dmaven.repo.local=/home/lnk85/SymmariesProjectBits/symmaries-maven-evaluation/results/next-300-d1-runs/RCM-06720/D1/attempt-1/m2 -Prelease clean verify -DskipTests -Dmaven.javadoc.skip -Dgpg.skip,none,false,false,true,,,,,,,results/next-300-d1-runs/RCM-06720/D1/attempt-1/maven.log,,Initial explicit-goal Symmaries pilot runner
RCM-03465,pilot-primary,D1,1,PASS,0,2026-08-08T20:40:22+00:00,2026-08-08T20:40:30+00:00,7.566,work/pilot/RCM-03465/D1/attempt-1/workspace,results/next-300-d1-runs/RCM-03465/D1/attempt-1/m2,.,benchmark-fallback,/home/lnk85/SymmariesProjectBits/symmaries-maven-evaluation/config/policies/empty-sources-and-sinks.xml,/home/lnk85/SymmariesProjectBits/symmaries-maven-evaluation/config/policies/empty-sources-and-sinks.xml,3f2d50ad2de30a80ce3fcf7a7fd8ef57f2aa30bdd621bc753d6165b0790b27fc,timeout 20m mvn -B -ntp -s /home/lnk85/SymmariesProjectBits/symmaries-maven-evaluation/config/settings-pilot-host.xml -Dmaven.repo.local=/home/lnk85/SymmariesProjectBits/symmaries-maven-evaluation/results/next-300-d1-runs/RCM-03465/D1/attempt-1/m2 -Pcentral clean package -DskipTests -Dmaven.javadoc.skip -Dgpg.skip,none,false,false,true,,,,,,,results/next-300-d1-runs/RCM-03465/D1/attempt-1/maven.log,,Initial explicit-goal Symmaries pilot runner
RCM-05669,pilot-primary,D1,1,PASS,0,2026-08-08T20:40:30+00:00,2026-08-08T20:41:06+00:00,36.427,work/pilot/RCM-05669/D1/attempt-1/workspace,results/next-300-d1-runs/RCM-05669/D1/attempt-1/m2,.,benchmark-fallback,/home/lnk85/SymmariesProjectBits/symmaries-maven-evaluation/config/policies/empty-sources-and-sinks.xml,/home/lnk85/SymmariesProjectBits/symmaries-maven-evaluation/config/policies/empty-sources-and-sinks.xml,3f2d50ad2de30a80ce3fcf7a7fd8ef57f2aa30bdd621bc753d6165b0790b27fc,timeout 20m mvn -B -ntp -s /home/lnk85/SymmariesProjectBits/symmaries-maven-evaluation/config/settings-pilot-host.xml -Dmaven.repo.local=/home/lnk85/SymmariesProjectBits/symmaries-maven-evaluation/results/next-300-d1-runs/RCM-05669/D1/attempt-1/m2 -Pio.wcm clean package -DskipTests,none,false,false,true,,,,,,,results/next-300-d1-runs/RCM-05669/D1/attempt-1/maven.log,,Initial explicit-goal Symmaries pilot runner
RCM-05741,pilot-primary,D1,1,FAIL_ENVIRONMENT,-1,2026-08-08T20:41:06+00:00,2026-08-08T20:41:06+00:00,0.085,work/pilot/RCM-05741/D1/attempt-1/workspace,results/next-300-d1-runs/RCM-05741/D1/attempt-1/m2,.,,,,,,none,false,false,true,,,,,,,results/next-300-d1-runs/RCM-05741/D1/attempt-1/maven.log,RUNNER_EXCEPTION,Initial explicit-goal Symmaries pilot runner
RCM-01193,pilot-primary,D1,1,FAIL_BUILD,1,2026-08-08T20:41:06+00:00,2026-08-08T20:41:27+00:00,21.167,work/pilot/RCM-01193/D1/attempt-1/workspace,results/next-300-d1-runs/RCM-01193/D1/attempt-1/m2,.,benchmark-fallback,/home/lnk85/SymmariesProjectBits/symmaries-maven-evaluation/config/policies/empty-sources-and-sinks.xml,/home/lnk85/SymmariesProjectBits/symmaries-maven-evaluation/config/policies/empty-sources-and-sinks.xml,3f2d50ad2de30a80ce3fcf7a7fd8ef57f2aa30bdd621bc753d6165b0790b27fc,timeout 20m mvn -B -ntp -s /home/lnk85/SymmariesProjectBits/symmaries-maven-evaluation/config/settings-pilot-host.xml -Dmaven.repo.local=/home/lnk85/SymmariesProjectBits/symmaries-maven-evaluation/results/next-300-d1-runs/RCM-01193/D1/attempt-1/m2 -Pbase-deploy clean package -DskipTests -Dmaven.javadoc.skip -Dgpg.skip,none,false,false,true,,,,,,,results/next-300-d1-runs/RCM-01193/D1/attempt-1/maven.log,MAVEN_OR_PLUGIN_FAILURE,Initial explicit-goal Symmaries pilot runner
RCM-07830,pilot-primary,D1,1,FAIL_ENVIRONMENT,-1,2026-08-08T20:41:28+00:00,2026-08-08T20:41:30+00:00,2.482,work/pilot/RCM-07830/D1/attempt-1/workspace,results/next-300-d1-runs/RCM-07830/D1/attempt-1/m2,.,benchmark-fallback,/home/lnk85/SymmariesProjectBits/symmaries-maven-evaluation/config/policies/empty-sources-and-sinks.xml,/home/lnk85/SymmariesProjectBits/symmaries-maven-evaluation/config/policies/empty-sources-and-sinks.xml,3f2d50ad2de30a80ce3fcf7a7fd8ef57f2aa30bdd621bc753d6165b0790b27fc,,none,false,false,true,,,,,,,results/next-300-d1-runs/RCM-07830/D1/attempt-1/maven.log,RUNNER_EXCEPTION,Initial explicit-goal Symmaries pilot runner
RCM-11151,pilot-primary,D1,1,FAIL_BUILD,1,2026-08-08T20:41:30+00:00,2026-08-08T20:42:19+00:00,48.954,work/pilot/RCM-11151/D1/attempt-1/workspace,results/next-300-d1-runs/RCM-11151/D1/attempt-1/m2,.,benchmark-fallback,/home/lnk85/SymmariesProjectBits/symmaries-maven-evaluation/config/policies/empty-sources-and-sinks.xml,/home/lnk85/SymmariesProjectBits/symmaries-maven-evaluation/config/policies/empty-sources-and-sinks.xml,3f2d50ad2de30a80ce3fcf7a7fd8ef57f2aa30bdd621bc753d6165b0790b27fc,timeout 20m mvn -B -ntp -s /home/lnk85/SymmariesProjectBits/symmaries-maven-evaluation/config/settings-pilot-host.xml -Dmaven.repo.local=/home/lnk85/SymmariesProjectBits/symmaries-maven-evaluation/results/next-300-d1-runs/RCM-11151/D1/attempt-1/m2 -Prelease clean verify -DskipTests -Dmaven.javadoc.skip -Dgpg.skip,none,false,false,true,,,,,,,results/next-300-d1-runs/RCM-11151/D1/attempt-1/maven.log,MAVEN_OR_PLUGIN_FAILURE,Initial explicit-goal Symmaries pilot runner
RCM-08673,pilot-primary,D1,1,PASS,0,2026-08-08T20:42:19+00:00,2026-08-08T20:42:48+00:00,28.539,work/pilot/RCM-08673/D1/attempt-1/workspace,results/next-300-d1-runs/RCM-08673/D1/attempt-1/m2,.,benchmark-fallback,/home/lnk85/SymmariesProjectBits/symmaries-maven-evaluation/config/policies/empty-sources-and-sinks.xml,/home/lnk85/SymmariesProjectBits/symmaries-maven-evaluation/config/policies/empty-sources-and-sinks.xml,3f2d50ad2de30a80ce3fcf7a7fd8ef57f2aa30bdd621bc753d6165b0790b27fc,timeout 20m mvn -B -ntp -s /home/lnk85/SymmariesProjectBits/symmaries-maven-evaluation/config/settings-pilot-host.xml -Dmaven.repo.local=/home/lnk85/SymmariesProjectBits/symmaries-maven-evaluation/results/next-300-d1-runs/RCM-08673/D1/attempt-1/m2 -Papache-release clean package -DskipTests -Dmaven.javadoc.skip -Dgpg.skip,none,false,false,true,,,,,,,results/next-300-d1-runs/RCM-08673/D1/attempt-1/maven.log,,Initial explicit-goal Symmaries pilot runner
RCM-01182,pilot-primary,D1,1,PASS,0,2026-08-08T20:42:48+00:00,2026-08-08T20:42:59+00:00,11.366,work/pilot/RCM-01182/D1/attempt-1/workspace,results/next-300-d1-runs/RCM-01182/D1/attempt-1/m2,.,benchmark-fallback,/home/lnk85/SymmariesProjectBits/symmaries-maven-evaluation/config/policies/empty-sources-and-sinks.xml,/home/lnk85/SymmariesProjectBits/symmaries-maven-evaluation/config/policies/empty-sources-and-sinks.xml,3f2d50ad2de30a80ce3fcf7a7fd8ef57f2aa30bdd621bc753d6165b0790b27fc,timeout 20m mvn -B -ntp -s /home/lnk85/SymmariesProjectBits/symmaries-maven-evaluation/config/settings-pilot-host.xml -Dmaven.repo.local=/home/lnk85/SymmariesProjectBits/symmaries-maven-evaluation/results/next-300-d1-runs/RCM-01182/D1/attempt-1/m2 clean package -DskipTests -Dmaven.javadoc.skip,none,false,false,true,,,,,,,results/next-300-d1-runs/RCM-01182/D1/attempt-1/maven.log,,Initial explicit-goal Symmaries pilot runner
RCM-04853,pilot-primary,D1,1,FAIL_ENVIRONMENT,-1,2026-08-08T20:42:59+00:00,2026-08-08T20:42:59+00:00,0.257,work/pilot/RCM-04853/D1/attempt-1/workspace,results/next-300-d1-runs/RCM-04853/D1/attempt-1/m2,.,benchmark-fallback,/home/lnk85/SymmariesProjectBits/symmaries-maven-evaluation/config/policies/empty-sources-and-sinks.xml,/home/lnk85/SymmariesProjectBits/symmaries-maven-evaluation/config/policies/empty-sources-and-sinks.xml,3f2d50ad2de30a80ce3fcf7a7fd8ef57f2aa30bdd621bc753d6165b0790b27fc,,none,false,false,true,,,,,,,results/next-300-d1-runs/RCM-04853/D1/attempt-1/maven.log,RUNNER_EXCEPTION,Initial explicit-goal Symmaries pilot runner
RCM-06539,pilot-primary,D1,1,PASS,0,2026-08-08T20:42:59+00:00,2026-08-08T20:43:22+00:00,22.753,work/pilot/RCM-06539/D1/attempt-1/workspace,results/next-300-d1-runs/RCM-06539/D1/attempt-1/m2,.,benchmark-fallback,/home/lnk85/SymmariesProjectBits/symmaries-maven-evaluation/config/policies/empty-sources-and-sinks.xml,/home/lnk85/SymmariesProjectBits/symmaries-maven-evaluation/config/policies/empty-sources-and-sinks.xml,3f2d50ad2de30a80ce3fcf7a7fd8ef57f2aa30bdd621bc753d6165b0790b27fc,timeout 20m mvn -B -ntp -s /home/lnk85/SymmariesProjectBits/symmaries-maven-evaluation/config/settings-pilot-host.xml -Dmaven.repo.local=/home/lnk85/SymmariesProjectBits/symmaries-maven-evaluation/results/next-300-d1-runs/RCM-06539/D1/attempt-1/m2 clean package -DskipTests -Dmaven.javadoc.skip -Dgpg.skip -Dcommons.spdx.version=0.7.1 -Dspdx.skip,none,false,false,true,,,,,,,results/next-300-d1-runs/RCM-06539/D1/attempt-1/maven.log,,Initial explicit-goal Symmaries pilot runner
RCM-08138,pilot-primary,D1,1,PASS,0,2026-08-08T20:43:22+00:00,2026-08-08T20:47:02+00:00,220.155,work/pilot/RCM-08138/D1/attempt-1/workspace,results/next-300-d1-runs/RCM-08138/D1/attempt-1/m2,.,benchmark-fallback,/home/lnk85/SymmariesProjectBits/symmaries-maven-evaluation/config/policies/empty-sources-and-sinks.xml,/home/lnk85/SymmariesProjectBits/symmaries-maven-evaluation/config/policies/empty-sources-and-sinks.xml,3f2d50ad2de30a80ce3fcf7a7fd8ef57f2aa30bdd621bc753d6165b0790b27fc,timeout 20m mvn -B -ntp -s /home/lnk85/SymmariesProjectBits/symmaries-maven-evaluation/config/settings-pilot-host.xml -Dmaven.repo.local=/home/lnk85/SymmariesProjectBits/symmaries-maven-evaluation/results/next-300-d1-runs/RCM-08138/D1/attempt-1/m2 -Papache-release clean package -DskipTests -Dmaven.javadoc.skip -Dgpg.skip,none,false,false,true,,,,,,,results/next-300-d1-runs/RCM-08138/D1/attempt-1/maven.log,,Initial explicit-goal Symmaries pilot runner
RCM-09869,pilot-primary,D1,1,PASS,0,2026-08-08T20:47:02+00:00,2026-08-08T20:49:49+00:00,166.824,work/pilot/RCM-09869/D1/attempt-1/workspace,results/next-300-d1-runs/RCM-09869/D1/attempt-1/m2,.,benchmark-fallback,/home/lnk85/SymmariesProjectBits/symmaries-maven-evaluation/config/policies/empty-sources-and-sinks.xml,/home/lnk85/SymmariesProjectBits/symmaries-maven-evaluation/config/policies/empty-sources-and-sinks.xml,3f2d50ad2de30a80ce3fcf7a7fd8ef57f2aa30bdd621bc753d6165b0790b27fc,timeout 20m mvn -B -ntp -s /home/lnk85/SymmariesProjectBits/symmaries-maven-evaluation/config/settings-pilot-host.xml -Dmaven.repo.local=/home/lnk85/SymmariesProjectBits/symmaries-maven-evaluation/results/next-300-d1-runs/RCM-09869/D1/attempt-1/m2 -Psonatype-oss-release clean package -DskipTests -Dmaven.javadoc.skip -Dgpg.skip,none,false,false,true,,,,,,,results/next-300-d1-runs/RCM-09869/D1/attempt-1/maven.log,,Initial explicit-goal Symmaries pilot runner
RCM-05755,pilot-primary,D1,1,FAIL_BUILD,1,2026-08-08T20:49:49+00:00,2026-08-08T20:49:53+00:00,3.535,work/pilot/RCM-05755/D1/attempt-1/workspace,results/next-300-d1-runs/RCM-05755/D1/attempt-1/m2,.,benchmark-fallback,/home/lnk85/SymmariesProjectBits/symmaries-maven-evaluation/config/policies/empty-sources-and-sinks.xml,/home/lnk85/SymmariesProjectBits/symmaries-maven-evaluation/config/policies/empty-sources-and-sinks.xml,3f2d50ad2de30a80ce3fcf7a7fd8ef57f2aa30bdd621bc753d6165b0790b27fc,timeout 20m mvn -B -ntp -s /home/lnk85/SymmariesProjectBits/symmaries-maven-evaluation/config/settings-pilot-host.xml -Dmaven.repo.local=/home/lnk85/SymmariesProjectBits/symmaries-maven-evaluation/results/next-300-d1-runs/RCM-05755/D1/attempt-1/m2 -f api/ clean package -DskipTests -Dmaven.javadoc.skip -Dgpg.skip,none,false,false,true,,,,,,,results/next-300-d1-runs/RCM-05755/D1/attempt-1/maven.log,MAVEN_OR_PLUGIN_FAILURE,Initial explicit-goal Symmaries pilot runner
RCM-08048,pilot-primary,D1,1,FAIL_BUILD,1,2026-08-08T20:49:53+00:00,2026-08-08T20:49:55+00:00,2.13,work/pilot/RCM-08048/D1/attempt-1/workspace,results/next-300-d1-runs/RCM-08048/D1/attempt-1/m2,.,benchmark-fallback,/home/lnk85/SymmariesProjectBits/symmaries-maven-evaluation/config/policies/empty-sources-and-sinks.xml,/home/lnk85/SymmariesProjectBits/symmaries-maven-evaluation/config/policies/empty-sources-and-sinks.xml,3f2d50ad2de30a80ce3fcf7a7fd8ef57f2aa30bdd621bc753d6165b0790b27fc,"timeout 20m /home/lnk85/SymmariesProjectBits/symmaries-maven-evaluation/work/pilot/RCM-08048/D1/attempt-1/workspace/mvnw -B -ntp -s /home/lnk85/SymmariesProjectBits/symmaries-maven-evaluation/config/settings-pilot-host.xml -Dmaven.repo.local=/home/lnk85/SymmariesProjectBits/symmaries-maven-evaluation/results/next-300-d1-runs/RCM-08048/D1/attempt-1/m2 -Papache-release,with-distribution,option-with-swf clean verify -DskipTests -Dmaven.javadoc.skip -Dgpg.skip",none,false,false,true,,,,,,,results/next-300-d1-runs/RCM-08048/D1/attempt-1/maven.log,MAVEN_OR_PLUGIN_FAILURE,Initial explicit-goal Symmaries pilot runner
RCM-07010,pilot-primary,D1,1,PASS,0,2026-08-08T20:49:55+00:00,2026-08-08T20:50:22+00:00,26.676,work/pilot/RCM-07010/D1/attempt-1/workspace,results/next-300-d1-runs/RCM-07010/D1/attempt-1/m2,.,benchmark-fallback,/home/lnk85/SymmariesProjectBits/symmaries-maven-evaluation/config/policies/empty-sources-and-sinks.xml,/home/lnk85/SymmariesProjectBits/symmaries-maven-evaluation/config/policies/empty-sources-and-sinks.xml,3f2d50ad2de30a80ce3fcf7a7fd8ef57f2aa30bdd621bc753d6165b0790b27fc,timeout 20m /home/lnk85/SymmariesProjectBits/symmaries-maven-evaluation/work/pilot/RCM-07010/D1/attempt-1/workspace/mvnw -B -ntp -s /home/lnk85/SymmariesProjectBits/symmaries-maven-evaluation/config/settings-pilot-host.xml -Dmaven.repo.local=/home/lnk85/SymmariesProjectBits/symmaries-maven-evaluation/results/next-300-d1-runs/RCM-07010/D1/attempt-1/m2 -Prelease clean package -DskipTests -Dmaven.javadoc.skip -Dgpg.skip,none,false,false,true,,,,,,,results/next-300-d1-runs/RCM-07010/D1/attempt-1/maven.log,,Initial explicit-goal Symmaries pilot runner
RCM-04368,pilot-primary,D1,1,PASS,0,2026-08-08T20:50:22+00:00,2026-08-08T20:50:31+00:00,9.185,work/pilot/RCM-04368/D1/attempt-1/workspace,results/next-300-d1-runs/RCM-04368/D1/attempt-1/m2,.,benchmark-fallback,/home/lnk85/SymmariesProjectBits/symmaries-maven-evaluation/config/policies/empty-sources-and-sinks.xml,/home/lnk85/SymmariesProjectBits/symmaries-maven-evaluation/config/policies/empty-sources-and-sinks.xml,3f2d50ad2de30a80ce3fcf7a7fd8ef57f2aa30bdd621bc753d6165b0790b27fc,timeout 20m /home/lnk85/SymmariesProjectBits/symmaries-maven-evaluation/work/pilot/RCM-04368/D1/attempt-1/workspace/mvnw -B -ntp -s /home/lnk85/SymmariesProjectBits/symmaries-maven-evaluation/config/settings-pilot-host.xml -Dmaven.repo.local=/home/lnk85/SymmariesProjectBits/symmaries-maven-evaluation/results/next-300-d1-runs/RCM-04368/D1/attempt-1/m2 -Prelease-sign-artifacts clean package -DskipTests -Dmaven.javadoc.skip -Dgpg.skip -Dcyclonedx.skip,none,false,false,true,,,,,,,results/next-300-d1-runs/RCM-04368/D1/attempt-1/maven.log,,Initial explicit-goal Symmaries pilot runner
RCM-01378,pilot-primary,D1,1,PASS,0,2026-08-08T20:50:31+00:00,2026-08-08T20:52:49+00:00,137.863,work/pilot/RCM-01378/D1/attempt-1/workspace,results/next-300-d1-runs/RCM-01378/D1/attempt-1/m2,.,benchmark-fallback,/home/lnk85/SymmariesProjectBits/symmaries-maven-evaluation/config/policies/empty-sources-and-sinks.xml,/home/lnk85/SymmariesProjectBits/symmaries-maven-evaluation/config/policies/empty-sources-and-sinks.xml,3f2d50ad2de30a80ce3fcf7a7fd8ef57f2aa30bdd621bc753d6165b0790b27fc,timeout 20m /home/lnk85/SymmariesProjectBits/symmaries-maven-evaluation/work/pilot/RCM-01378/D1/attempt-1/workspace/mvnw -B -ntp -s /home/lnk85/SymmariesProjectBits/symmaries-maven-evaluation/config/settings-pilot-host.xml -Dmaven.repo.local=/home/lnk85/SymmariesProjectBits/symmaries-maven-evaluation/results/next-300-d1-runs/RCM-01378/D1/attempt-1/m2 clean package -Prelease -DskipTests -Dmaven.javadoc.skip -Dgpg.skip,none,false,false,true,,,,,,,results/next-300-d1-runs/RCM-01378/D1/attempt-1/maven.log,,Initial explicit-goal Symmaries pilot runner
RCM-03767,pilot-primary,D1,1,PASS,0,2026-08-08T20:52:49+00:00,2026-08-08T20:53:08+00:00,18.778,work/pilot/RCM-03767/D1/attempt-1/workspace,results/next-300-d1-runs/RCM-03767/D1/attempt-1/m2,.,benchmark-fallback,/home/lnk85/SymmariesProjectBits/symmaries-maven-evaluation/config/policies/empty-sources-and-sinks.xml,/home/lnk85/SymmariesProjectBits/symmaries-maven-evaluation/config/policies/empty-sources-and-sinks.xml,3f2d50ad2de30a80ce3fcf7a7fd8ef57f2aa30bdd621bc753d6165b0790b27fc,timeout 20m mvn -B -ntp -s /home/lnk85/SymmariesProjectBits/symmaries-maven-evaluation/config/settings-pilot-host.xml -Dmaven.repo.local=/home/lnk85/SymmariesProjectBits/symmaries-maven-evaluation/results/next-300-d1-runs/RCM-03767/D1/attempt-1/m2 -Pcentral clean package -DskipTests -Dmaven.javadoc.skip -Dgpg.skip,none,false,false,true,,,,,,,results/next-300-d1-runs/RCM-03767/D1/attempt-1/maven.log,,Initial explicit-goal Symmaries pilot runner
RCM-00029,pilot-primary,D1,1,PASS,0,2026-08-08T20:53:08+00:00,2026-08-08T20:53:24+00:00,16.075,work/pilot/RCM-00029/D1/attempt-1/workspace,results/next-300-d1-runs/RCM-00029/D1/attempt-1/m2,.,benchmark-fallback,/home/lnk85/SymmariesProjectBits/symmaries-maven-evaluation/config/policies/empty-sources-and-sinks.xml,/home/lnk85/SymmariesProjectBits/symmaries-maven-evaluation/config/policies/empty-sources-and-sinks.xml,3f2d50ad2de30a80ce3fcf7a7fd8ef57f2aa30bdd621bc753d6165b0790b27fc,timeout 20m mvn -B -ntp -s /home/lnk85/SymmariesProjectBits/symmaries-maven-evaluation/config/settings-pilot-host.xml -Dmaven.repo.local=/home/lnk85/SymmariesProjectBits/symmaries-maven-evaluation/results/next-300-d1-runs/RCM-00029/D1/attempt-1/m2 -Psonatype-oss-release clean package -DskipTests -Dmaven.javadoc.skip -Dgpg.skip,none,false,false,true,,,,,,,results/next-300-d1-runs/RCM-00029/D1/attempt-1/maven.log,,Initial explicit-goal Symmaries pilot runner
RCM-10001,pilot-primary,D1,1,PASS,0,2026-08-08T20:53:24+00:00,2026-08-08T20:54:10+00:00,46.33,work/pilot/RCM-10001/D1/attempt-1/workspace,results/next-300-d1-runs/RCM-10001/D1/attempt-1/m2,.,benchmark-fallback,/home/lnk85/SymmariesProjectBits/symmaries-maven-evaluation/config/policies/empty-sources-and-sinks.xml,/home/lnk85/SymmariesProjectBits/symmaries-maven-evaluation/config/policies/empty-sources-and-sinks.xml,3f2d50ad2de30a80ce3fcf7a7fd8ef57f2aa30bdd621bc753d6165b0790b27fc,timeout 20m /home/lnk85/SymmariesProjectBits/symmaries-maven-evaluation/work/pilot/RCM-10001/D1/attempt-1/workspace/mvnw -B -ntp -s /home/lnk85/SymmariesProjectBits/symmaries-maven-evaluation/config/settings-pilot-host.xml -Dmaven.repo.local=/home/lnk85/SymmariesProjectBits/symmaries-maven-evaluation/results/next-300-d1-runs/RCM-10001/D1/attempt-1/m2 -ntp clean verify -Ppublication -Dreproducible=true,none,false,false,true,,,,,,,results/next-300-d1-runs/RCM-10001/D1/attempt-1/maven.log,,Initial explicit-goal Symmaries pilot runner
RCM-07917,pilot-primary,D1,1,PASS,0,2026-08-08T20:54:10+00:00,2026-08-08T20:54:24+00:00,13.933,work/pilot/RCM-07917/D1/attempt-1/workspace,results/next-300-d1-runs/RCM-07917/D1/attempt-1/m2,.,benchmark-fallback,/home/lnk85/SymmariesProjectBits/symmaries-maven-evaluation/config/policies/empty-sources-and-sinks.xml,/home/lnk85/SymmariesProjectBits/symmaries-maven-evaluation/config/policies/empty-sources-and-sinks.xml,3f2d50ad2de30a80ce3fcf7a7fd8ef57f2aa30bdd621bc753d6165b0790b27fc,timeout 20m mvn -B -ntp -s /home/lnk85/SymmariesProjectBits/symmaries-maven-evaluation/config/settings-pilot-host.xml -Dmaven.repo.local=/home/lnk85/SymmariesProjectBits/symmaries-maven-evaluation/results/next-300-d1-runs/RCM-07917/D1/attempt-1/m2 -Prelease clean package -DskipTests -Dmaven.javadoc.skip -Dgpg.skip,none,false,false,true,,,,,,,results/next-300-d1-runs/RCM-07917/D1/attempt-1/maven.log,,Initial explicit-goal Symmaries pilot runner
RCM-07273,pilot-primary,D1,1,PASS,0,2026-08-08T20:54:24+00:00,2026-08-08T20:54:36+00:00,11.205,work/pilot/RCM-07273/D1/attempt-1/workspace,results/next-300-d1-runs/RCM-07273/D1/attempt-1/m2,.,benchmark-fallback,/home/lnk85/SymmariesProjectBits/symmaries-maven-evaluation/config/policies/empty-sources-and-sinks.xml,/home/lnk85/SymmariesProjectBits/symmaries-maven-evaluation/config/policies/empty-sources-and-sinks.xml,3f2d50ad2de30a80ce3fcf7a7fd8ef57f2aa30bdd621bc753d6165b0790b27fc,timeout 20m mvn -B -ntp -s /home/lnk85/SymmariesProjectBits/symmaries-maven-evaluation/config/settings-pilot-host.xml -Dmaven.repo.local=/home/lnk85/SymmariesProjectBits/symmaries-maven-evaluation/results/next-300-d1-runs/RCM-07273/D1/attempt-1/m2 -Papache-release clean package -DskipTests -Dmaven.javadoc.skip -Dgpg.skip,none,false,false,true,,,,,,,results/next-300-d1-runs/RCM-07273/D1/attempt-1/maven.log,,Initial explicit-goal Symmaries pilot runner
RCM-03019,pilot-primary,D1,1,PASS,0,2026-08-08T20:54:36+00:00,2026-08-08T20:54:45+00:00,9.858,work/pilot/RCM-03019/D1/attempt-1/workspace,results/next-300-d1-runs/RCM-03019/D1/attempt-1/m2,.,benchmark-fallback,/home/lnk85/SymmariesProjectBits/symmaries-maven-evaluation/config/policies/empty-sources-and-sinks.xml,/home/lnk85/SymmariesProjectBits/symmaries-maven-evaluation/config/policies/empty-sources-and-sinks.xml,3f2d50ad2de30a80ce3fcf7a7fd8ef57f2aa30bdd621bc753d6165b0790b27fc,timeout 20m /home/lnk85/SymmariesProjectBits/symmaries-maven-evaluation/work/pilot/RCM-03019/D1/attempt-1/workspace/mvnw -B -ntp -s /home/lnk85/SymmariesProjectBits/symmaries-maven-evaluation/config/settings-pilot-host.xml -Dmaven.repo.local=/home/lnk85/SymmariesProjectBits/symmaries-maven-evaluation/results/next-300-d1-runs/RCM-03019/D1/attempt-1/m2 -Pmaveniverse-release clean package -DskipTests -Dmaven.javadoc.skip -Dgpg.skip,none,false,false,true,,,,,,,results/next-300-d1-runs/RCM-03019/D1/attempt-1/maven.log,,Initial explicit-goal Symmaries pilot runner
RCM-01225,pilot-primary,D1,1,PASS,0,2026-08-08T20:54:45+00:00,2026-08-08T20:55:07+00:00,21.326,work/pilot/RCM-01225/D1/attempt-1/workspace,results/next-300-d1-runs/RCM-01225/D1/attempt-1/m2,.,benchmark-fallback,/home/lnk85/SymmariesProjectBits/symmaries-maven-evaluation/config/policies/empty-sources-and-sinks.xml,/home/lnk85/SymmariesProjectBits/symmaries-maven-evaluation/config/policies/empty-sources-and-sinks.xml,3f2d50ad2de30a80ce3fcf7a7fd8ef57f2aa30bdd621bc753d6165b0790b27fc,timeout 20m mvn -B -ntp -s /home/lnk85/SymmariesProjectBits/symmaries-maven-evaluation/config/settings-pilot-host.xml -Dmaven.repo.local=/home/lnk85/SymmariesProjectBits/symmaries-maven-evaluation/results/next-300-d1-runs/RCM-01225/D1/attempt-1/m2 -Pbase-deploy clean package -DskipTests -Dmaven.javadoc.skip -Dgpg.skip,none,false,false,true,,,,,,,results/next-300-d1-runs/RCM-01225/D1/attempt-1/maven.log,,Initial explicit-goal Symmaries pilot runner
RCM-05346,pilot-primary,D1,1,FAIL_BUILD,1,2026-08-08T20:55:07+00:00,2026-08-08T20:55:09+00:00,2.51,work/pilot/RCM-05346/D1/attempt-1/workspace,results/next-300-d1-runs/RCM-05346/D1/attempt-1/m2,.,benchmark-fallback,/home/lnk85/SymmariesProjectBits/symmaries-maven-evaluation/config/policies/empty-sources-and-sinks.xml,/home/lnk85/SymmariesProjectBits/symmaries-maven-evaluation/config/policies/empty-sources-and-sinks.xml,3f2d50ad2de30a80ce3fcf7a7fd8ef57f2aa30bdd621bc753d6165b0790b27fc,timeout 20m mvn -B -ntp -s /home/lnk85/SymmariesProjectBits/symmaries-maven-evaluation/config/settings-pilot-host.xml -Dmaven.repo.local=/home/lnk85/SymmariesProjectBits/symmaries-maven-evaluation/results/next-300-d1-runs/RCM-05346/D1/attempt-1/m2 clean package -DskipTests -Dmaven.javadoc.skip -Dgpg.skip,none,false,false,true,,,,,,,results/next-300-d1-runs/RCM-05346/D1/attempt-1/maven.log,MAVEN_OR_PLUGIN_FAILURE,Initial explicit-goal Symmaries pilot runner
RCM-10400,pilot-primary,D1,1,PASS,0,2026-08-08T20:55:09+00:00,2026-08-08T20:55:18+00:00,8.728,work/pilot/RCM-10400/D1/attempt-1/workspace,results/next-300-d1-runs/RCM-10400/D1/attempt-1/m2,.,benchmark-fallback,/home/lnk85/SymmariesProjectBits/symmaries-maven-evaluation/config/policies/empty-sources-and-sinks.xml,/home/lnk85/SymmariesProjectBits/symmaries-maven-evaluation/config/policies/empty-sources-and-sinks.xml,3f2d50ad2de30a80ce3fcf7a7fd8ef57f2aa30bdd621bc753d6165b0790b27fc,timeout 20m mvn -B -ntp -s /home/lnk85/SymmariesProjectBits/symmaries-maven-evaluation/config/settings-pilot-host.xml -Dmaven.repo.local=/home/lnk85/SymmariesProjectBits/symmaries-maven-evaluation/results/next-300-d1-runs/RCM-10400/D1/attempt-1/m2 clean package -DskipTests -Dmaven.javadoc.skip -Dgpg.skip,none,false,false,true,,,,,,,results/next-300-d1-runs/RCM-10400/D1/attempt-1/maven.log,,Initial explicit-goal Symmaries pilot runner
RCM-06909,pilot-primary,D1,1,PASS,0,2026-08-08T20:55:18+00:00,2026-08-08T20:55:45+00:00,26.948,work/pilot/RCM-06909/D1/attempt-1/workspace,results/next-300-d1-runs/RCM-06909/D1/attempt-1/m2,.,benchmark-fallback,/home/lnk85/SymmariesProjectBits/symmaries-maven-evaluation/config/policies/empty-sources-and-sinks.xml,/home/lnk85/SymmariesProjectBits/symmaries-maven-evaluation/config/policies/empty-sources-and-sinks.xml,3f2d50ad2de30a80ce3fcf7a7fd8ef57f2aa30bdd621bc753d6165b0790b27fc,timeout 20m mvn -B -ntp -s /home/lnk85/SymmariesProjectBits/symmaries-maven-evaluation/config/settings-pilot-host.xml -Dmaven.repo.local=/home/lnk85/SymmariesProjectBits/symmaries-maven-evaluation/results/next-300-d1-runs/RCM-06909/D1/attempt-1/m2 -Papache-release clean package -DskipTests -Dmaven.javadoc.skip -Dgpg.skip,none,false,false,true,,,,,,,results/next-300-d1-runs/RCM-06909/D1/attempt-1/maven.log,,Initial explicit-goal Symmaries pilot runner
RCM-02139,pilot-primary,D1,1,FAIL_BUILD,1,2026-08-08T20:55:45+00:00,2026-08-08T20:56:14+00:00,28.498,work/pilot/RCM-02139/D1/attempt-1/workspace,results/next-300-d1-runs/RCM-02139/D1/attempt-1/m2,.,benchmark-fallback,/home/lnk85/SymmariesProjectBits/symmaries-maven-evaluation/config/policies/empty-sources-and-sinks.xml,/home/lnk85/SymmariesProjectBits/symmaries-maven-evaluation/config/policies/empty-sources-and-sinks.xml,3f2d50ad2de30a80ce3fcf7a7fd8ef57f2aa30bdd621bc753d6165b0790b27fc,timeout 20m mvn -B -ntp -s /home/lnk85/SymmariesProjectBits/symmaries-maven-evaluation/config/settings-pilot-host.xml -Dmaven.repo.local=/home/lnk85/SymmariesProjectBits/symmaries-maven-evaluation/results/next-300-d1-runs/RCM-02139/D1/attempt-1/m2 -Prelease clean package -DskipTests -Dmaven.javadoc.skip -Dgpg.skip,none,false,false,true,,,,,,,results/next-300-d1-runs/RCM-02139/D1/attempt-1/maven.log,MAVEN_OR_PLUGIN_FAILURE,Initial explicit-goal Symmaries pilot runner
RCM-01347,pilot-primary,D1,1,PASS,0,2026-08-08T20:56:14+00:00,2026-08-08T20:56:28+00:00,13.827,work/pilot/RCM-01347/D1/attempt-1/workspace,results/next-300-d1-runs/RCM-01347/D1/attempt-1/m2,.,benchmark-fallback,/home/lnk85/SymmariesProjectBits/symmaries-maven-evaluation/config/policies/empty-sources-and-sinks.xml,/home/lnk85/SymmariesProjectBits/symmaries-maven-evaluation/config/policies/empty-sources-and-sinks.xml,3f2d50ad2de30a80ce3fcf7a7fd8ef57f2aa30bdd621bc753d6165b0790b27fc,timeout 20m /home/lnk85/SymmariesProjectBits/symmaries-maven-evaluation/work/pilot/RCM-01347/D1/attempt-1/workspace/mvnw -B -ntp -s /home/lnk85/SymmariesProjectBits/symmaries-maven-evaluation/config/settings-pilot-host.xml -Dmaven.repo.local=/home/lnk85/SymmariesProjectBits/symmaries-maven-evaluation/results/next-300-d1-runs/RCM-01347/D1/attempt-1/m2 clean package -DskipTests -Dmaven.javadoc.skip,none,false,false,true,,,,,,,results/next-300-d1-runs/RCM-01347/D1/attempt-1/maven.log,,Initial explicit-goal Symmaries pilot runner
RCM-06543,pilot-primary,D1,1,PASS,0,2026-08-08T20:56:28+00:00,2026-08-08T20:56:47+00:00,18.939,work/pilot/RCM-06543/D1/attempt-1/workspace,results/next-300-d1-runs/RCM-06543/D1/attempt-1/m2,.,benchmark-fallback,/home/lnk85/SymmariesProjectBits/symmaries-maven-evaluation/config/policies/empty-sources-and-sinks.xml,/home/lnk85/SymmariesProjectBits/symmaries-maven-evaluation/config/policies/empty-sources-and-sinks.xml,3f2d50ad2de30a80ce3fcf7a7fd8ef57f2aa30bdd621bc753d6165b0790b27fc,timeout 20m mvn -B -ntp -s /home/lnk85/SymmariesProjectBits/symmaries-maven-evaluation/config/settings-pilot-host.xml -Dmaven.repo.local=/home/lnk85/SymmariesProjectBits/symmaries-maven-evaluation/results/next-300-d1-runs/RCM-06543/D1/attempt-1/m2 clean verify -DskipTests -Dgpg.skip -Dmaven.javadoc.skip -Dbuildinfo.ignore=,none,false,false,true,,,,,,,results/next-300-d1-runs/RCM-06543/D1/attempt-1/maven.log,,Initial explicit-goal Symmaries pilot runner
RCM-04025,pilot-primary,D1,1,FAIL_ENVIRONMENT,-1,2026-08-08T20:56:47+00:00,2026-08-08T20:56:47+00:00,0.029,work/pilot/RCM-04025/D1/attempt-1/workspace,results/next-300-d1-runs/RCM-04025/D1/attempt-1/m2,.,,,,,,none,false,false,true,,,,,,,results/next-300-d1-runs/RCM-04025/D1/attempt-1/maven.log,RUNNER_EXCEPTION,Initial explicit-goal Symmaries pilot runner
RCM-10080,pilot-primary,D1,1,PASS,0,2026-08-08T20:56:47+00:00,2026-08-08T20:56:59+00:00,12.148,work/pilot/RCM-10080/D1/attempt-1/workspace,results/next-300-d1-runs/RCM-10080/D1/attempt-1/m2,.,benchmark-fallback,/home/lnk85/SymmariesProjectBits/symmaries-maven-evaluation/config/policies/empty-sources-and-sinks.xml,/home/lnk85/SymmariesProjectBits/symmaries-maven-evaluation/config/policies/empty-sources-and-sinks.xml,3f2d50ad2de30a80ce3fcf7a7fd8ef57f2aa30bdd621bc753d6165b0790b27fc,timeout 20m mvn -B -ntp -s /home/lnk85/SymmariesProjectBits/symmaries-maven-evaluation/config/settings-pilot-host.xml -Dmaven.repo.local=/home/lnk85/SymmariesProjectBits/symmaries-maven-evaluation/results/next-300-d1-runs/RCM-10080/D1/attempt-1/m2 clean package -DskipTests -Dmaven.javadoc.skip -Dgpg.skip,none,false,false,true,,,,,,,results/next-300-d1-runs/RCM-10080/D1/attempt-1/maven.log,,Initial explicit-goal Symmaries pilot runner
RCM-05589,pilot-primary,D1,1,FAIL_BUILD,1,2026-08-08T20:56:59+00:00,2026-08-08T20:57:05+00:00,5.743,work/pilot/RCM-05589/D1/attempt-1/workspace,results/next-300-d1-runs/RCM-05589/D1/attempt-1/m2,.,benchmark-fallback,/home/lnk85/SymmariesProjectBits/symmaries-maven-evaluation/config/policies/empty-sources-and-sinks.xml,/home/lnk85/SymmariesProjectBits/symmaries-maven-evaluation/config/policies/empty-sources-and-sinks.xml,3f2d50ad2de30a80ce3fcf7a7fd8ef57f2aa30bdd621bc753d6165b0790b27fc,timeout 20m mvn -B -ntp -s /home/lnk85/SymmariesProjectBits/symmaries-maven-evaluation/config/settings-pilot-host.xml -Dmaven.repo.local=/home/lnk85/SymmariesProjectBits/symmaries-maven-evaluation/results/next-300-d1-runs/RCM-05589/D1/attempt-1/m2 -Pio.wcm clean package -DskipTests -Dmaven.javadoc.skip '-Dtimestamp=${timestamp}',none,false,false,true,,,,,,,results/next-300-d1-runs/RCM-05589/D1/attempt-1/maven.log,MAVEN_OR_PLUGIN_FAILURE,Initial explicit-goal Symmaries pilot runner
RCM-01341,pilot-primary,D1,1,PASS,0,2026-08-08T20:57:05+00:00,2026-08-08T20:57:27+00:00,22.227,work/pilot/RCM-01341/D1/attempt-1/workspace,results/next-300-d1-runs/RCM-01341/D1/attempt-1/m2,.,benchmark-fallback,/home/lnk85/SymmariesProjectBits/symmaries-maven-evaluation/config/policies/empty-sources-and-sinks.xml,/home/lnk85/SymmariesProjectBits/symmaries-maven-evaluation/config/policies/empty-sources-and-sinks.xml,3f2d50ad2de30a80ce3fcf7a7fd8ef57f2aa30bdd621bc753d6165b0790b27fc,timeout 20m /home/lnk85/SymmariesProjectBits/symmaries-maven-evaluation/work/pilot/RCM-01341/D1/attempt-1/workspace/mvnw -B -ntp -s /home/lnk85/SymmariesProjectBits/symmaries-maven-evaluation/config/settings-pilot-host.xml -Dmaven.repo.local=/home/lnk85/SymmariesProjectBits/symmaries-maven-evaluation/results/next-300-d1-runs/RCM-01341/D1/attempt-1/m2 clean package -DskipTests -Dmaven.javadoc.skip,none,false,false,true,,,,,,,results/next-300-d1-runs/RCM-01341/D1/attempt-1/maven.log,,Initial explicit-goal Symmaries pilot runner
RCM-01215,pilot-primary,D1,1,FAIL_BUILD,1,2026-08-08T20:57:27+00:00,2026-08-08T20:57:30+00:00,2.946,work/pilot/RCM-01215/D1/attempt-1/workspace,results/next-300-d1-runs/RCM-01215/D1/attempt-1/m2,.,benchmark-fallback,/home/lnk85/SymmariesProjectBits/symmaries-maven-evaluation/config/policies/empty-sources-and-sinks.xml,/home/lnk85/SymmariesProjectBits/symmaries-maven-evaluation/config/policies/empty-sources-and-sinks.xml,3f2d50ad2de30a80ce3fcf7a7fd8ef57f2aa30bdd621bc753d6165b0790b27fc,timeout 20m mvn -B -ntp -s /home/lnk85/SymmariesProjectBits/symmaries-maven-evaluation/config/settings-pilot-host.xml -Dmaven.repo.local=/home/lnk85/SymmariesProjectBits/symmaries-maven-evaluation/results/next-300-d1-runs/RCM-01215/D1/attempt-1/m2 -Pbase-deploy clean package -DskipTests -Dmaven.javadoc.skip -Dgpg.skip,none,false,false,true,,,,,,,results/next-300-d1-runs/RCM-01215/D1/attempt-1/maven.log,MAVEN_OR_PLUGIN_FAILURE,Initial explicit-goal Symmaries pilot runner
RCM-01186,pilot-primary,D1,1,PASS,0,2026-08-08T20:57:30+00:00,2026-08-08T20:57:37+00:00,7.401,work/pilot/RCM-01186/D1/attempt-1/workspace,results/next-300-d1-runs/RCM-01186/D1/attempt-1/m2,.,benchmark-fallback,/home/lnk85/SymmariesProjectBits/symmaries-maven-evaluation/config/policies/empty-sources-and-sinks.xml,/home/lnk85/SymmariesProjectBits/symmaries-maven-evaluation/config/policies/empty-sources-and-sinks.xml,3f2d50ad2de30a80ce3fcf7a7fd8ef57f2aa30bdd621bc753d6165b0790b27fc,timeout 20m mvn -B -ntp -s /home/lnk85/SymmariesProjectBits/symmaries-maven-evaluation/config/settings-pilot-host.xml -Dmaven.repo.local=/home/lnk85/SymmariesProjectBits/symmaries-maven-evaluation/results/next-300-d1-runs/RCM-01186/D1/attempt-1/m2 clean package -DskipTests -Dmaven.javadoc.skip,none,false,false,true,,,,,,,results/next-300-d1-runs/RCM-01186/D1/attempt-1/maven.log,,Initial explicit-goal Symmaries pilot runner
RCM-01685,pilot-primary,D1,1,PASS,0,2026-08-08T20:57:37+00:00,2026-08-08T20:57:53+00:00,15.75,work/pilot/RCM-01685/D1/attempt-1/workspace,results/next-300-d1-runs/RCM-01685/D1/attempt-1/m2,.,benchmark-fallback,/home/lnk85/SymmariesProjectBits/symmaries-maven-evaluation/config/policies/empty-sources-and-sinks.xml,/home/lnk85/SymmariesProjectBits/symmaries-maven-evaluation/config/policies/empty-sources-and-sinks.xml,3f2d50ad2de30a80ce3fcf7a7fd8ef57f2aa30bdd621bc753d6165b0790b27fc,timeout 20m /home/lnk85/SymmariesProjectBits/symmaries-maven-evaluation/work/pilot/RCM-01685/D1/attempt-1/workspace/mvnw -B -ntp -s /home/lnk85/SymmariesProjectBits/symmaries-maven-evaluation/config/settings-pilot-host.xml -Dmaven.repo.local=/home/lnk85/SymmariesProjectBits/symmaries-maven-evaluation/results/next-300-d1-runs/RCM-01685/D1/attempt-1/m2 -Ppublication clean package -DskipTests -Dmaven.javadoc.skip -Dgpg.skip,none,false,false,true,,,,,,,results/next-300-d1-runs/RCM-01685/D1/attempt-1/maven.log,,Initial explicit-goal Symmaries pilot runner
RCM-02148,pilot-primary,D1,1,FAIL_BUILD,1,2026-08-08T20:57:53+00:00,2026-08-08T21:01:55+00:00,241.76,work/pilot/RCM-02148/D1/attempt-1/workspace,results/next-300-d1-runs/RCM-02148/D1/attempt-1/m2,.,benchmark-fallback,/home/lnk85/SymmariesProjectBits/symmaries-maven-evaluation/config/policies/empty-sources-and-sinks.xml,/home/lnk85/SymmariesProjectBits/symmaries-maven-evaluation/config/policies/empty-sources-and-sinks.xml,3f2d50ad2de30a80ce3fcf7a7fd8ef57f2aa30bdd621bc753d6165b0790b27fc,timeout 20m mvn -B -ntp -s /home/lnk85/SymmariesProjectBits/symmaries-maven-evaluation/config/settings-pilot-host.xml -Dmaven.repo.local=/home/lnk85/SymmariesProjectBits/symmaries-maven-evaluation/results/next-300-d1-runs/RCM-02148/D1/attempt-1/m2 -Prelease clean package -DskipTests -Dmaven.javadoc.skip -Dgpg.skip,none,false,false,true,,,,,,,results/next-300-d1-runs/RCM-02148/D1/attempt-1/maven.log,MAVEN_OR_PLUGIN_FAILURE,Initial explicit-goal Symmaries pilot runner
RCM-06436,pilot-primary,D1,1,PASS,0,2026-08-08T21:01:55+00:00,2026-08-08T21:09:24+00:00,449.372,work/pilot/RCM-06436/D1/attempt-1/workspace,results/next-300-d1-runs/RCM-06436/D1/attempt-1/m2,.,benchmark-fallback,/home/lnk85/SymmariesProjectBits/symmaries-maven-evaluation/config/policies/empty-sources-and-sinks.xml,/home/lnk85/SymmariesProjectBits/symmaries-maven-evaluation/config/policies/empty-sources-and-sinks.xml,3f2d50ad2de30a80ce3fcf7a7fd8ef57f2aa30bdd621bc753d6165b0790b27fc,timeout 20m /home/lnk85/SymmariesProjectBits/symmaries-maven-evaluation/work/pilot/RCM-06436/D1/attempt-1/workspace/mvnw -B -ntp -s /home/lnk85/SymmariesProjectBits/symmaries-maven-evaluation/config/settings-pilot-host.xml -Dmaven.repo.local=/home/lnk85/SymmariesProjectBits/symmaries-maven-evaluation/results/next-300-d1-runs/RCM-06436/D1/attempt-1/m2 -Papache-release clean package -DskipTests -Dmaven.javadoc.skip -Dgpg.skip,none,false,false,true,,,,,,,results/next-300-d1-runs/RCM-06436/D1/attempt-1/maven.log,,Initial explicit-goal Symmaries pilot runner
RCM-05001,pilot-primary,D1,1,PASS,0,2026-08-08T21:09:25+00:00,2026-08-08T21:09:54+00:00,29.29,work/pilot/RCM-05001/D1/attempt-1/workspace,results/next-300-d1-runs/RCM-05001/D1/attempt-1/m2,.,benchmark-fallback,/home/lnk85/SymmariesProjectBits/symmaries-maven-evaluation/config/policies/empty-sources-and-sinks.xml,/home/lnk85/SymmariesProjectBits/symmaries-maven-evaluation/config/policies/empty-sources-and-sinks.xml,3f2d50ad2de30a80ce3fcf7a7fd8ef57f2aa30bdd621bc753d6165b0790b27fc,timeout 20m /home/lnk85/SymmariesProjectBits/symmaries-maven-evaluation/work/pilot/RCM-05001/D1/attempt-1/workspace/mvnw -B -ntp -s /home/lnk85/SymmariesProjectBits/symmaries-maven-evaluation/config/settings-pilot-host.xml -Dmaven.repo.local=/home/lnk85/SymmariesProjectBits/symmaries-maven-evaluation/results/next-300-d1-runs/RCM-05001/D1/attempt-1/m2 -Prelease clean package -DskipTests -Dmaven.javadoc.skip -Dgpg.skip,none,false,false,true,,,,,,,results/next-300-d1-runs/RCM-05001/D1/attempt-1/maven.log,,Initial explicit-goal Symmaries pilot runner
RCM-00924,pilot-primary,D1,1,PASS,0,2026-08-08T21:09:54+00:00,2026-08-08T21:11:27+00:00,93.614,work/pilot/RCM-00924/D1/attempt-1/workspace,results/next-300-d1-runs/RCM-00924/D1/attempt-1/m2,.,benchmark-fallback,/home/lnk85/SymmariesProjectBits/symmaries-maven-evaluation/config/policies/empty-sources-and-sinks.xml,/home/lnk85/SymmariesProjectBits/symmaries-maven-evaluation/config/policies/empty-sources-and-sinks.xml,3f2d50ad2de30a80ce3fcf7a7fd8ef57f2aa30bdd621bc753d6165b0790b27fc,timeout 20m /home/lnk85/SymmariesProjectBits/symmaries-maven-evaluation/work/pilot/RCM-00924/D1/attempt-1/workspace/mvnw -B -ntp -s /home/lnk85/SymmariesProjectBits/symmaries-maven-evaluation/config/settings-pilot-host.xml -Dmaven.repo.local=/home/lnk85/SymmariesProjectBits/symmaries-maven-evaluation/results/next-300-d1-runs/RCM-00924/D1/attempt-1/m2 -Papache-release clean package -DskipTests -Dmaven.javadoc.skip -Dgpg.skip -Dlicense.skip,none,false,false,true,,,,,,,results/next-300-d1-runs/RCM-00924/D1/attempt-1/maven.log,,Initial explicit-goal Symmaries pilot runner
RCM-10386,pilot-primary,D1,1,PASS,0,2026-08-08T21:11:28+00:00,2026-08-08T21:17:37+00:00,369.507,work/pilot/RCM-10386/D1/attempt-1/workspace,results/next-300-d1-runs/RCM-10386/D1/attempt-1/m2,.,benchmark-fallback,/home/lnk85/SymmariesProjectBits/symmaries-maven-evaluation/config/policies/empty-sources-and-sinks.xml,/home/lnk85/SymmariesProjectBits/symmaries-maven-evaluation/config/policies/empty-sources-and-sinks.xml,3f2d50ad2de30a80ce3fcf7a7fd8ef57f2aa30bdd621bc753d6165b0790b27fc,timeout 20m mvn -B -ntp -s /home/lnk85/SymmariesProjectBits/symmaries-maven-evaluation/config/settings-pilot-host.xml -Dmaven.repo.local=/home/lnk85/SymmariesProjectBits/symmaries-maven-evaluation/results/next-300-d1-runs/RCM-10386/D1/attempt-1/m2 -Pdocs clean package -DskipTests -Dgpg.skip,none,false,false,true,,,,,,,results/next-300-d1-runs/RCM-10386/D1/attempt-1/maven.log,,Initial explicit-goal Symmaries pilot runner
RCM-02550,pilot-primary,D1,1,PASS,0,2026-08-08T21:17:37+00:00,2026-08-08T21:17:50+00:00,12.691,work/pilot/RCM-02550/D1/attempt-1/workspace,results/next-300-d1-runs/RCM-02550/D1/attempt-1/m2,.,benchmark-fallback,/home/lnk85/SymmariesProjectBits/symmaries-maven-evaluation/config/policies/empty-sources-and-sinks.xml,/home/lnk85/SymmariesProjectBits/symmaries-maven-evaluation/config/policies/empty-sources-and-sinks.xml,3f2d50ad2de30a80ce3fcf7a7fd8ef57f2aa30bdd621bc753d6165b0790b27fc,timeout 20m /home/lnk85/SymmariesProjectBits/symmaries-maven-evaluation/work/pilot/RCM-02550/D1/attempt-1/workspace/mvnw -B -ntp -s /home/lnk85/SymmariesProjectBits/symmaries-maven-evaluation/config/settings-pilot-host.xml -Dmaven.repo.local=/home/lnk85/SymmariesProjectBits/symmaries-maven-evaluation/results/next-300-d1-runs/RCM-02550/D1/attempt-1/m2 -Prelease clean package -DskipTests -Dmaven.javadoc.skip -Dgpg.skip,none,false,false,true,,,,,,,results/next-300-d1-runs/RCM-02550/D1/attempt-1/maven.log,,Initial explicit-goal Symmaries pilot runner
RCM-00141,pilot-primary,D1,1,PASS,0,2026-08-08T21:17:50+00:00,2026-08-08T21:18:40+00:00,50.143,work/pilot/RCM-00141/D1/attempt-1/workspace,results/next-300-d1-runs/RCM-00141/D1/attempt-1/m2,.,benchmark-fallback,/home/lnk85/SymmariesProjectBits/symmaries-maven-evaluation/config/policies/empty-sources-and-sinks.xml,/home/lnk85/SymmariesProjectBits/symmaries-maven-evaluation/config/policies/empty-sources-and-sinks.xml,3f2d50ad2de30a80ce3fcf7a7fd8ef57f2aa30bdd621bc753d6165b0790b27fc,timeout 20m /home/lnk85/SymmariesProjectBits/symmaries-maven-evaluation/work/pilot/RCM-00141/D1/attempt-1/workspace/mvnw -B -ntp -s /home/lnk85/SymmariesProjectBits/symmaries-maven-evaluation/config/settings-pilot-host.xml -Dmaven.repo.local=/home/lnk85/SymmariesProjectBits/symmaries-maven-evaluation/results/next-300-d1-runs/RCM-00141/D1/attempt-1/m2 -Prelease clean package -DskipTests -Dmaven.javadoc.skip -Dgpg.skip,none,false,false,true,,,,,,,results/next-300-d1-runs/RCM-00141/D1/attempt-1/maven.log,,Initial explicit-goal Symmaries pilot runner
RCM-07480,pilot-primary,D1,1,PASS,0,2026-08-08T21:18:40+00:00,2026-08-08T21:18:55+00:00,14.526,work/pilot/RCM-07480/D1/attempt-1/workspace,results/next-300-d1-runs/RCM-07480/D1/attempt-1/m2,.,benchmark-fallback,/home/lnk85/SymmariesProjectBits/symmaries-maven-evaluation/config/policies/empty-sources-and-sinks.xml,/home/lnk85/SymmariesProjectBits/symmaries-maven-evaluation/config/policies/empty-sources-and-sinks.xml,3f2d50ad2de30a80ce3fcf7a7fd8ef57f2aa30bdd621bc753d6165b0790b27fc,timeout 20m mvn -B -ntp -s /home/lnk85/SymmariesProjectBits/symmaries-maven-evaluation/config/settings-pilot-host.xml -Dmaven.repo.local=/home/lnk85/SymmariesProjectBits/symmaries-maven-evaluation/results/next-300-d1-runs/RCM-07480/D1/attempt-1/m2 -Papache-release clean package -DskipTests -Dmaven.javadoc.skip -Dgpg.skip -Dspotless.skip,none,false,false,true,,,,,,,results/next-300-d1-runs/RCM-07480/D1/attempt-1/maven.log,,Initial explicit-goal Symmaries pilot runner
RCM-10075,pilot-primary,D1,1,PASS,0,2026-08-08T21:18:55+00:00,2026-08-08T21:19:06+00:00,11.778,work/pilot/RCM-10075/D1/attempt-1/workspace,results/next-300-d1-runs/RCM-10075/D1/attempt-1/m2,.,benchmark-fallback,/home/lnk85/SymmariesProjectBits/symmaries-maven-evaluation/config/policies/empty-sources-and-sinks.xml,/home/lnk85/SymmariesProjectBits/symmaries-maven-evaluation/config/policies/empty-sources-and-sinks.xml,3f2d50ad2de30a80ce3fcf7a7fd8ef57f2aa30bdd621bc753d6165b0790b27fc,timeout 20m mvn -B -ntp -s /home/lnk85/SymmariesProjectBits/symmaries-maven-evaluation/config/settings-pilot-host.xml -Dmaven.repo.local=/home/lnk85/SymmariesProjectBits/symmaries-maven-evaluation/results/next-300-d1-runs/RCM-10075/D1/attempt-1/m2 clean package -DskipTests -Dmaven.javadoc.skip -Dgpg.skip,none,false,false,true,,,,,,,results/next-300-d1-runs/RCM-10075/D1/attempt-1/maven.log,,Initial explicit-goal Symmaries pilot runner
RCM-09423,pilot-primary,D1,1,FAIL_BUILD,1,2026-08-08T21:19:06+00:00,2026-08-08T21:19:08+00:00,1.274,work/pilot/RCM-09423/D1/attempt-1/workspace,results/next-300-d1-runs/RCM-09423/D1/attempt-1/m2,.,benchmark-fallback,/home/lnk85/SymmariesProjectBits/symmaries-maven-evaluation/config/policies/empty-sources-and-sinks.xml,/home/lnk85/SymmariesProjectBits/symmaries-maven-evaluation/config/policies/empty-sources-and-sinks.xml,3f2d50ad2de30a80ce3fcf7a7fd8ef57f2aa30bdd621bc753d6165b0790b27fc,timeout 20m /home/lnk85/SymmariesProjectBits/symmaries-maven-evaluation/work/pilot/RCM-09423/D1/attempt-1/workspace/mvnw -B -ntp -s /home/lnk85/SymmariesProjectBits/symmaries-maven-evaluation/config/settings-pilot-host.xml -Dmaven.repo.local=/home/lnk85/SymmariesProjectBits/symmaries-maven-evaluation/results/next-300-d1-runs/RCM-09423/D1/attempt-1/m2 clean verify -DskipTests -Dmaven.javadoc.skip -Dgpg.skip '-Drevision=${version}',none,false,false,true,,,,,,,results/next-300-d1-runs/RCM-09423/D1/attempt-1/maven.log,MAVEN_OR_PLUGIN_FAILURE,Initial explicit-goal Symmaries pilot runner
RCM-08879,pilot-primary,D1,1,PASS,0,2026-08-08T21:19:08+00:00,2026-08-08T21:19:26+00:00,18.644,work/pilot/RCM-08879/D1/attempt-1/workspace,results/next-300-d1-runs/RCM-08879/D1/attempt-1/m2,.,benchmark-fallback,/home/lnk85/SymmariesProjectBits/symmaries-maven-evaluation/config/policies/empty-sources-and-sinks.xml,/home/lnk85/SymmariesProjectBits/symmaries-maven-evaluation/config/policies/empty-sources-and-sinks.xml,3f2d50ad2de30a80ce3fcf7a7fd8ef57f2aa30bdd621bc753d6165b0790b27fc,timeout 20m mvn -B -ntp -s /home/lnk85/SymmariesProjectBits/symmaries-maven-evaluation/config/settings-pilot-host.xml -Dmaven.repo.local=/home/lnk85/SymmariesProjectBits/symmaries-maven-evaluation/results/next-300-d1-runs/RCM-08879/D1/attempt-1/m2 -ntp -B clean package -Dmaven.test.skip=true -Dmaven.javadoc.skip -Dgpg.skip source:jar,none,false,false,true,,,,,,,results/next-300-d1-runs/RCM-08879/D1/attempt-1/maven.log,,Initial explicit-goal Symmaries pilot runner
RCM-06025,pilot-primary,D1,1,FAIL_BUILD,1,2026-08-08T21:19:26+00:00,2026-08-08T21:20:07+00:00,40.921,work/pilot/RCM-06025/D1/attempt-1/workspace,results/next-300-d1-runs/RCM-06025/D1/attempt-1/m2,.,benchmark-fallback,/home/lnk85/SymmariesProjectBits/symmaries-maven-evaluation/config/policies/empty-sources-and-sinks.xml,/home/lnk85/SymmariesProjectBits/symmaries-maven-evaluation/config/policies/empty-sources-and-sinks.xml,3f2d50ad2de30a80ce3fcf7a7fd8ef57f2aa30bdd621bc753d6165b0790b27fc,timeout 20m /home/lnk85/SymmariesProjectBits/symmaries-maven-evaluation/work/pilot/RCM-06025/D1/attempt-1/workspace/mvnw -B -ntp -s /home/lnk85/SymmariesProjectBits/symmaries-maven-evaluation/config/settings-pilot-host.xml -Dmaven.repo.local=/home/lnk85/SymmariesProjectBits/symmaries-maven-evaluation/results/next-300-d1-runs/RCM-06025/D1/attempt-1/m2 -Pshading clean package -DskipTests -Dmaven.javadoc.skip -Dgpg.skip,none,false,false,true,,,,,,,results/next-300-d1-runs/RCM-06025/D1/attempt-1/maven.log,MAVEN_OR_PLUGIN_FAILURE,Initial explicit-goal Symmaries pilot runner
RCM-03842,pilot-primary,D1,1,FAIL_ENVIRONMENT,-1,2026-08-08T21:20:07+00:00,2026-08-08T21:20:08+00:00,0.037,work/pilot/RCM-03842/D1/attempt-1/workspace,results/next-300-d1-runs/RCM-03842/D1/attempt-1/m2,.,,,,,,none,false,false,true,,,,,,,results/next-300-d1-runs/RCM-03842/D1/attempt-1/maven.log,RUNNER_EXCEPTION,Initial explicit-goal Symmaries pilot runner
RCM-01361,pilot-primary,D1,1,PASS,0,2026-08-08T21:20:08+00:00,2026-08-08T21:20:24+00:00,16.441,work/pilot/RCM-01361/D1/attempt-1/workspace,results/next-300-d1-runs/RCM-01361/D1/attempt-1/m2,.,benchmark-fallback,/home/lnk85/SymmariesProjectBits/symmaries-maven-evaluation/config/policies/empty-sources-and-sinks.xml,/home/lnk85/SymmariesProjectBits/symmaries-maven-evaluation/config/policies/empty-sources-and-sinks.xml,3f2d50ad2de30a80ce3fcf7a7fd8ef57f2aa30bdd621bc753d6165b0790b27fc,timeout 20m mvn -B -ntp -s /home/lnk85/SymmariesProjectBits/symmaries-maven-evaluation/config/settings-pilot-host.xml -Dmaven.repo.local=/home/lnk85/SymmariesProjectBits/symmaries-maven-evaluation/results/next-300-d1-runs/RCM-01361/D1/attempt-1/m2 -Papache-release clean package -DskipTests -Dmaven.javadoc.skip -Dgpg.skip,none,false,false,true,,,,,,,results/next-300-d1-runs/RCM-01361/D1/attempt-1/maven.log,,Initial explicit-goal Symmaries pilot runner
RCM-05609,pilot-primary,D1,1,FAIL_BUILD,1,2026-08-08T21:20:24+00:00,2026-08-08T21:20:27+00:00,2.735,work/pilot/RCM-05609/D1/attempt-1/workspace,results/next-300-d1-runs/RCM-05609/D1/attempt-1/m2,.,benchmark-fallback,/home/lnk85/SymmariesProjectBits/symmaries-maven-evaluation/config/policies/empty-sources-and-sinks.xml,/home/lnk85/SymmariesProjectBits/symmaries-maven-evaluation/config/policies/empty-sources-and-sinks.xml,3f2d50ad2de30a80ce3fcf7a7fd8ef57f2aa30bdd621bc753d6165b0790b27fc,timeout 20m mvn -B -ntp -s /home/lnk85/SymmariesProjectBits/symmaries-maven-evaluation/config/settings-pilot-host.xml -Dmaven.repo.local=/home/lnk85/SymmariesProjectBits/symmaries-maven-evaluation/results/next-300-d1-runs/RCM-05609/D1/attempt-1/m2 -Pio.wcm clean package -DskipTests -Dmaven.buildNumber.skip '-DbuildNumber=${buildNumber}' '-Dtimestamp=${timestamp}',none,false,false,true,,,,,,,results/next-300-d1-runs/RCM-05609/D1/attempt-1/maven.log,MAVEN_OR_PLUGIN_FAILURE,Initial explicit-goal Symmaries pilot runner
RCM-06379,pilot-primary,D1,1,PASS,0,2026-08-08T21:20:27+00:00,2026-08-08T21:21:55+00:00,88.576,work/pilot/RCM-06379/D1/attempt-1/workspace,results/next-300-d1-runs/RCM-06379/D1/attempt-1/m2,.,benchmark-fallback,/home/lnk85/SymmariesProjectBits/symmaries-maven-evaluation/config/policies/empty-sources-and-sinks.xml,/home/lnk85/SymmariesProjectBits/symmaries-maven-evaluation/config/policies/empty-sources-and-sinks.xml,3f2d50ad2de30a80ce3fcf7a7fd8ef57f2aa30bdd621bc753d6165b0790b27fc,timeout 20m mvn -B -ntp -s /home/lnk85/SymmariesProjectBits/symmaries-maven-evaluation/config/settings-pilot-host.xml -Dmaven.repo.local=/home/lnk85/SymmariesProjectBits/symmaries-maven-evaluation/results/next-300-d1-runs/RCM-06379/D1/attempt-1/m2 -Papache-release clean package -DskipTests -Dmaven.javadoc.skip -Dgpg.skip -Dossindex.skip,none,false,false,true,,,,,,,results/next-300-d1-runs/RCM-06379/D1/attempt-1/maven.log,,Initial explicit-goal Symmaries pilot runner
RCM-10986,pilot-primary,D1,1,PASS,0,2026-08-08T21:21:55+00:00,2026-08-08T21:22:08+00:00,12.039,work/pilot/RCM-10986/D1/attempt-1/workspace,results/next-300-d1-runs/RCM-10986/D1/attempt-1/m2,.,benchmark-fallback,/home/lnk85/SymmariesProjectBits/symmaries-maven-evaluation/config/policies/empty-sources-and-sinks.xml,/home/lnk85/SymmariesProjectBits/symmaries-maven-evaluation/config/policies/empty-sources-and-sinks.xml,3f2d50ad2de30a80ce3fcf7a7fd8ef57f2aa30bdd621bc753d6165b0790b27fc,timeout 20m /home/lnk85/SymmariesProjectBits/symmaries-maven-evaluation/work/pilot/RCM-10986/D1/attempt-1/workspace/mvnw -B -ntp -s /home/lnk85/SymmariesProjectBits/symmaries-maven-evaluation/config/settings-pilot-host.xml -Dmaven.repo.local=/home/lnk85/SymmariesProjectBits/symmaries-maven-evaluation/results/next-300-d1-runs/RCM-10986/D1/attempt-1/m2 -Prelease clean package -DskipTests -Dmaven.javadoc.skip -Dgpg.skip -Dbuildinfo.ignore=,none,false,false,true,,,,,,,results/next-300-d1-runs/RCM-10986/D1/attempt-1/maven.log,,Initial explicit-goal Symmaries pilot runner
RCM-06971,pilot-primary,D1,1,PASS,0,2026-08-08T21:22:08+00:00,2026-08-08T21:23:08+00:00,60.248,work/pilot/RCM-06971/D1/attempt-1/workspace,results/next-300-d1-runs/RCM-06971/D1/attempt-1/m2,.,benchmark-fallback,/home/lnk85/SymmariesProjectBits/symmaries-maven-evaluation/config/policies/empty-sources-and-sinks.xml,/home/lnk85/SymmariesProjectBits/symmaries-maven-evaluation/config/policies/empty-sources-and-sinks.xml,3f2d50ad2de30a80ce3fcf7a7fd8ef57f2aa30bdd621bc753d6165b0790b27fc,timeout 20m mvn -B -ntp -s /home/lnk85/SymmariesProjectBits/symmaries-maven-evaluation/config/settings-pilot-host.xml -Dmaven.repo.local=/home/lnk85/SymmariesProjectBits/symmaries-maven-evaluation/results/next-300-d1-runs/RCM-06971/D1/attempt-1/m2 -Papache-release clean package -DskipTests -Dmaven.javadoc.skip -Dgpg.skip,none,false,false,true,,,,,,,results/next-300-d1-runs/RCM-06971/D1/attempt-1/maven.log,,Initial explicit-goal Symmaries pilot runner
RCM-07533,pilot-primary,D1,1,PASS,0,2026-08-08T21:23:08+00:00,2026-08-08T21:23:23+00:00,15.387,work/pilot/RCM-07533/D1/attempt-1/workspace,results/next-300-d1-runs/RCM-07533/D1/attempt-1/m2,.,benchmark-fallback,/home/lnk85/SymmariesProjectBits/symmaries-maven-evaluation/config/policies/empty-sources-and-sinks.xml,/home/lnk85/SymmariesProjectBits/symmaries-maven-evaluation/config/policies/empty-sources-and-sinks.xml,3f2d50ad2de30a80ce3fcf7a7fd8ef57f2aa30bdd621bc753d6165b0790b27fc,timeout 20m mvn -B -ntp -s /home/lnk85/SymmariesProjectBits/symmaries-maven-evaluation/config/settings-pilot-host.xml -Dmaven.repo.local=/home/lnk85/SymmariesProjectBits/symmaries-maven-evaluation/results/next-300-d1-runs/RCM-07533/D1/attempt-1/m2 -Papache-release clean package -DskipTests -Dmaven.javadoc.skip -Dgpg.skip,none,false,false,true,,,,,,,results/next-300-d1-runs/RCM-07533/D1/attempt-1/maven.log,,Initial explicit-goal Symmaries pilot runner
RCM-10638,pilot-primary,D1,1,PASS,0,2026-08-08T21:23:23+00:00,2026-08-08T21:23:32+00:00,8.355,work/pilot/RCM-10638/D1/attempt-1/workspace,results/next-300-d1-runs/RCM-10638/D1/attempt-1/m2,.,benchmark-fallback,/home/lnk85/SymmariesProjectBits/symmaries-maven-evaluation/config/policies/empty-sources-and-sinks.xml,/home/lnk85/SymmariesProjectBits/symmaries-maven-evaluation/config/policies/empty-sources-and-sinks.xml,3f2d50ad2de30a80ce3fcf7a7fd8ef57f2aa30bdd621bc753d6165b0790b27fc,timeout 20m mvn -B -ntp -s /home/lnk85/SymmariesProjectBits/symmaries-maven-evaluation/config/settings-pilot-host.xml -Dmaven.repo.local=/home/lnk85/SymmariesProjectBits/symmaries-maven-evaluation/results/next-300-d1-runs/RCM-10638/D1/attempt-1/m2 clean package -DskipTests -Dmaven.javadoc.skip -Dgpg.skip,none,false,false,true,,,,,,,results/next-300-d1-runs/RCM-10638/D1/attempt-1/maven.log,,Initial explicit-goal Symmaries pilot runner
RCM-07408,pilot-primary,D1,1,PASS,0,2026-08-08T21:23:32+00:00,2026-08-08T21:23:58+00:00,26.572,work/pilot/RCM-07408/D1/attempt-1/workspace,results/next-300-d1-runs/RCM-07408/D1/attempt-1/m2,.,benchmark-fallback,/home/lnk85/SymmariesProjectBits/symmaries-maven-evaluation/config/policies/empty-sources-and-sinks.xml,/home/lnk85/SymmariesProjectBits/symmaries-maven-evaluation/config/policies/empty-sources-and-sinks.xml,3f2d50ad2de30a80ce3fcf7a7fd8ef57f2aa30bdd621bc753d6165b0790b27fc,timeout 20m mvn -B -ntp -s /home/lnk85/SymmariesProjectBits/symmaries-maven-evaluation/config/settings-pilot-host.xml -Dmaven.repo.local=/home/lnk85/SymmariesProjectBits/symmaries-maven-evaluation/results/next-300-d1-runs/RCM-07408/D1/attempt-1/m2 -Papache-release clean package -DskipTests -Dmaven.javadoc.skip -Dgpg.skip -Dbuildinfo.ignore=,none,false,false,true,,,,,,,results/next-300-d1-runs/RCM-07408/D1/attempt-1/maven.log,,Initial explicit-goal Symmaries pilot runner
RCM-10720,pilot-primary,D1,1,PASS,0,2026-08-08T21:23:58+00:00,2026-08-08T21:24:09+00:00,10.223,work/pilot/RCM-10720/D1/attempt-1/workspace,results/next-300-d1-runs/RCM-10720/D1/attempt-1/m2,.,benchmark-fallback,/home/lnk85/SymmariesProjectBits/symmaries-maven-evaluation/config/policies/empty-sources-and-sinks.xml,/home/lnk85/SymmariesProjectBits/symmaries-maven-evaluation/config/policies/empty-sources-and-sinks.xml,3f2d50ad2de30a80ce3fcf7a7fd8ef57f2aa30bdd621bc753d6165b0790b27fc,timeout 20m mvn -B -ntp -s /home/lnk85/SymmariesProjectBits/symmaries-maven-evaluation/config/settings-pilot-host.xml -Dmaven.repo.local=/home/lnk85/SymmariesProjectBits/symmaries-maven-evaluation/results/next-300-d1-runs/RCM-10720/D1/attempt-1/m2 clean package -DskipTests -Dmaven.javadoc.skip -Dgpg.skip,none,false,false,true,,,,,,,results/next-300-d1-runs/RCM-10720/D1/attempt-1/maven.log,,Initial explicit-goal Symmaries pilot runner
RCM-10726,pilot-primary,D1,1,PASS,0,2026-08-08T21:24:09+00:00,2026-08-08T21:24:25+00:00,15.96,work/pilot/RCM-10726/D1/attempt-1/workspace,results/next-300-d1-runs/RCM-10726/D1/attempt-1/m2,.,benchmark-fallback,/home/lnk85/SymmariesProjectBits/symmaries-maven-evaluation/config/policies/empty-sources-and-sinks.xml,/home/lnk85/SymmariesProjectBits/symmaries-maven-evaluation/config/policies/empty-sources-and-sinks.xml,3f2d50ad2de30a80ce3fcf7a7fd8ef57f2aa30bdd621bc753d6165b0790b27fc,timeout 20m mvn -B -ntp -s /home/lnk85/SymmariesProjectBits/symmaries-maven-evaluation/config/settings-pilot-host.xml -Dmaven.repo.local=/home/lnk85/SymmariesProjectBits/symmaries-maven-evaluation/results/next-300-d1-runs/RCM-10726/D1/attempt-1/m2 clean package -DskipTests -Dmaven.javadoc.skip -Dgpg.skip,none,false,false,true,,,,,,,results/next-300-d1-runs/RCM-10726/D1/attempt-1/maven.log,,Initial explicit-goal Symmaries pilot runner
RCM-03935,pilot-primary,D1,1,FAIL_ENVIRONMENT,-1,2026-08-08T21:24:25+00:00,2026-08-08T21:24:25+00:00,0.142,work/pilot/RCM-03935/D1/attempt-1/workspace,results/next-300-d1-runs/RCM-03935/D1/attempt-1/m2,.,,,,,,none,false,false,true,,,,,,,results/next-300-d1-runs/RCM-03935/D1/attempt-1/maven.log,RUNNER_EXCEPTION,Initial explicit-goal Symmaries pilot runner
RCM-06096,pilot-primary,D1,1,PASS,0,2026-08-08T21:24:25+00:00,2026-08-08T21:25:14+00:00,49.464,work/pilot/RCM-06096/D1/attempt-1/workspace,results/next-300-d1-runs/RCM-06096/D1/attempt-1/m2,.,benchmark-fallback,/home/lnk85/SymmariesProjectBits/symmaries-maven-evaluation/config/policies/empty-sources-and-sinks.xml,/home/lnk85/SymmariesProjectBits/symmaries-maven-evaluation/config/policies/empty-sources-and-sinks.xml,3f2d50ad2de30a80ce3fcf7a7fd8ef57f2aa30bdd621bc753d6165b0790b27fc,timeout 20m /home/lnk85/SymmariesProjectBits/symmaries-maven-evaluation/work/pilot/RCM-06096/D1/attempt-1/workspace/mvnw -B -ntp -s /home/lnk85/SymmariesProjectBits/symmaries-maven-evaluation/config/settings-pilot-host.xml -Dmaven.repo.local=/home/lnk85/SymmariesProjectBits/symmaries-maven-evaluation/results/next-300-d1-runs/RCM-06096/D1/attempt-1/m2 clean verify -PskipQuality,none,false,false,true,,,,,,,results/next-300-d1-runs/RCM-06096/D1/attempt-1/maven.log,,Initial explicit-goal Symmaries pilot runner
RCM-04493,pilot-primary,D1,1,PASS,0,2026-08-08T21:25:14+00:00,2026-08-08T21:25:28+00:00,13.503,work/pilot/RCM-04493/D1/attempt-1/workspace,results/next-300-d1-runs/RCM-04493/D1/attempt-1/m2,.,benchmark-fallback,/home/lnk85/SymmariesProjectBits/symmaries-maven-evaluation/config/policies/empty-sources-and-sinks.xml,/home/lnk85/SymmariesProjectBits/symmaries-maven-evaluation/config/policies/empty-sources-and-sinks.xml,3f2d50ad2de30a80ce3fcf7a7fd8ef57f2aa30bdd621bc753d6165b0790b27fc,timeout 20m /home/lnk85/SymmariesProjectBits/symmaries-maven-evaluation/work/pilot/RCM-04493/D1/attempt-1/workspace/mvnw -B -ntp -s /home/lnk85/SymmariesProjectBits/symmaries-maven-evaluation/config/settings-pilot-host.xml -Dmaven.repo.local=/home/lnk85/SymmariesProjectBits/symmaries-maven-evaluation/results/next-300-d1-runs/RCM-04493/D1/attempt-1/m2 -Papache-release clean package -DskipTests -Dmaven.javadoc.skip -Dgpg.skip,none,false,false,true,,,,,,,results/next-300-d1-runs/RCM-04493/D1/attempt-1/maven.log,,Initial explicit-goal Symmaries pilot runner
RCM-06787,pilot-primary,D1,1,FAIL_ENVIRONMENT,-1,2026-08-08T21:25:28+00:00,2026-08-08T21:25:29+00:00,0.654,work/pilot/RCM-06787/D1/attempt-1/workspace,results/next-300-d1-runs/RCM-06787/D1/attempt-1/m2,.,,,,,,none,false,false,true,,,,,,,results/next-300-d1-runs/RCM-06787/D1/attempt-1/maven.log,RUNNER_EXCEPTION,Initial explicit-goal Symmaries pilot runner
RCM-05373,pilot-primary,D1,1,FAIL_BUILD,1,2026-08-08T21:25:29+00:00,2026-08-08T21:25:32+00:00,3.66,work/pilot/RCM-05373/D1/attempt-1/workspace,results/next-300-d1-runs/RCM-05373/D1/attempt-1/m2,.,benchmark-fallback,/home/lnk85/SymmariesProjectBits/symmaries-maven-evaluation/config/policies/empty-sources-and-sinks.xml,/home/lnk85/SymmariesProjectBits/symmaries-maven-evaluation/config/policies/empty-sources-and-sinks.xml,3f2d50ad2de30a80ce3fcf7a7fd8ef57f2aa30bdd621bc753d6165b0790b27fc,timeout 20m mvn -B -ntp -s /home/lnk85/SymmariesProjectBits/symmaries-maven-evaluation/config/settings-pilot-host.xml -Dmaven.repo.local=/home/lnk85/SymmariesProjectBits/symmaries-maven-evaluation/results/next-300-d1-runs/RCM-05373/D1/attempt-1/m2 -Papache-release clean package -DskipTests -Dmaven.javadoc.skip -Dgpg.skip,none,false,false,true,,,,,,,results/next-300-d1-runs/RCM-05373/D1/attempt-1/maven.log,MAVEN_OR_PLUGIN_FAILURE,Initial explicit-goal Symmaries pilot runner
RCM-10061,pilot-primary,D1,1,PASS,0,2026-08-08T21:25:32+00:00,2026-08-08T21:25:41+00:00,8.485,work/pilot/RCM-10061/D1/attempt-1/workspace,results/next-300-d1-runs/RCM-10061/D1/attempt-1/m2,.,benchmark-fallback,/home/lnk85/SymmariesProjectBits/symmaries-maven-evaluation/config/policies/empty-sources-and-sinks.xml,/home/lnk85/SymmariesProjectBits/symmaries-maven-evaluation/config/policies/empty-sources-and-sinks.xml,3f2d50ad2de30a80ce3fcf7a7fd8ef57f2aa30bdd621bc753d6165b0790b27fc,timeout 20m mvn -B -ntp -s /home/lnk85/SymmariesProjectBits/symmaries-maven-evaluation/config/settings-pilot-host.xml -Dmaven.repo.local=/home/lnk85/SymmariesProjectBits/symmaries-maven-evaluation/results/next-300-d1-runs/RCM-10061/D1/attempt-1/m2 clean package -DskipTests -Dmaven.javadoc.skip -Dgpg.skip,none,false,false,true,,,,,,,results/next-300-d1-runs/RCM-10061/D1/attempt-1/maven.log,,Initial explicit-goal Symmaries pilot runner
RCM-07714,pilot-primary,D1,1,PASS,0,2026-08-08T21:25:41+00:00,2026-08-08T21:25:55+00:00,13.919,work/pilot/RCM-07714/D1/attempt-1/workspace,results/next-300-d1-runs/RCM-07714/D1/attempt-1/m2,.,benchmark-fallback,/home/lnk85/SymmariesProjectBits/symmaries-maven-evaluation/config/policies/empty-sources-and-sinks.xml,/home/lnk85/SymmariesProjectBits/symmaries-maven-evaluation/config/policies/empty-sources-and-sinks.xml,3f2d50ad2de30a80ce3fcf7a7fd8ef57f2aa30bdd621bc753d6165b0790b27fc,timeout 20m mvn -B -ntp -s /home/lnk85/SymmariesProjectBits/symmaries-maven-evaluation/config/settings-pilot-host.xml -Dmaven.repo.local=/home/lnk85/SymmariesProjectBits/symmaries-maven-evaluation/results/next-300-d1-runs/RCM-07714/D1/attempt-1/m2 -Papache-release clean package -DskipTests -Dmaven.javadoc.skip -Dgpg.skip,none,false,false,true,,,,,,,results/next-300-d1-runs/RCM-07714/D1/attempt-1/maven.log,,Initial explicit-goal Symmaries pilot runner
RCM-08754,pilot-primary,D1,1,FAIL_BUILD,1,2026-08-08T21:25:55+00:00,2026-08-08T21:27:14+00:00,79.113,work/pilot/RCM-08754/D1/attempt-1/workspace,results/next-300-d1-runs/RCM-08754/D1/attempt-1/m2,.,benchmark-fallback,/home/lnk85/SymmariesProjectBits/symmaries-maven-evaluation/config/policies/empty-sources-and-sinks.xml,/home/lnk85/SymmariesProjectBits/symmaries-maven-evaluation/config/policies/empty-sources-and-sinks.xml,3f2d50ad2de30a80ce3fcf7a7fd8ef57f2aa30bdd621bc753d6165b0790b27fc,timeout 20m mvn -B -ntp -s /home/lnk85/SymmariesProjectBits/symmaries-maven-evaluation/config/settings-pilot-host.xml -Dmaven.repo.local=/home/lnk85/SymmariesProjectBits/symmaries-maven-evaluation/results/next-300-d1-runs/RCM-08754/D1/attempt-1/m2 -Prelease clean verify -DskipTests -Dmaven.javadoc.skip -Dgpg.skip -Ddocker.skip,none,false,false,true,,,,,,,results/next-300-d1-runs/RCM-08754/D1/attempt-1/maven.log,MAVEN_OR_PLUGIN_FAILURE,Initial explicit-goal Symmaries pilot runner
RCM-06573,pilot-primary,D1,1,PASS,0,2026-08-08T21:27:14+00:00,2026-08-08T21:27:54+00:00,40.07,work/pilot/RCM-06573/D1/attempt-1/workspace,results/next-300-d1-runs/RCM-06573/D1/attempt-1/m2,.,benchmark-fallback,/home/lnk85/SymmariesProjectBits/symmaries-maven-evaluation/config/policies/empty-sources-and-sinks.xml,/home/lnk85/SymmariesProjectBits/symmaries-maven-evaluation/config/policies/empty-sources-and-sinks.xml,3f2d50ad2de30a80ce3fcf7a7fd8ef57f2aa30bdd621bc753d6165b0790b27fc,timeout 20m mvn -B -ntp -s /home/lnk85/SymmariesProjectBits/symmaries-maven-evaluation/config/settings-pilot-host.xml -Dmaven.repo.local=/home/lnk85/SymmariesProjectBits/symmaries-maven-evaluation/results/next-300-d1-runs/RCM-06573/D1/attempt-1/m2 -Prelease clean:clean package -DskipTests -Dmaven.javadoc.skip -Dgpg.skip -Dcyclonedx.skip -Dcommons.release.dryRun -Dcommons.release.isDistModule -Dbuildinfo.ignore=,none,false,false,true,,,,,,,results/next-300-d1-runs/RCM-06573/D1/attempt-1/maven.log,,Initial explicit-goal Symmaries pilot runner
RCM-07254,pilot-primary,D1,1,PASS,0,2026-08-08T21:27:54+00:00,2026-08-08T21:28:16+00:00,21.564,work/pilot/RCM-07254/D1/attempt-1/workspace,results/next-300-d1-runs/RCM-07254/D1/attempt-1/m2,.,benchmark-fallback,/home/lnk85/SymmariesProjectBits/symmaries-maven-evaluation/config/policies/empty-sources-and-sinks.xml,/home/lnk85/SymmariesProjectBits/symmaries-maven-evaluation/config/policies/empty-sources-and-sinks.xml,3f2d50ad2de30a80ce3fcf7a7fd8ef57f2aa30bdd621bc753d6165b0790b27fc,timeout 20m mvn -B -ntp -s /home/lnk85/SymmariesProjectBits/symmaries-maven-evaluation/config/settings-pilot-host.xml -Dmaven.repo.local=/home/lnk85/SymmariesProjectBits/symmaries-maven-evaluation/results/next-300-d1-runs/RCM-07254/D1/attempt-1/m2 -Papache-release clean package -DskipTests -Dmaven.javadoc.skip -Dgpg.skip,none,false,false,true,,,,,,,results/next-300-d1-runs/RCM-07254/D1/attempt-1/maven.log,,Initial explicit-goal Symmaries pilot runner
RCM-05634,pilot-primary,D1,1,PASS,0,2026-08-08T21:28:16+00:00,2026-08-08T21:28:28+00:00,12.337,work/pilot/RCM-05634/D1/attempt-1/workspace,results/next-300-d1-runs/RCM-05634/D1/attempt-1/m2,.,benchmark-fallback,/home/lnk85/SymmariesProjectBits/symmaries-maven-evaluation/config/policies/empty-sources-and-sinks.xml,/home/lnk85/SymmariesProjectBits/symmaries-maven-evaluation/config/policies/empty-sources-and-sinks.xml,3f2d50ad2de30a80ce3fcf7a7fd8ef57f2aa30bdd621bc753d6165b0790b27fc,timeout 20m /home/lnk85/SymmariesProjectBits/symmaries-maven-evaluation/work/pilot/RCM-05634/D1/attempt-1/workspace/mvnw -B -ntp -s /home/lnk85/SymmariesProjectBits/symmaries-maven-evaluation/config/settings-pilot-host.xml -Dmaven.repo.local=/home/lnk85/SymmariesProjectBits/symmaries-maven-evaluation/results/next-300-d1-runs/RCM-05634/D1/attempt-1/m2 -Pio.wcm clean package -DskipTests -Dmaven.javadoc.skip,none,false,false,true,,,,,,,results/next-300-d1-runs/RCM-05634/D1/attempt-1/maven.log,,Initial explicit-goal Symmaries pilot runner
RCM-01073,pilot-primary,D1,1,PASS,0,2026-08-08T21:28:28+00:00,2026-08-08T21:32:20+00:00,231.878,work/pilot/RCM-01073/D1/attempt-1/workspace,results/next-300-d1-runs/RCM-01073/D1/attempt-1/m2,.,benchmark-fallback,/home/lnk85/SymmariesProjectBits/symmaries-maven-evaluation/config/policies/empty-sources-and-sinks.xml,/home/lnk85/SymmariesProjectBits/symmaries-maven-evaluation/config/policies/empty-sources-and-sinks.xml,3f2d50ad2de30a80ce3fcf7a7fd8ef57f2aa30bdd621bc753d6165b0790b27fc,timeout 20m /home/lnk85/SymmariesProjectBits/symmaries-maven-evaluation/work/pilot/RCM-01073/D1/attempt-1/workspace/mvnw -B -ntp -s /home/lnk85/SymmariesProjectBits/symmaries-maven-evaluation/config/settings-pilot-host.xml -Dmaven.repo.local=/home/lnk85/SymmariesProjectBits/symmaries-maven-evaluation/results/next-300-d1-runs/RCM-01073/D1/attempt-1/m2 clean package -DskipTests -Dmaven.javadoc.skip -Dgpg.skip -Dlicense.skip,none,false,false,true,,,,,,,results/next-300-d1-runs/RCM-01073/D1/attempt-1/maven.log,,Initial explicit-goal Symmaries pilot runner
RCM-00711,pilot-primary,D1,1,PASS,0,2026-08-08T21:32:20+00:00,2026-08-08T21:32:38+00:00,17.508,work/pilot/RCM-00711/D1/attempt-1/workspace,results/next-300-d1-runs/RCM-00711/D1/attempt-1/m2,.,benchmark-fallback,/home/lnk85/SymmariesProjectBits/symmaries-maven-evaluation/config/policies/empty-sources-and-sinks.xml,/home/lnk85/SymmariesProjectBits/symmaries-maven-evaluation/config/policies/empty-sources-and-sinks.xml,3f2d50ad2de30a80ce3fcf7a7fd8ef57f2aa30bdd621bc753d6165b0790b27fc,timeout 20m /home/lnk85/SymmariesProjectBits/symmaries-maven-evaluation/work/pilot/RCM-00711/D1/attempt-1/workspace/mvnw -B -ntp -s /home/lnk85/SymmariesProjectBits/symmaries-maven-evaluation/config/settings-pilot-host.xml -Dmaven.repo.local=/home/lnk85/SymmariesProjectBits/symmaries-maven-evaluation/results/next-300-d1-runs/RCM-00711/D1/attempt-1/m2 -Prelease clean package -DskipTests -Dmaven.javadoc.skip -Dgpg.skip,none,false,false,true,,,,,,,results/next-300-d1-runs/RCM-00711/D1/attempt-1/maven.log,,Initial explicit-goal Symmaries pilot runner
RCM-06900,pilot-primary,D1,1,FAIL_BUILD,1,2026-08-08T21:32:38+00:00,2026-08-08T21:34:08+00:00,90.751,work/pilot/RCM-06900/D1/attempt-1/workspace,results/next-300-d1-runs/RCM-06900/D1/attempt-1/m2,.,benchmark-fallback,/home/lnk85/SymmariesProjectBits/symmaries-maven-evaluation/config/policies/empty-sources-and-sinks.xml,/home/lnk85/SymmariesProjectBits/symmaries-maven-evaluation/config/policies/empty-sources-and-sinks.xml,3f2d50ad2de30a80ce3fcf7a7fd8ef57f2aa30bdd621bc753d6165b0790b27fc,timeout 20m mvn -B -ntp -s /home/lnk85/SymmariesProjectBits/symmaries-maven-evaluation/config/settings-pilot-host.xml -Dmaven.repo.local=/home/lnk85/SymmariesProjectBits/symmaries-maven-evaluation/results/next-300-d1-runs/RCM-06900/D1/attempt-1/m2 -Papache-release package -DskipTests -Dmaven.javadoc.skip -Dgpg.skip,none,false,false,true,,,,,,,results/next-300-d1-runs/RCM-06900/D1/attempt-1/maven.log,MAVEN_OR_PLUGIN_FAILURE,Initial explicit-goal Symmaries pilot runner
RCM-10104,pilot-primary,D1,1,PASS,0,2026-08-08T21:34:09+00:00,2026-08-08T21:34:28+00:00,19.913,work/pilot/RCM-10104/D1/attempt-1/workspace,results/next-300-d1-runs/RCM-10104/D1/attempt-1/m2,.,benchmark-fallback,/home/lnk85/SymmariesProjectBits/symmaries-maven-evaluation/config/policies/empty-sources-and-sinks.xml,/home/lnk85/SymmariesProjectBits/symmaries-maven-evaluation/config/policies/empty-sources-and-sinks.xml,3f2d50ad2de30a80ce3fcf7a7fd8ef57f2aa30bdd621bc753d6165b0790b27fc,timeout 20m /home/lnk85/SymmariesProjectBits/symmaries-maven-evaluation/work/pilot/RCM-10104/D1/attempt-1/workspace/mvnw -B -ntp -s /home/lnk85/SymmariesProjectBits/symmaries-maven-evaluation/config/settings-pilot-host.xml -Dmaven.repo.local=/home/lnk85/SymmariesProjectBits/symmaries-maven-evaluation/results/next-300-d1-runs/RCM-10104/D1/attempt-1/m2 -Prelease clean package -DskipTests -Dmaven.javadoc.skip -Dgpg.skip,none,false,false,true,,,,,,,results/next-300-d1-runs/RCM-10104/D1/attempt-1/maven.log,,Initial explicit-goal Symmaries pilot runner
RCM-10418,pilot-primary,D1,1,PASS,0,2026-08-08T21:34:28+00:00,2026-08-08T21:34:39+00:00,10.177,work/pilot/RCM-10418/D1/attempt-1/workspace,results/next-300-d1-runs/RCM-10418/D1/attempt-1/m2,.,benchmark-fallback,/home/lnk85/SymmariesProjectBits/symmaries-maven-evaluation/config/policies/empty-sources-and-sinks.xml,/home/lnk85/SymmariesProjectBits/symmaries-maven-evaluation/config/policies/empty-sources-and-sinks.xml,3f2d50ad2de30a80ce3fcf7a7fd8ef57f2aa30bdd621bc753d6165b0790b27fc,timeout 20m mvn -B -ntp -s /home/lnk85/SymmariesProjectBits/symmaries-maven-evaluation/config/settings-pilot-host.xml -Dmaven.repo.local=/home/lnk85/SymmariesProjectBits/symmaries-maven-evaluation/results/next-300-d1-runs/RCM-10418/D1/attempt-1/m2 clean package -DskipTests -Dmaven.javadoc.skip -Dgpg.skip,none,false,false,true,,,,,,,results/next-300-d1-runs/RCM-10418/D1/attempt-1/maven.log,,Initial explicit-goal Symmaries pilot runner
RCM-02430,pilot-primary,D1,1,PASS,0,2026-08-08T21:34:39+00:00,2026-08-08T21:35:28+00:00,49.294,work/pilot/RCM-02430/D1/attempt-1/workspace,results/next-300-d1-runs/RCM-02430/D1/attempt-1/m2,.,benchmark-fallback,/home/lnk85/SymmariesProjectBits/symmaries-maven-evaluation/config/policies/empty-sources-and-sinks.xml,/home/lnk85/SymmariesProjectBits/symmaries-maven-evaluation/config/policies/empty-sources-and-sinks.xml,3f2d50ad2de30a80ce3fcf7a7fd8ef57f2aa30bdd621bc753d6165b0790b27fc,timeout 20m mvn -B -ntp -s /home/lnk85/SymmariesProjectBits/symmaries-maven-evaluation/config/settings-pilot-host.xml -Dmaven.repo.local=/home/lnk85/SymmariesProjectBits/symmaries-maven-evaluation/results/next-300-d1-runs/RCM-02430/D1/attempt-1/m2 -Prelease clean package -DskipTests -Dmaven.javadoc.skip -Dgpg.skip -Dcommons.release.dryRun -Dcommons.release.isDistModule=false -Dcommons.spdx.version=0.7.1 -Dspdx.skip,none,false,false,true,,,,,,,results/next-300-d1-runs/RCM-02430/D1/attempt-1/maven.log,,Initial explicit-goal Symmaries pilot runner
RCM-10193,pilot-primary,D1,1,PASS,0,2026-08-08T21:35:28+00:00,2026-08-08T21:36:31+00:00,62.469,work/pilot/RCM-10193/D1/attempt-1/workspace,results/next-300-d1-runs/RCM-10193/D1/attempt-1/m2,.,benchmark-fallback,/home/lnk85/SymmariesProjectBits/symmaries-maven-evaluation/config/policies/empty-sources-and-sinks.xml,/home/lnk85/SymmariesProjectBits/symmaries-maven-evaluation/config/policies/empty-sources-and-sinks.xml,3f2d50ad2de30a80ce3fcf7a7fd8ef57f2aa30bdd621bc753d6165b0790b27fc,timeout 20m /home/lnk85/SymmariesProjectBits/symmaries-maven-evaluation/work/pilot/RCM-10193/D1/attempt-1/workspace/mvnw -B -ntp -s /home/lnk85/SymmariesProjectBits/symmaries-maven-evaluation/config/settings-pilot-host.xml -Dmaven.repo.local=/home/lnk85/SymmariesProjectBits/symmaries-maven-evaluation/results/next-300-d1-runs/RCM-10193/D1/attempt-1/m2 -Prelease clean package -DskipTests -Dmaven.javadoc.skip -Dgpg.skip,none,false,false,true,,,,,,,results/next-300-d1-runs/RCM-10193/D1/attempt-1/maven.log,,Initial explicit-goal Symmaries pilot runner
RCM-00774,pilot-primary,D1,1,PASS,0,2026-08-08T21:36:31+00:00,2026-08-08T21:36:38+00:00,7.025,work/pilot/RCM-00774/D1/attempt-1/workspace,results/next-300-d1-runs/RCM-00774/D1/attempt-1/m2,.,benchmark-fallback,/home/lnk85/SymmariesProjectBits/symmaries-maven-evaluation/config/policies/empty-sources-and-sinks.xml,/home/lnk85/SymmariesProjectBits/symmaries-maven-evaluation/config/policies/empty-sources-and-sinks.xml,3f2d50ad2de30a80ce3fcf7a7fd8ef57f2aa30bdd621bc753d6165b0790b27fc,timeout 20m /home/lnk85/SymmariesProjectBits/symmaries-maven-evaluation/work/pilot/RCM-00774/D1/attempt-1/workspace/mvnw -B -ntp -s /home/lnk85/SymmariesProjectBits/symmaries-maven-evaluation/config/settings-pilot-host.xml -Dmaven.repo.local=/home/lnk85/SymmariesProjectBits/symmaries-maven-evaluation/results/next-300-d1-runs/RCM-00774/D1/attempt-1/m2 -Prelease clean package -DskipTests -Dmaven.javadoc.skip -Dgpg.skip,none,false,false,true,,,,,,,results/next-300-d1-runs/RCM-00774/D1/attempt-1/maven.log,,Initial explicit-goal Symmaries pilot runner
RCM-06479,pilot-primary,D1,1,PASS,0,2026-08-08T21:36:38+00:00,2026-08-08T21:36:53+00:00,15.637,work/pilot/RCM-06479/D1/attempt-1/workspace,results/next-300-d1-runs/RCM-06479/D1/attempt-1/m2,.,benchmark-fallback,/home/lnk85/SymmariesProjectBits/symmaries-maven-evaluation/config/policies/empty-sources-and-sinks.xml,/home/lnk85/SymmariesProjectBits/symmaries-maven-evaluation/config/policies/empty-sources-and-sinks.xml,3f2d50ad2de30a80ce3fcf7a7fd8ef57f2aa30bdd621bc753d6165b0790b27fc,timeout 20m mvn -B -ntp -s /home/lnk85/SymmariesProjectBits/symmaries-maven-evaluation/config/settings-pilot-host.xml -Dmaven.repo.local=/home/lnk85/SymmariesProjectBits/symmaries-maven-evaluation/results/next-300-d1-runs/RCM-06479/D1/attempt-1/m2 clean package -DskipTests -Dmaven.javadoc.skip -Dgpg.skip '-Dbuildinfo.ignore=*/*.spdx.json',none,false,false,true,,,,,,,results/next-300-d1-runs/RCM-06479/D1/attempt-1/maven.log,,Initial explicit-goal Symmaries pilot runner
RCM-09215,pilot-primary,D1,1,FAIL_BUILD,1,2026-08-08T21:36:53+00:00,2026-08-08T21:37:00+00:00,6.236,work/pilot/RCM-09215/D1/attempt-1/workspace,results/next-300-d1-runs/RCM-09215/D1/attempt-1/m2,.,benchmark-fallback,/home/lnk85/SymmariesProjectBits/symmaries-maven-evaluation/config/policies/empty-sources-and-sinks.xml,/home/lnk85/SymmariesProjectBits/symmaries-maven-evaluation/config/policies/empty-sources-and-sinks.xml,3f2d50ad2de30a80ce3fcf7a7fd8ef57f2aa30bdd621bc753d6165b0790b27fc,timeout 20m mvn -B -ntp -s /home/lnk85/SymmariesProjectBits/symmaries-maven-evaluation/config/settings-pilot-host.xml -Dmaven.repo.local=/home/lnk85/SymmariesProjectBits/symmaries-maven-evaluation/results/next-300-d1-runs/RCM-09215/D1/attempt-1/m2 -Pplexus-release clean package -DskipTests -Dmaven.javadoc.skip -Dgpg.skip,none,false,false,true,,,,,,,results/next-300-d1-runs/RCM-09215/D1/attempt-1/maven.log,MAVEN_OR_PLUGIN_FAILURE,Initial explicit-goal Symmaries pilot runner
RCM-06402,pilot-primary,D1,1,PASS,0,2026-08-08T21:37:00+00:00,2026-08-08T21:38:31+00:00,91.693,work/pilot/RCM-06402/D1/attempt-1/workspace,results/next-300-d1-runs/RCM-06402/D1/attempt-1/m2,.,benchmark-fallback,/home/lnk85/SymmariesProjectBits/symmaries-maven-evaluation/config/policies/empty-sources-and-sinks.xml,/home/lnk85/SymmariesProjectBits/symmaries-maven-evaluation/config/policies/empty-sources-and-sinks.xml,3f2d50ad2de30a80ce3fcf7a7fd8ef57f2aa30bdd621bc753d6165b0790b27fc,timeout 20m mvn -B -ntp -s /home/lnk85/SymmariesProjectBits/symmaries-maven-evaluation/config/settings-pilot-host.xml -Dmaven.repo.local=/home/lnk85/SymmariesProjectBits/symmaries-maven-evaluation/results/next-300-d1-runs/RCM-06402/D1/attempt-1/m2 -Papache-release clean package -DskipTests -Dmaven.javadoc.skip -Dgpg.skip,none,false,false,true,,,,,,,results/next-300-d1-runs/RCM-06402/D1/attempt-1/maven.log,,Initial explicit-goal Symmaries pilot runner
RCM-05282,pilot-primary,D1,1,PASS,0,2026-08-08T21:38:31+00:00,2026-08-08T21:38:53+00:00,21.846,work/pilot/RCM-05282/D1/attempt-1/workspace,results/next-300-d1-runs/RCM-05282/D1/attempt-1/m2,.,benchmark-fallback,/home/lnk85/SymmariesProjectBits/symmaries-maven-evaluation/config/policies/empty-sources-and-sinks.xml,/home/lnk85/SymmariesProjectBits/symmaries-maven-evaluation/config/policies/empty-sources-and-sinks.xml,3f2d50ad2de30a80ce3fcf7a7fd8ef57f2aa30bdd621bc753d6165b0790b27fc,timeout 20m mvn -B -ntp -s /home/lnk85/SymmariesProjectBits/symmaries-maven-evaluation/config/settings-pilot-host.xml -Dmaven.repo.local=/home/lnk85/SymmariesProjectBits/symmaries-maven-evaluation/results/next-300-d1-runs/RCM-05282/D1/attempt-1/m2 clean package -DskipTests -Dmaven.javadoc.skip -Dgpg.skip -Denv.JAVA_HOME=/usr,none,false,false,true,,,,,,,results/next-300-d1-runs/RCM-05282/D1/attempt-1/maven.log,,Initial explicit-goal Symmaries pilot runner
RCM-02666,pilot-primary,D1,1,PASS,0,2026-08-08T21:38:53+00:00,2026-08-08T21:39:09+00:00,15.847,work/pilot/RCM-02666/D1/attempt-1/workspace,results/next-300-d1-runs/RCM-02666/D1/attempt-1/m2,.,benchmark-fallback,/home/lnk85/SymmariesProjectBits/symmaries-maven-evaluation/config/policies/empty-sources-and-sinks.xml,/home/lnk85/SymmariesProjectBits/symmaries-maven-evaluation/config/policies/empty-sources-and-sinks.xml,3f2d50ad2de30a80ce3fcf7a7fd8ef57f2aa30bdd621bc753d6165b0790b27fc,timeout 20m /home/lnk85/SymmariesProjectBits/symmaries-maven-evaluation/work/pilot/RCM-02666/D1/attempt-1/workspace/mvnw -B -ntp -s /home/lnk85/SymmariesProjectBits/symmaries-maven-evaluation/config/settings-pilot-host.xml -Dmaven.repo.local=/home/lnk85/SymmariesProjectBits/symmaries-maven-evaluation/results/next-300-d1-runs/RCM-02666/D1/attempt-1/m2 -Pmaveniverse-release clean package -DskipTests -Dmaven.javadoc.skip -Dgpg.skip,none,false,false,true,,,,,,,results/next-300-d1-runs/RCM-02666/D1/attempt-1/maven.log,,Initial explicit-goal Symmaries pilot runner
RCM-04656,pilot-primary,D1,1,PASS,0,2026-08-08T21:39:09+00:00,2026-08-08T21:39:18+00:00,9.287,work/pilot/RCM-04656/D1/attempt-1/workspace,results/next-300-d1-runs/RCM-04656/D1/attempt-1/m2,.,benchmark-fallback,/home/lnk85/SymmariesProjectBits/symmaries-maven-evaluation/config/policies/empty-sources-and-sinks.xml,/home/lnk85/SymmariesProjectBits/symmaries-maven-evaluation/config/policies/empty-sources-and-sinks.xml,3f2d50ad2de30a80ce3fcf7a7fd8ef57f2aa30bdd621bc753d6165b0790b27fc,timeout 20m /home/lnk85/SymmariesProjectBits/symmaries-maven-evaluation/work/pilot/RCM-04656/D1/attempt-1/workspace/mvnw -B -ntp -s /home/lnk85/SymmariesProjectBits/symmaries-maven-evaluation/config/settings-pilot-host.xml -Dmaven.repo.local=/home/lnk85/SymmariesProjectBits/symmaries-maven-evaluation/results/next-300-d1-runs/RCM-04656/D1/attempt-1/m2 -Pmaven-central clean package -DskipTests -Dmaven.javadoc.skip -Dgpg.skip,none,false,false,true,,,,,,,results/next-300-d1-runs/RCM-04656/D1/attempt-1/maven.log,,Initial explicit-goal Symmaries pilot runner
RCM-07351,pilot-primary,D1,1,PASS,0,2026-08-08T21:39:19+00:00,2026-08-08T21:39:30+00:00,10.994,work/pilot/RCM-07351/D1/attempt-1/workspace,results/next-300-d1-runs/RCM-07351/D1/attempt-1/m2,.,benchmark-fallback,/home/lnk85/SymmariesProjectBits/symmaries-maven-evaluation/config/policies/empty-sources-and-sinks.xml,/home/lnk85/SymmariesProjectBits/symmaries-maven-evaluation/config/policies/empty-sources-and-sinks.xml,3f2d50ad2de30a80ce3fcf7a7fd8ef57f2aa30bdd621bc753d6165b0790b27fc,timeout 20m mvn -B -ntp -s /home/lnk85/SymmariesProjectBits/symmaries-maven-evaluation/config/settings-pilot-host.xml -Dmaven.repo.local=/home/lnk85/SymmariesProjectBits/symmaries-maven-evaluation/results/next-300-d1-runs/RCM-07351/D1/attempt-1/m2 -Papache-release clean package -DskipTests -Dmaven.javadoc.skip -Dgpg.skip,none,false,false,true,,,,,,,results/next-300-d1-runs/RCM-07351/D1/attempt-1/maven.log,,Initial explicit-goal Symmaries pilot runner
RCM-08863,pilot-primary,D1,1,PASS,0,2026-08-08T21:39:30+00:00,2026-08-08T21:39:55+00:00,25.841,work/pilot/RCM-08863/D1/attempt-1/workspace,results/next-300-d1-runs/RCM-08863/D1/attempt-1/m2,.,benchmark-fallback,/home/lnk85/SymmariesProjectBits/symmaries-maven-evaluation/config/policies/empty-sources-and-sinks.xml,/home/lnk85/SymmariesProjectBits/symmaries-maven-evaluation/config/policies/empty-sources-and-sinks.xml,3f2d50ad2de30a80ce3fcf7a7fd8ef57f2aa30bdd621bc753d6165b0790b27fc,timeout 20m mvn -B -ntp -s /home/lnk85/SymmariesProjectBits/symmaries-maven-evaluation/config/settings-pilot-host.xml -Dmaven.repo.local=/home/lnk85/SymmariesProjectBits/symmaries-maven-evaluation/results/next-300-d1-runs/RCM-08863/D1/attempt-1/m2 -Papache-release clean package -DskipTests -Dmaven.javadoc.skip -Dgpg.skip,none,false,false,true,,,,,,,results/next-300-d1-runs/RCM-08863/D1/attempt-1/maven.log,,Initial explicit-goal Symmaries pilot runner
RCM-01251,pilot-primary,D1,1,FAIL_BUILD,1,2026-08-08T21:39:55+00:00,2026-08-08T21:40:17+00:00,21.306,work/pilot/RCM-01251/D1/attempt-1/workspace,results/next-300-d1-runs/RCM-01251/D1/attempt-1/m2,.,benchmark-fallback,/home/lnk85/SymmariesProjectBits/symmaries-maven-evaluation/config/policies/empty-sources-and-sinks.xml,/home/lnk85/SymmariesProjectBits/symmaries-maven-evaluation/config/policies/empty-sources-and-sinks.xml,3f2d50ad2de30a80ce3fcf7a7fd8ef57f2aa30bdd621bc753d6165b0790b27fc,timeout 20m mvn -B -ntp -s /home/lnk85/SymmariesProjectBits/symmaries-maven-evaluation/config/settings-pilot-host.xml -Dmaven.repo.local=/home/lnk85/SymmariesProjectBits/symmaries-maven-evaluation/results/next-300-d1-runs/RCM-01251/D1/attempt-1/m2 -Pbase-deploy clean package -DskipTests -Dmaven.javadoc.skip -Dgpg.skip,none,false,false,true,,,,,,,results/next-300-d1-runs/RCM-01251/D1/attempt-1/maven.log,MAVEN_OR_PLUGIN_FAILURE,Initial explicit-goal Symmaries pilot runner
RCM-06424,pilot-primary,D1,1,PASS,0,2026-08-08T21:40:17+00:00,2026-08-08T21:42:21+00:00,124.612,work/pilot/RCM-06424/D1/attempt-1/workspace,results/next-300-d1-runs/RCM-06424/D1/attempt-1/m2,.,benchmark-fallback,/home/lnk85/SymmariesProjectBits/symmaries-maven-evaluation/config/policies/empty-sources-and-sinks.xml,/home/lnk85/SymmariesProjectBits/symmaries-maven-evaluation/config/policies/empty-sources-and-sinks.xml,3f2d50ad2de30a80ce3fcf7a7fd8ef57f2aa30bdd621bc753d6165b0790b27fc,timeout 20m mvn -B -ntp -s /home/lnk85/SymmariesProjectBits/symmaries-maven-evaluation/config/settings-pilot-host.xml -Dmaven.repo.local=/home/lnk85/SymmariesProjectBits/symmaries-maven-evaluation/results/next-300-d1-runs/RCM-06424/D1/attempt-1/m2 -Papache-release clean package -DskipTests -Dmaven.javadoc.skip -Dgpg.skip '-Dbuildinfo.ignore=*/*-tests.jar',none,false,false,true,,,,,,,results/next-300-d1-runs/RCM-06424/D1/attempt-1/maven.log,,Initial explicit-goal Symmaries pilot runner
RCM-07692,pilot-primary,D1,1,FAIL_BUILD,1,2026-08-08T21:42:21+00:00,2026-08-08T21:42:25+00:00,3.78,work/pilot/RCM-07692/D1/attempt-1/workspace,results/next-300-d1-runs/RCM-07692/D1/attempt-1/m2,.,benchmark-fallback,/home/lnk85/SymmariesProjectBits/symmaries-maven-evaluation/config/policies/empty-sources-and-sinks.xml,/home/lnk85/SymmariesProjectBits/symmaries-maven-evaluation/config/policies/empty-sources-and-sinks.xml,3f2d50ad2de30a80ce3fcf7a7fd8ef57f2aa30bdd621bc753d6165b0790b27fc,timeout 20m mvn -B -ntp -s /home/lnk85/SymmariesProjectBits/symmaries-maven-evaluation/config/settings-pilot-host.xml -Dmaven.repo.local=/home/lnk85/SymmariesProjectBits/symmaries-maven-evaluation/results/next-300-d1-runs/RCM-07692/D1/attempt-1/m2 -Papache-release clean package -DskipTests -Dmaven.javadoc.skip -Dgpg.skip,none,false,false,true,,,,,,,results/next-300-d1-runs/RCM-07692/D1/attempt-1/maven.log,MAVEN_OR_PLUGIN_FAILURE,Initial explicit-goal Symmaries pilot runner
RCM-07107,pilot-primary,D1,1,FAIL_BUILD,1,2026-08-08T21:42:25+00:00,2026-08-08T21:42:29+00:00,3.936,work/pilot/RCM-07107/D1/attempt-1/workspace,results/next-300-d1-runs/RCM-07107/D1/attempt-1/m2,.,benchmark-fallback,/home/lnk85/SymmariesProjectBits/symmaries-maven-evaluation/config/policies/empty-sources-and-sinks.xml,/home/lnk85/SymmariesProjectBits/symmaries-maven-evaluation/config/policies/empty-sources-and-sinks.xml,3f2d50ad2de30a80ce3fcf7a7fd8ef57f2aa30bdd621bc753d6165b0790b27fc,timeout 20m mvn -B -ntp -s /home/lnk85/SymmariesProjectBits/symmaries-maven-evaluation/config/settings-pilot-host.xml -Dmaven.repo.local=/home/lnk85/SymmariesProjectBits/symmaries-maven-evaluation/results/next-300-d1-runs/RCM-07107/D1/attempt-1/m2 -Papache-release clean package -DskipTests -Dmaven.javadoc.skip -Dgpg.skip,none,false,false,true,,,,,,,results/next-300-d1-runs/RCM-07107/D1/attempt-1/maven.log,MAVEN_OR_PLUGIN_FAILURE,Initial explicit-goal Symmaries pilot runner
RCM-00800,pilot-primary,D1,1,PASS,0,2026-08-08T21:42:29+00:00,2026-08-08T21:42:38+00:00,8.48,work/pilot/RCM-00800/D1/attempt-1/workspace,results/next-300-d1-runs/RCM-00800/D1/attempt-1/m2,.,benchmark-fallback,/home/lnk85/SymmariesProjectBits/symmaries-maven-evaluation/config/policies/empty-sources-and-sinks.xml,/home/lnk85/SymmariesProjectBits/symmaries-maven-evaluation/config/policies/empty-sources-and-sinks.xml,3f2d50ad2de30a80ce3fcf7a7fd8ef57f2aa30bdd621bc753d6165b0790b27fc,timeout 20m /home/lnk85/SymmariesProjectBits/symmaries-maven-evaluation/work/pilot/RCM-00800/D1/attempt-1/workspace/mvnw -B -ntp -s /home/lnk85/SymmariesProjectBits/symmaries-maven-evaluation/config/settings-pilot-host.xml -Dmaven.repo.local=/home/lnk85/SymmariesProjectBits/symmaries-maven-evaluation/results/next-300-d1-runs/RCM-00800/D1/attempt-1/m2 -Prelease clean package -DskipTests -Dmaven.javadoc.skip -Dgpg.skip,none,false,false,true,,,,,,,results/next-300-d1-runs/RCM-00800/D1/attempt-1/maven.log,,Initial explicit-goal Symmaries pilot runner
RCM-07660,pilot-primary,D1,1,PASS,0,2026-08-08T21:42:38+00:00,2026-08-08T21:42:54+00:00,16.354,work/pilot/RCM-07660/D1/attempt-1/workspace,results/next-300-d1-runs/RCM-07660/D1/attempt-1/m2,.,benchmark-fallback,/home/lnk85/SymmariesProjectBits/symmaries-maven-evaluation/config/policies/empty-sources-and-sinks.xml,/home/lnk85/SymmariesProjectBits/symmaries-maven-evaluation/config/policies/empty-sources-and-sinks.xml,3f2d50ad2de30a80ce3fcf7a7fd8ef57f2aa30bdd621bc753d6165b0790b27fc,timeout 20m mvn -B -ntp -s /home/lnk85/SymmariesProjectBits/symmaries-maven-evaluation/config/settings-pilot-host.xml -Dmaven.repo.local=/home/lnk85/SymmariesProjectBits/symmaries-maven-evaluation/results/next-300-d1-runs/RCM-07660/D1/attempt-1/m2 -Papache-release clean package -DskipTests -Dmaven.javadoc.skip -Dgpg.skip,none,false,false,true,,,,,,,results/next-300-d1-runs/RCM-07660/D1/attempt-1/maven.log,,Initial explicit-goal Symmaries pilot runner
RCM-08791,pilot-primary,D1,1,PASS,0,2026-08-08T21:42:54+00:00,2026-08-08T21:44:48+00:00,113.73,work/pilot/RCM-08791/D1/attempt-1/workspace,results/next-300-d1-runs/RCM-08791/D1/attempt-1/m2,.,benchmark-fallback,/home/lnk85/SymmariesProjectBits/symmaries-maven-evaluation/config/policies/empty-sources-and-sinks.xml,/home/lnk85/SymmariesProjectBits/symmaries-maven-evaluation/config/policies/empty-sources-and-sinks.xml,3f2d50ad2de30a80ce3fcf7a7fd8ef57f2aa30bdd621bc753d6165b0790b27fc,timeout 20m mvn -B -ntp -s /home/lnk85/SymmariesProjectBits/symmaries-maven-evaluation/config/settings-pilot-host.xml -Dmaven.repo.local=/home/lnk85/SymmariesProjectBits/symmaries-maven-evaluation/results/next-300-d1-runs/RCM-08791/D1/attempt-1/m2 -Pdistribution clean package -DskipTests -Dmaven.javadoc.skip -Dgpg.skip,none,false,false,true,,,,,,,results/next-300-d1-runs/RCM-08791/D1/attempt-1/maven.log,,Initial explicit-goal Symmaries pilot runner
RCM-08939,pilot-primary,D1,1,FAIL_BUILD,1,2026-08-08T21:44:48+00:00,2026-08-08T21:44:51+00:00,2.941,work/pilot/RCM-08939/D1/attempt-1/workspace,results/next-300-d1-runs/RCM-08939/D1/attempt-1/m2,.,benchmark-fallback,/home/lnk85/SymmariesProjectBits/symmaries-maven-evaluation/config/policies/empty-sources-and-sinks.xml,/home/lnk85/SymmariesProjectBits/symmaries-maven-evaluation/config/policies/empty-sources-and-sinks.xml,3f2d50ad2de30a80ce3fcf7a7fd8ef57f2aa30bdd621bc753d6165b0790b27fc,timeout 20m mvn -B -ntp -s /home/lnk85/SymmariesProjectBits/symmaries-maven-evaluation/config/settings-pilot-host.xml -Dmaven.repo.local=/home/lnk85/SymmariesProjectBits/symmaries-maven-evaluation/results/next-300-d1-runs/RCM-08939/D1/attempt-1/m2 -Pmojo-release clean package -DskipTests -Dmaven.javadoc.skip -Dgpg.skip,none,false,false,true,,,,,,,results/next-300-d1-runs/RCM-08939/D1/attempt-1/maven.log,MAVEN_OR_PLUGIN_FAILURE,Initial explicit-goal Symmaries pilot runner
RCM-07177,pilot-primary,D1,1,PASS,0,2026-08-08T21:44:51+00:00,2026-08-08T21:45:01+00:00,10.244,work/pilot/RCM-07177/D1/attempt-1/workspace,results/next-300-d1-runs/RCM-07177/D1/attempt-1/m2,.,benchmark-fallback,/home/lnk85/SymmariesProjectBits/symmaries-maven-evaluation/config/policies/empty-sources-and-sinks.xml,/home/lnk85/SymmariesProjectBits/symmaries-maven-evaluation/config/policies/empty-sources-and-sinks.xml,3f2d50ad2de30a80ce3fcf7a7fd8ef57f2aa30bdd621bc753d6165b0790b27fc,timeout 20m mvn -B -ntp -s /home/lnk85/SymmariesProjectBits/symmaries-maven-evaluation/config/settings-pilot-host.xml -Dmaven.repo.local=/home/lnk85/SymmariesProjectBits/symmaries-maven-evaluation/results/next-300-d1-runs/RCM-07177/D1/attempt-1/m2 -Papache-release clean package -DskipTests -Dmaven.javadoc.skip -Dgpg.skip,none,false,false,true,,,,,,,results/next-300-d1-runs/RCM-07177/D1/attempt-1/maven.log,,Initial explicit-goal Symmaries pilot runner
RCM-06062,pilot-primary,D1,1,FAIL_BUILD,1,2026-08-08T21:45:01+00:00,2026-08-08T21:45:07+00:00,5.251,work/pilot/RCM-06062/D1/attempt-1/workspace,results/next-300-d1-runs/RCM-06062/D1/attempt-1/m2,.,benchmark-fallback,/home/lnk85/SymmariesProjectBits/symmaries-maven-evaluation/config/policies/empty-sources-and-sinks.xml,/home/lnk85/SymmariesProjectBits/symmaries-maven-evaluation/config/policies/empty-sources-and-sinks.xml,3f2d50ad2de30a80ce3fcf7a7fd8ef57f2aa30bdd621bc753d6165b0790b27fc,timeout 20m mvn -B -ntp -s /home/lnk85/SymmariesProjectBits/symmaries-maven-evaluation/config/settings-pilot-host.xml -Dmaven.repo.local=/home/lnk85/SymmariesProjectBits/symmaries-maven-evaluation/results/next-300-d1-runs/RCM-06062/D1/attempt-1/m2 clean verify -PskipQuality -PpackageForRelease -Dgpg.skip,none,false,false,true,,,,,,,results/next-300-d1-runs/RCM-06062/D1/attempt-1/maven.log,MAVEN_OR_PLUGIN_FAILURE,Initial explicit-goal Symmaries pilot runner
RCM-00340,pilot-primary,D1,1,PASS,0,2026-08-08T21:45:07+00:00,2026-08-08T21:45:52+00:00,45.213,work/pilot/RCM-00340/D1/attempt-1/workspace,results/next-300-d1-runs/RCM-00340/D1/attempt-1/m2,.,benchmark-fallback,/home/lnk85/SymmariesProjectBits/symmaries-maven-evaluation/config/policies/empty-sources-and-sinks.xml,/home/lnk85/SymmariesProjectBits/symmaries-maven-evaluation/config/policies/empty-sources-and-sinks.xml,3f2d50ad2de30a80ce3fcf7a7fd8ef57f2aa30bdd621bc753d6165b0790b27fc,timeout 20m /home/lnk85/SymmariesProjectBits/symmaries-maven-evaluation/work/pilot/RCM-00340/D1/attempt-1/workspace/mvnw -B -ntp -s /home/lnk85/SymmariesProjectBits/symmaries-maven-evaluation/config/settings-pilot-host.xml -Dmaven.repo.local=/home/lnk85/SymmariesProjectBits/symmaries-maven-evaluation/results/next-300-d1-runs/RCM-00340/D1/attempt-1/m2 -Prelease clean package -DskipTests -Dgpg.skip -Dbuildinfo.ignore=,none,false,false,true,,,,,,,results/next-300-d1-runs/RCM-00340/D1/attempt-1/maven.log,,Initial explicit-goal Symmaries pilot runner
RCM-01420,pilot-primary,D1,1,PASS,0,2026-08-08T21:45:52+00:00,2026-08-08T21:47:27+00:00,94.946,work/pilot/RCM-01420/D1/attempt-1/workspace,results/next-300-d1-runs/RCM-01420/D1/attempt-1/m2,.,benchmark-fallback,/home/lnk85/SymmariesProjectBits/symmaries-maven-evaluation/config/policies/empty-sources-and-sinks.xml,/home/lnk85/SymmariesProjectBits/symmaries-maven-evaluation/config/policies/empty-sources-and-sinks.xml,3f2d50ad2de30a80ce3fcf7a7fd8ef57f2aa30bdd621bc753d6165b0790b27fc,timeout 20m mvn -B -ntp -s /home/lnk85/SymmariesProjectBits/symmaries-maven-evaluation/config/settings-pilot-host.xml -Dmaven.repo.local=/home/lnk85/SymmariesProjectBits/symmaries-maven-evaluation/results/next-300-d1-runs/RCM-01420/D1/attempt-1/m2 clean package -Prelease -DskipTests -Dmaven.javadoc.skip -Dgpg.skip,none,false,false,true,,,,,,,results/next-300-d1-runs/RCM-01420/D1/attempt-1/maven.log,,Initial explicit-goal Symmaries pilot runner
RCM-07567,pilot-primary,D1,1,PASS,0,2026-08-08T21:47:27+00:00,2026-08-08T21:47:45+00:00,18.565,work/pilot/RCM-07567/D1/attempt-1/workspace,results/next-300-d1-runs/RCM-07567/D1/attempt-1/m2,.,benchmark-fallback,/home/lnk85/SymmariesProjectBits/symmaries-maven-evaluation/config/policies/empty-sources-and-sinks.xml,/home/lnk85/SymmariesProjectBits/symmaries-maven-evaluation/config/policies/empty-sources-and-sinks.xml,3f2d50ad2de30a80ce3fcf7a7fd8ef57f2aa30bdd621bc753d6165b0790b27fc,timeout 20m mvn -B -ntp -s /home/lnk85/SymmariesProjectBits/symmaries-maven-evaluation/config/settings-pilot-host.xml -Dmaven.repo.local=/home/lnk85/SymmariesProjectBits/symmaries-maven-evaluation/results/next-300-d1-runs/RCM-07567/D1/attempt-1/m2 -Papache-release clean package -DskipTests -Dmaven.javadoc.skip -Dgpg.skip,none,false,false,true,,,,,,,results/next-300-d1-runs/RCM-07567/D1/attempt-1/maven.log,,Initial explicit-goal Symmaries pilot runner
RCM-01180,pilot-primary,D1,1,PASS,0,2026-08-08T21:47:46+00:00,2026-08-08T21:47:52+00:00,6.413,work/pilot/RCM-01180/D1/attempt-1/workspace,results/next-300-d1-runs/RCM-01180/D1/attempt-1/m2,.,benchmark-fallback,/home/lnk85/SymmariesProjectBits/symmaries-maven-evaluation/config/policies/empty-sources-and-sinks.xml,/home/lnk85/SymmariesProjectBits/symmaries-maven-evaluation/config/policies/empty-sources-and-sinks.xml,3f2d50ad2de30a80ce3fcf7a7fd8ef57f2aa30bdd621bc753d6165b0790b27fc,timeout 20m mvn -B -ntp -s /home/lnk85/SymmariesProjectBits/symmaries-maven-evaluation/config/settings-pilot-host.xml -Dmaven.repo.local=/home/lnk85/SymmariesProjectBits/symmaries-maven-evaluation/results/next-300-d1-runs/RCM-01180/D1/attempt-1/m2 clean package -DskipTests -Dmaven.javadoc.skip,none,false,false,true,,,,,,,results/next-300-d1-runs/RCM-01180/D1/attempt-1/maven.log,,Initial explicit-goal Symmaries pilot runner
RCM-07268,pilot-primary,D1,1,PASS,0,2026-08-08T21:47:52+00:00,2026-08-08T21:48:03+00:00,10.873,work/pilot/RCM-07268/D1/attempt-1/workspace,results/next-300-d1-runs/RCM-07268/D1/attempt-1/m2,.,benchmark-fallback,/home/lnk85/SymmariesProjectBits/symmaries-maven-evaluation/config/policies/empty-sources-and-sinks.xml,/home/lnk85/SymmariesProjectBits/symmaries-maven-evaluation/config/policies/empty-sources-and-sinks.xml,3f2d50ad2de30a80ce3fcf7a7fd8ef57f2aa30bdd621bc753d6165b0790b27fc,timeout 20m mvn -B -ntp -s /home/lnk85/SymmariesProjectBits/symmaries-maven-evaluation/config/settings-pilot-host.xml -Dmaven.repo.local=/home/lnk85/SymmariesProjectBits/symmaries-maven-evaluation/results/next-300-d1-runs/RCM-07268/D1/attempt-1/m2 -Papache-release clean package -DskipTests -Dmaven.javadoc.skip -Dgpg.skip,none,false,false,true,,,,,,,results/next-300-d1-runs/RCM-07268/D1/attempt-1/maven.log,,Initial explicit-goal Symmaries pilot runner
RCM-07902,pilot-primary,D1,1,PASS,0,2026-08-08T21:48:03+00:00,2026-08-08T21:57:25+00:00,562.412,work/pilot/RCM-07902/D1/attempt-1/workspace,results/next-300-d1-runs/RCM-07902/D1/attempt-1/m2,.,benchmark-fallback,/home/lnk85/SymmariesProjectBits/symmaries-maven-evaluation/config/policies/empty-sources-and-sinks.xml,/home/lnk85/SymmariesProjectBits/symmaries-maven-evaluation/config/policies/empty-sources-and-sinks.xml,3f2d50ad2de30a80ce3fcf7a7fd8ef57f2aa30bdd621bc753d6165b0790b27fc,timeout 20m mvn -B -ntp -s /home/lnk85/SymmariesProjectBits/symmaries-maven-evaluation/config/settings-pilot-host.xml -Dmaven.repo.local=/home/lnk85/SymmariesProjectBits/symmaries-maven-evaluation/results/next-300-d1-runs/RCM-07902/D1/attempt-1/m2 -Papache-release clean package -DskipTests -Dmaven.javadoc.skip -Dgpg.skip -Dexec.skip,none,false,false,true,,,,,,,results/next-300-d1-runs/RCM-07902/D1/attempt-1/maven.log,,Initial explicit-goal Symmaries pilot runner
RCM-01434,pilot-primary,D1,1,PASS,0,2026-08-08T21:57:25+00:00,2026-08-08T21:57:46+00:00,20.352,work/pilot/RCM-01434/D1/attempt-1/workspace,results/next-300-d1-runs/RCM-01434/D1/attempt-1/m2,.,benchmark-fallback,/home/lnk85/SymmariesProjectBits/symmaries-maven-evaluation/config/policies/empty-sources-and-sinks.xml,/home/lnk85/SymmariesProjectBits/symmaries-maven-evaluation/config/policies/empty-sources-and-sinks.xml,3f2d50ad2de30a80ce3fcf7a7fd8ef57f2aa30bdd621bc753d6165b0790b27fc,timeout 20m mvn -B -ntp -s /home/lnk85/SymmariesProjectBits/symmaries-maven-evaluation/config/settings-pilot-host.xml -Dmaven.repo.local=/home/lnk85/SymmariesProjectBits/symmaries-maven-evaluation/results/next-300-d1-runs/RCM-01434/D1/attempt-1/m2 clean package -Prelease -DskipTests -Dmaven.javadoc.skip -Dgpg.skip,none,false,false,true,,,,,,,results/next-300-d1-runs/RCM-01434/D1/attempt-1/maven.log,,Initial explicit-goal Symmaries pilot runner
RCM-02117,pilot-primary,D1,1,FAIL_BUILD,1,2026-08-08T21:57:46+00:00,2026-08-08T21:58:53+00:00,66.9,work/pilot/RCM-02117/D1/attempt-1/workspace,results/next-300-d1-runs/RCM-02117/D1/attempt-1/m2,.,benchmark-fallback,/home/lnk85/SymmariesProjectBits/symmaries-maven-evaluation/config/policies/empty-sources-and-sinks.xml,/home/lnk85/SymmariesProjectBits/symmaries-maven-evaluation/config/policies/empty-sources-and-sinks.xml,3f2d50ad2de30a80ce3fcf7a7fd8ef57f2aa30bdd621bc753d6165b0790b27fc,timeout 20m mvn -B -ntp -s /home/lnk85/SymmariesProjectBits/symmaries-maven-evaluation/config/settings-pilot-host.xml -Dmaven.repo.local=/home/lnk85/SymmariesProjectBits/symmaries-maven-evaluation/results/next-300-d1-runs/RCM-02117/D1/attempt-1/m2 -Prelease clean package -DskipTests -Dmaven.javadoc.skip -Dgpg.skip,none,false,false,true,,,,,,,results/next-300-d1-runs/RCM-02117/D1/attempt-1/maven.log,MAVEN_OR_PLUGIN_FAILURE,Initial explicit-goal Symmaries pilot runner
RCM-04149,pilot-primary,D1,1,FAIL_ENVIRONMENT,-1,2026-08-08T21:58:53+00:00,2026-08-08T21:58:53+00:00,0.026,work/pilot/RCM-04149/D1/attempt-1/workspace,results/next-300-d1-runs/RCM-04149/D1/attempt-1/m2,.,,,,,,none,false,false,true,,,,,,,results/next-300-d1-runs/RCM-04149/D1/attempt-1/maven.log,RUNNER_EXCEPTION,Initial explicit-goal Symmaries pilot runner
RCM-04643,pilot-primary,D1,1,FAIL_BUILD,1,2026-08-08T21:58:53+00:00,2026-08-08T21:58:58+00:00,4.639,work/pilot/RCM-04643/D1/attempt-1/workspace,results/next-300-d1-runs/RCM-04643/D1/attempt-1/m2,.,benchmark-fallback,/home/lnk85/SymmariesProjectBits/symmaries-maven-evaluation/config/policies/empty-sources-and-sinks.xml,/home/lnk85/SymmariesProjectBits/symmaries-maven-evaluation/config/policies/empty-sources-and-sinks.xml,3f2d50ad2de30a80ce3fcf7a7fd8ef57f2aa30bdd621bc753d6165b0790b27fc,timeout 20m mvn -B -ntp -s /home/lnk85/SymmariesProjectBits/symmaries-maven-evaluation/config/settings-pilot-host.xml -Dmaven.repo.local=/home/lnk85/SymmariesProjectBits/symmaries-maven-evaluation/results/next-300-d1-runs/RCM-04643/D1/attempt-1/m2 clean package -DskipTests -Dmaven.javadoc.skip -Dgpg.skip -Dskip,none,false,false,true,,,,,,,results/next-300-d1-runs/RCM-04643/D1/attempt-1/maven.log,MAVEN_OR_PLUGIN_FAILURE,Initial explicit-goal Symmaries pilot runner
RCM-02315,pilot-primary,D1,1,FAIL_ENVIRONMENT,-1,2026-08-08T21:58:58+00:00,2026-08-08T21:58:58+00:00,0.458,work/pilot/RCM-02315/D1/attempt-1/workspace,results/next-300-d1-runs/RCM-02315/D1/attempt-1/m2,.,,,,,,none,false,false,true,,,,,,,results/next-300-d1-runs/RCM-02315/D1/attempt-1/maven.log,RUNNER_EXCEPTION,Initial explicit-goal Symmaries pilot runner
RCM-03216,pilot-primary,D1,1,PASS,0,2026-08-08T21:58:58+00:00,2026-08-08T21:59:12+00:00,13.415,work/pilot/RCM-03216/D1/attempt-1/workspace,results/next-300-d1-runs/RCM-03216/D1/attempt-1/m2,.,benchmark-fallback,/home/lnk85/SymmariesProjectBits/symmaries-maven-evaluation/config/policies/empty-sources-and-sinks.xml,/home/lnk85/SymmariesProjectBits/symmaries-maven-evaluation/config/policies/empty-sources-and-sinks.xml,3f2d50ad2de30a80ce3fcf7a7fd8ef57f2aa30bdd621bc753d6165b0790b27fc,timeout 20m mvn -B -ntp -s /home/lnk85/SymmariesProjectBits/symmaries-maven-evaluation/config/settings-pilot-host.xml -Dmaven.repo.local=/home/lnk85/SymmariesProjectBits/symmaries-maven-evaluation/results/next-300-d1-runs/RCM-03216/D1/attempt-1/m2 -Prelease clean verify -DskipTests -Dmaven.javadoc.skip -Dgpg.skip,none,false,false,true,,,,,,,results/next-300-d1-runs/RCM-03216/D1/attempt-1/maven.log,,Initial explicit-goal Symmaries pilot runner
RCM-03733,pilot-primary,D1,1,PASS,0,2026-08-08T21:59:12+00:00,2026-08-08T21:59:21+00:00,9.02,work/pilot/RCM-03733/D1/attempt-1/workspace,results/next-300-d1-runs/RCM-03733/D1/attempt-1/m2,.,benchmark-fallback,/home/lnk85/SymmariesProjectBits/symmaries-maven-evaluation/config/policies/empty-sources-and-sinks.xml,/home/lnk85/SymmariesProjectBits/symmaries-maven-evaluation/config/policies/empty-sources-and-sinks.xml,3f2d50ad2de30a80ce3fcf7a7fd8ef57f2aa30bdd621bc753d6165b0790b27fc,timeout 20m mvn -B -ntp -s /home/lnk85/SymmariesProjectBits/symmaries-maven-evaluation/config/settings-pilot-host.xml -Dmaven.repo.local=/home/lnk85/SymmariesProjectBits/symmaries-maven-evaluation/results/next-300-d1-runs/RCM-03733/D1/attempt-1/m2 -Pcentral clean package -DskipTests -Dmaven.javadoc.skip -Dgpg.skip,none,false,false,true,,,,,,,results/next-300-d1-runs/RCM-03733/D1/attempt-1/maven.log,,Initial explicit-goal Symmaries pilot runner
RCM-06816,pilot-primary,D1,1,FAIL_ENVIRONMENT,-1,2026-08-08T22:02:22+00:00,2026-08-08T22:02:23+00:00,0.489,work/pilot/RCM-06816/D1/attempt-1/workspace,results/next-300-d1-runs/RCM-06816/D1/attempt-1/m2,.,benchmark-fallback,/home/lnk85/SymmariesProjectBits/symmaries-maven-evaluation/config/policies/empty-sources-and-sinks.xml,/home/lnk85/SymmariesProjectBits/symmaries-maven-evaluation/config/policies/empty-sources-and-sinks.xml,3f2d50ad2de30a80ce3fcf7a7fd8ef57f2aa30bdd621bc753d6165b0790b27fc,,none,false,false,true,,,,,,,results/next-300-d1-runs/RCM-06816/D1/attempt-1/maven.log,RUNNER_EXCEPTION,Initial explicit-goal Symmaries pilot runner
RCM-06940,pilot-primary,D1,1,PASS,0,2026-08-08T22:02:23+00:00,2026-08-08T22:03:38+00:00,75.357,work/pilot/RCM-06940/D1/attempt-1/workspace,results/next-300-d1-runs/RCM-06940/D1/attempt-1/m2,.,benchmark-fallback,/home/lnk85/SymmariesProjectBits/symmaries-maven-evaluation/config/policies/empty-sources-and-sinks.xml,/home/lnk85/SymmariesProjectBits/symmaries-maven-evaluation/config/policies/empty-sources-and-sinks.xml,3f2d50ad2de30a80ce3fcf7a7fd8ef57f2aa30bdd621bc753d6165b0790b27fc,timeout 20m mvn -B -ntp -s /home/lnk85/SymmariesProjectBits/symmaries-maven-evaluation/config/settings-pilot-host.xml -Dmaven.repo.local=/home/lnk85/SymmariesProjectBits/symmaries-maven-evaluation/results/next-300-d1-runs/RCM-06940/D1/attempt-1/m2 -Papache-release clean package -DskipTests -Dmaven.javadoc.skip -Dgpg.skip,none,false,false,true,,,,,,,results/next-300-d1-runs/RCM-06940/D1/attempt-1/maven.log,,Initial explicit-goal Symmaries pilot runner
RCM-01451,pilot-primary,D1,1,PASS,0,2026-08-08T22:03:38+00:00,2026-08-08T22:03:55+00:00,16.932,work/pilot/RCM-01451/D1/attempt-1/workspace,results/next-300-d1-runs/RCM-01451/D1/attempt-1/m2,.,benchmark-fallback,/home/lnk85/SymmariesProjectBits/symmaries-maven-evaluation/config/policies/empty-sources-and-sinks.xml,/home/lnk85/SymmariesProjectBits/symmaries-maven-evaluation/config/policies/empty-sources-and-sinks.xml,3f2d50ad2de30a80ce3fcf7a7fd8ef57f2aa30bdd621bc753d6165b0790b27fc,timeout 20m mvn -B -ntp -s /home/lnk85/SymmariesProjectBits/symmaries-maven-evaluation/config/settings-pilot-host.xml -Dmaven.repo.local=/home/lnk85/SymmariesProjectBits/symmaries-maven-evaluation/results/next-300-d1-runs/RCM-01451/D1/attempt-1/m2 clean package -Prelease -DskipTests -Dmaven.javadoc.skip -Dgpg.skip,none,false,false,true,,,,,,,results/next-300-d1-runs/RCM-01451/D1/attempt-1/maven.log,,Initial explicit-goal Symmaries pilot runner
RCM-06509,pilot-primary,D1,1,PASS,0,2026-08-08T22:03:55+00:00,2026-08-08T22:04:18+00:00,22.28,work/pilot/RCM-06509/D1/attempt-1/workspace,results/next-300-d1-runs/RCM-06509/D1/attempt-1/m2,.,benchmark-fallback,/home/lnk85/SymmariesProjectBits/symmaries-maven-evaluation/config/policies/empty-sources-and-sinks.xml,/home/lnk85/SymmariesProjectBits/symmaries-maven-evaluation/config/policies/empty-sources-and-sinks.xml,3f2d50ad2de30a80ce3fcf7a7fd8ef57f2aa30bdd621bc753d6165b0790b27fc,timeout 20m mvn -B -ntp -s /home/lnk85/SymmariesProjectBits/symmaries-maven-evaluation/config/settings-pilot-host.xml -Dmaven.repo.local=/home/lnk85/SymmariesProjectBits/symmaries-maven-evaluation/results/next-300-d1-runs/RCM-06509/D1/attempt-1/m2 clean verify -DskipTests -Dgpg.skip -Dmaven.javadoc.skip -Dbuildinfo.ignore=,none,false,false,true,,,,,,,results/next-300-d1-runs/RCM-06509/D1/attempt-1/maven.log,,Initial explicit-goal Symmaries pilot runner
RCM-07151,pilot-primary,D1,1,FAIL_BUILD,1,2026-08-08T22:04:18+00:00,2026-08-08T22:04:20+00:00,2.523,work/pilot/RCM-07151/D1/attempt-1/workspace,results/next-300-d1-runs/RCM-07151/D1/attempt-1/m2,.,benchmark-fallback,/home/lnk85/SymmariesProjectBits/symmaries-maven-evaluation/config/policies/empty-sources-and-sinks.xml,/home/lnk85/SymmariesProjectBits/symmaries-maven-evaluation/config/policies/empty-sources-and-sinks.xml,3f2d50ad2de30a80ce3fcf7a7fd8ef57f2aa30bdd621bc753d6165b0790b27fc,timeout 20m mvn -B -ntp -s /home/lnk85/SymmariesProjectBits/symmaries-maven-evaluation/config/settings-pilot-host.xml -Dmaven.repo.local=/home/lnk85/SymmariesProjectBits/symmaries-maven-evaluation/results/next-300-d1-runs/RCM-07151/D1/attempt-1/m2 -Papache-release clean package -DskipTests -Dmaven.javadoc.skip -Dgpg.skip '-DbuildNumber=${buildNumber}',none,false,false,true,,,,,,,results/next-300-d1-runs/RCM-07151/D1/attempt-1/maven.log,MAVEN_OR_PLUGIN_FAILURE,Initial explicit-goal Symmaries pilot runner
RCM-02454,pilot-primary,D1,1,PASS,0,2026-08-08T22:04:20+00:00,2026-08-08T22:04:54+00:00,33.544,work/pilot/RCM-02454/D1/attempt-1/workspace,results/next-300-d1-runs/RCM-02454/D1/attempt-1/m2,.,benchmark-fallback,/home/lnk85/SymmariesProjectBits/symmaries-maven-evaluation/config/policies/empty-sources-and-sinks.xml,/home/lnk85/SymmariesProjectBits/symmaries-maven-evaluation/config/policies/empty-sources-and-sinks.xml,3f2d50ad2de30a80ce3fcf7a7fd8ef57f2aa30bdd621bc753d6165b0790b27fc,timeout 20m /home/lnk85/SymmariesProjectBits/symmaries-maven-evaluation/work/pilot/RCM-02454/D1/attempt-1/workspace/mvnw -B -ntp -s /home/lnk85/SymmariesProjectBits/symmaries-maven-evaluation/config/settings-pilot-host.xml -Dmaven.repo.local=/home/lnk85/SymmariesProjectBits/symmaries-maven-evaluation/results/next-300-d1-runs/RCM-02454/D1/attempt-1/m2 -ntp clean package -DskipTests -Dmaven.javadoc.skip -Dgpg.skip -Dspotless.skip -Dbuildinfo.detect.skip=false -DperformRelease,none,false,false,true,,,,,,,results/next-300-d1-runs/RCM-02454/D1/attempt-1/maven.log,,Initial explicit-goal Symmaries pilot runner
RCM-07516,pilot-primary,D1,1,PASS,0,2026-08-08T22:04:54+00:00,2026-08-08T22:05:02+00:00,8.09,work/pilot/RCM-07516/D1/attempt-1/workspace,results/next-300-d1-runs/RCM-07516/D1/attempt-1/m2,.,benchmark-fallback,/home/lnk85/SymmariesProjectBits/symmaries-maven-evaluation/config/policies/empty-sources-and-sinks.xml,/home/lnk85/SymmariesProjectBits/symmaries-maven-evaluation/config/policies/empty-sources-and-sinks.xml,3f2d50ad2de30a80ce3fcf7a7fd8ef57f2aa30bdd621bc753d6165b0790b27fc,timeout 20m mvn -B -ntp -s /home/lnk85/SymmariesProjectBits/symmaries-maven-evaluation/config/settings-pilot-host.xml -Dmaven.repo.local=/home/lnk85/SymmariesProjectBits/symmaries-maven-evaluation/results/next-300-d1-runs/RCM-07516/D1/attempt-1/m2 -Papache-release clean package -DskipTests -Dmaven.javadoc.skip -Dgpg.skip,none,false,false,true,,,,,,,results/next-300-d1-runs/RCM-07516/D1/attempt-1/maven.log,,Initial explicit-goal Symmaries pilot runner
RCM-01143,pilot-primary,D1,1,PASS,0,2026-08-08T22:05:02+00:00,2026-08-08T22:05:56+00:00,53.6,work/pilot/RCM-01143/D1/attempt-1/workspace,results/next-300-d1-runs/RCM-01143/D1/attempt-1/m2,.,benchmark-fallback,/home/lnk85/SymmariesProjectBits/symmaries-maven-evaluation/config/policies/empty-sources-and-sinks.xml,/home/lnk85/SymmariesProjectBits/symmaries-maven-evaluation/config/policies/empty-sources-and-sinks.xml,3f2d50ad2de30a80ce3fcf7a7fd8ef57f2aa30bdd621bc753d6165b0790b27fc,timeout 20m /home/lnk85/SymmariesProjectBits/symmaries-maven-evaluation/work/pilot/RCM-01143/D1/attempt-1/workspace/mvnw -B -ntp -s /home/lnk85/SymmariesProjectBits/symmaries-maven-evaluation/config/settings-pilot-host.xml -Dmaven.repo.local=/home/lnk85/SymmariesProjectBits/symmaries-maven-evaluation/results/next-300-d1-runs/RCM-01143/D1/attempt-1/m2 clean package -DskipTests -Dmaven.javadoc.skip -Dgpg.skip -Dlicense.skip,none,false,false,true,,,,,,,results/next-300-d1-runs/RCM-01143/D1/attempt-1/maven.log,,Initial explicit-goal Symmaries pilot runner
RCM-10088,pilot-primary,D1,1,PASS,0,2026-08-08T22:05:56+00:00,2026-08-08T22:06:09+00:00,13.547,work/pilot/RCM-10088/D1/attempt-1/workspace,results/next-300-d1-runs/RCM-10088/D1/attempt-1/m2,.,benchmark-fallback,/home/lnk85/SymmariesProjectBits/symmaries-maven-evaluation/config/policies/empty-sources-and-sinks.xml,/home/lnk85/SymmariesProjectBits/symmaries-maven-evaluation/config/policies/empty-sources-and-sinks.xml,3f2d50ad2de30a80ce3fcf7a7fd8ef57f2aa30bdd621bc753d6165b0790b27fc,timeout 20m mvn -B -ntp -s /home/lnk85/SymmariesProjectBits/symmaries-maven-evaluation/config/settings-pilot-host.xml -Dmaven.repo.local=/home/lnk85/SymmariesProjectBits/symmaries-maven-evaluation/results/next-300-d1-runs/RCM-10088/D1/attempt-1/m2 clean package -DskipTests -Dmaven.javadoc.skip -Dgpg.skip,none,false,false,true,,,,,,,results/next-300-d1-runs/RCM-10088/D1/attempt-1/maven.log,,Initial explicit-goal Symmaries pilot runner
RCM-08094,pilot-primary,D1,1,PASS,0,2026-08-08T22:06:09+00:00,2026-08-08T22:06:20+00:00,10.756,work/pilot/RCM-08094/D1/attempt-1/workspace,results/next-300-d1-runs/RCM-08094/D1/attempt-1/m2,.,benchmark-fallback,/home/lnk85/SymmariesProjectBits/symmaries-maven-evaluation/config/policies/empty-sources-and-sinks.xml,/home/lnk85/SymmariesProjectBits/symmaries-maven-evaluation/config/policies/empty-sources-and-sinks.xml,3f2d50ad2de30a80ce3fcf7a7fd8ef57f2aa30bdd621bc753d6165b0790b27fc,timeout 20m mvn -B -ntp -s /home/lnk85/SymmariesProjectBits/symmaries-maven-evaluation/config/settings-pilot-host.xml -Dmaven.repo.local=/home/lnk85/SymmariesProjectBits/symmaries-maven-evaluation/results/next-300-d1-runs/RCM-08094/D1/attempt-1/m2 -Papache-release clean package -DskipTests -Dmaven.javadoc.skip -Dgpg.skip,none,false,false,true,,,,,,,results/next-300-d1-runs/RCM-08094/D1/attempt-1/maven.log,,Initial explicit-goal Symmaries pilot runner
RCM-08095,pilot-primary,D1,1,PASS,0,2026-08-08T22:06:20+00:00,2026-08-08T22:06:36+00:00,15.96,work/pilot/RCM-08095/D1/attempt-1/workspace,results/next-300-d1-runs/RCM-08095/D1/attempt-1/m2,.,benchmark-fallback,/home/lnk85/SymmariesProjectBits/symmaries-maven-evaluation/config/policies/empty-sources-and-sinks.xml,/home/lnk85/SymmariesProjectBits/symmaries-maven-evaluation/config/policies/empty-sources-and-sinks.xml,3f2d50ad2de30a80ce3fcf7a7fd8ef57f2aa30bdd621bc753d6165b0790b27fc,timeout 20m mvn -B -ntp -s /home/lnk85/SymmariesProjectBits/symmaries-maven-evaluation/config/settings-pilot-host.xml -Dmaven.repo.local=/home/lnk85/SymmariesProjectBits/symmaries-maven-evaluation/results/next-300-d1-runs/RCM-08095/D1/attempt-1/m2 -Papache-release clean package -DskipTests -Dmaven.javadoc.skip -Dgpg.skip,none,false,false,true,,,,,,,results/next-300-d1-runs/RCM-08095/D1/attempt-1/maven.log,,Initial explicit-goal Symmaries pilot runner
RCM-07927,pilot-primary,D1,1,FAIL_ENVIRONMENT,-1,2026-08-08T22:06:36+00:00,2026-08-08T22:06:38+00:00,1.825,work/pilot/RCM-07927/D1/attempt-1/workspace,results/next-300-d1-runs/RCM-07927/D1/attempt-1/m2,.,benchmark-fallback,/home/lnk85/SymmariesProjectBits/symmaries-maven-evaluation/config/policies/empty-sources-and-sinks.xml,/home/lnk85/SymmariesProjectBits/symmaries-maven-evaluation/config/policies/empty-sources-and-sinks.xml,3f2d50ad2de30a80ce3fcf7a7fd8ef57f2aa30bdd621bc753d6165b0790b27fc,,none,false,false,true,,,,,,,results/next-300-d1-runs/RCM-07927/D1/attempt-1/maven.log,RUNNER_EXCEPTION,Initial explicit-goal Symmaries pilot runner
RCM-05531,pilot-primary,D1,1,FAIL_BUILD,1,2026-08-08T22:06:38+00:00,2026-08-08T22:07:30+00:00,52.478,work/pilot/RCM-05531/D1/attempt-1/workspace,results/next-300-d1-runs/RCM-05531/D1/attempt-1/m2,.,benchmark-fallback,/home/lnk85/SymmariesProjectBits/symmaries-maven-evaluation/config/policies/empty-sources-and-sinks.xml,/home/lnk85/SymmariesProjectBits/symmaries-maven-evaluation/config/policies/empty-sources-and-sinks.xml,3f2d50ad2de30a80ce3fcf7a7fd8ef57f2aa30bdd621bc753d6165b0790b27fc,timeout 20m mvn -B -ntp -s /home/lnk85/SymmariesProjectBits/symmaries-maven-evaluation/config/settings-pilot-host.xml -Dmaven.repo.local=/home/lnk85/SymmariesProjectBits/symmaries-maven-evaluation/results/next-300-d1-runs/RCM-05531/D1/attempt-1/m2 -f link/pom.xml -Pio.wcm clean package -DskipTests -Dmaven.javadoc.skip -Dmaven.buildNumber.skip -DbuildNumber=42fe502d -Dtimestamp=2020-07-10T21:01:22+02:00,none,false,false,true,,,,,,,results/next-300-d1-runs/RCM-05531/D1/attempt-1/maven.log,MAVEN_OR_PLUGIN_FAILURE,Initial explicit-goal Symmaries pilot runner
RCM-01344,pilot-primary,D1,1,PASS,0,2026-08-08T22:07:30+00:00,2026-08-08T22:08:22+00:00,51.719,work/pilot/RCM-01344/D1/attempt-1/workspace,results/next-300-d1-runs/RCM-01344/D1/attempt-1/m2,.,benchmark-fallback,/home/lnk85/SymmariesProjectBits/symmaries-maven-evaluation/config/policies/empty-sources-and-sinks.xml,/home/lnk85/SymmariesProjectBits/symmaries-maven-evaluation/config/policies/empty-sources-and-sinks.xml,3f2d50ad2de30a80ce3fcf7a7fd8ef57f2aa30bdd621bc753d6165b0790b27fc,timeout 20m /home/lnk85/SymmariesProjectBits/symmaries-maven-evaluation/work/pilot/RCM-01344/D1/attempt-1/workspace/mvnw -B -ntp -s /home/lnk85/SymmariesProjectBits/symmaries-maven-evaluation/config/settings-pilot-host.xml -Dmaven.repo.local=/home/lnk85/SymmariesProjectBits/symmaries-maven-evaluation/results/next-300-d1-runs/RCM-01344/D1/attempt-1/m2 clean package -DskipTests -Dmaven.javadoc.skip -Dgpg.skip,none,false,false,true,,,,,,,results/next-300-d1-runs/RCM-01344/D1/attempt-1/maven.log,,Initial explicit-goal Symmaries pilot runner
RCM-03879,pilot-primary,D1,1,FAIL_ENVIRONMENT,-1,2026-08-08T22:08:22+00:00,2026-08-08T22:08:22+00:00,0.056,work/pilot/RCM-03879/D1/attempt-1/workspace,results/next-300-d1-runs/RCM-03879/D1/attempt-1/m2,.,,,,,,none,false,false,true,,,,,,,results/next-300-d1-runs/RCM-03879/D1/attempt-1/maven.log,RUNNER_EXCEPTION,Initial explicit-goal Symmaries pilot runner
RCM-10527,pilot-primary,D1,1,PASS,0,2026-08-08T22:08:22+00:00,2026-08-08T22:08:38+00:00,15.396,work/pilot/RCM-10527/D1/attempt-1/workspace,results/next-300-d1-runs/RCM-10527/D1/attempt-1/m2,.,benchmark-fallback,/home/lnk85/SymmariesProjectBits/symmaries-maven-evaluation/config/policies/empty-sources-and-sinks.xml,/home/lnk85/SymmariesProjectBits/symmaries-maven-evaluation/config/policies/empty-sources-and-sinks.xml,3f2d50ad2de30a80ce3fcf7a7fd8ef57f2aa30bdd621bc753d6165b0790b27fc,timeout 20m mvn -B -ntp -s /home/lnk85/SymmariesProjectBits/symmaries-maven-evaluation/config/settings-pilot-host.xml -Dmaven.repo.local=/home/lnk85/SymmariesProjectBits/symmaries-maven-evaluation/results/next-300-d1-runs/RCM-10527/D1/attempt-1/m2 clean package -Dmaven.test.skip -Dpgpverify.skip,none,false,false,true,,,,,,,results/next-300-d1-runs/RCM-10527/D1/attempt-1/maven.log,,Initial explicit-goal Symmaries pilot runner
RCM-02121,pilot-primary,D1,1,FAIL_BUILD,1,2026-08-08T22:08:38+00:00,2026-08-08T22:09:20+00:00,41.938,work/pilot/RCM-02121/D1/attempt-1/workspace,results/next-300-d1-runs/RCM-02121/D1/attempt-1/m2,.,benchmark-fallback,/home/lnk85/SymmariesProjectBits/symmaries-maven-evaluation/config/policies/empty-sources-and-sinks.xml,/home/lnk85/SymmariesProjectBits/symmaries-maven-evaluation/config/policies/empty-sources-and-sinks.xml,3f2d50ad2de30a80ce3fcf7a7fd8ef57f2aa30bdd621bc753d6165b0790b27fc,timeout 20m mvn -B -ntp -s /home/lnk85/SymmariesProjectBits/symmaries-maven-evaluation/config/settings-pilot-host.xml -Dmaven.repo.local=/home/lnk85/SymmariesProjectBits/symmaries-maven-evaluation/results/next-300-d1-runs/RCM-02121/D1/attempt-1/m2 -f book -Prelease clean package -DskipTests -Dmaven.javadoc.skip -Dgpg.skip,none,false,false,true,,,,,,,results/next-300-d1-runs/RCM-02121/D1/attempt-1/maven.log,MAVEN_OR_PLUGIN_FAILURE,Initial explicit-goal Symmaries pilot runner
RCM-09054,pilot-primary,D1,1,FAIL_BUILD,1,2026-08-08T22:09:20+00:00,2026-08-08T22:09:27+00:00,6.935,work/pilot/RCM-09054/D1/attempt-1/workspace,results/next-300-d1-runs/RCM-09054/D1/attempt-1/m2,.,benchmark-fallback,/home/lnk85/SymmariesProjectBits/symmaries-maven-evaluation/config/policies/empty-sources-and-sinks.xml,/home/lnk85/SymmariesProjectBits/symmaries-maven-evaluation/config/policies/empty-sources-and-sinks.xml,3f2d50ad2de30a80ce3fcf7a7fd8ef57f2aa30bdd621bc753d6165b0790b27fc,timeout 20m mvn -B -ntp -s /home/lnk85/SymmariesProjectBits/symmaries-maven-evaluation/config/settings-pilot-host.xml -Dmaven.repo.local=/home/lnk85/SymmariesProjectBits/symmaries-maven-evaluation/results/next-300-d1-runs/RCM-09054/D1/attempt-1/m2 -Pmojo-release clean package -DskipTests -Dmaven.javadoc.skip -Dgpg.skip,none,false,false,true,,,,,,,results/next-300-d1-runs/RCM-09054/D1/attempt-1/maven.log,MAVEN_OR_PLUGIN_FAILURE,Initial explicit-goal Symmaries pilot runner
RCM-09436,pilot-primary,D1,1,FAIL_TIMEOUT,124,2026-08-08T22:09:27+00:00,2026-08-08T22:29:30+00:00,1203.122,work/pilot/RCM-09436/D1/attempt-1/workspace,results/next-300-d1-runs/RCM-09436/D1/attempt-1/m2,.,benchmark-fallback,/home/lnk85/SymmariesProjectBits/symmaries-maven-evaluation/config/policies/empty-sources-and-sinks.xml,/home/lnk85/SymmariesProjectBits/symmaries-maven-evaluation/config/policies/empty-sources-and-sinks.xml,3f2d50ad2de30a80ce3fcf7a7fd8ef57f2aa30bdd621bc753d6165b0790b27fc,timeout 20m mvn -B -ntp -s /home/lnk85/SymmariesProjectBits/symmaries-maven-evaluation/config/settings-pilot-host.xml -Dmaven.repo.local=/home/lnk85/SymmariesProjectBits/symmaries-maven-evaluation/results/next-300-d1-runs/RCM-09436/D1/attempt-1/m2 -Prelease clean package -DskipTests -Dmaven.javadoc.skip -Dgpg.skip,none,false,false,true,,,,,,,results/next-300-d1-runs/RCM-09436/D1/attempt-1/maven.log,TIMEOUT,Initial explicit-goal Symmaries pilot runner
RCM-01268,pilot-primary,D1,1,FAIL_BUILD,1,2026-08-08T22:29:30+00:00,2026-08-08T22:32:27+00:00,177.195,work/pilot/RCM-01268/D1/attempt-1/workspace,results/next-300-d1-runs/RCM-01268/D1/attempt-1/m2,.,benchmark-fallback,/home/lnk85/SymmariesProjectBits/symmaries-maven-evaluation/config/policies/empty-sources-and-sinks.xml,/home/lnk85/SymmariesProjectBits/symmaries-maven-evaluation/config/policies/empty-sources-and-sinks.xml,3f2d50ad2de30a80ce3fcf7a7fd8ef57f2aa30bdd621bc753d6165b0790b27fc,timeout 20m mvn -B -ntp -s /home/lnk85/SymmariesProjectBits/symmaries-maven-evaluation/config/settings-pilot-host.xml -Dmaven.repo.local=/home/lnk85/SymmariesProjectBits/symmaries-maven-evaluation/results/next-300-d1-runs/RCM-01268/D1/attempt-1/m2 -Pbase-deploy clean package -DskipTests -Dmaven.javadoc.skip -Dgpg.skip,none,false,false,true,,,,,,,results/next-300-d1-runs/RCM-01268/D1/attempt-1/maven.log,MAVEN_OR_PLUGIN_FAILURE,Initial explicit-goal Symmaries pilot runner
RCM-05731,pilot-primary,D1,1,PASS,0,2026-08-08T22:32:27+00:00,2026-08-08T22:32:41+00:00,14.005,work/pilot/RCM-05731/D1/attempt-1/workspace,results/next-300-d1-runs/RCM-05731/D1/attempt-1/m2,.,benchmark-fallback,/home/lnk85/SymmariesProjectBits/symmaries-maven-evaluation/config/policies/empty-sources-and-sinks.xml,/home/lnk85/SymmariesProjectBits/symmaries-maven-evaluation/config/policies/empty-sources-and-sinks.xml,3f2d50ad2de30a80ce3fcf7a7fd8ef57f2aa30bdd621bc753d6165b0790b27fc,timeout 20m mvn -B -ntp -s /home/lnk85/SymmariesProjectBits/symmaries-maven-evaluation/config/settings-pilot-host.xml -Dmaven.repo.local=/home/lnk85/SymmariesProjectBits/symmaries-maven-evaluation/results/next-300-d1-runs/RCM-05731/D1/attempt-1/m2 -Prelease clean package -DskipTests -Dmaven.javadoc.skip -Dgpg.skip -Dbuildinfo.detect.skip=false,none,false,false,true,,,,,,,results/next-300-d1-runs/RCM-05731/D1/attempt-1/maven.log,,Initial explicit-goal Symmaries pilot runner
RCM-05643,pilot-primary,D1,1,FAIL_BUILD,1,2026-08-08T22:32:41+00:00,2026-08-08T22:32:43+00:00,1.262,work/pilot/RCM-05643/D1/attempt-1/workspace,results/next-300-d1-runs/RCM-05643/D1/attempt-1/m2,.,benchmark-fallback,/home/lnk85/SymmariesProjectBits/symmaries-maven-evaluation/config/policies/empty-sources-and-sinks.xml,/home/lnk85/SymmariesProjectBits/symmaries-maven-evaluation/config/policies/empty-sources-and-sinks.xml,3f2d50ad2de30a80ce3fcf7a7fd8ef57f2aa30bdd621bc753d6165b0790b27fc,timeout 20m mvn -B -ntp -s /home/lnk85/SymmariesProjectBits/symmaries-maven-evaluation/config/settings-pilot-host.xml -Dmaven.repo.local=/home/lnk85/SymmariesProjectBits/symmaries-maven-evaluation/results/next-300-d1-runs/RCM-05643/D1/attempt-1/m2 -Pio.wcm clean package -DskipTests -Dmaven.javadoc.skip '-Dtimestamp=${timestamp}',none,false,false,true,,,,,,,results/next-300-d1-runs/RCM-05643/D1/attempt-1/maven.log,MAVEN_OR_PLUGIN_FAILURE,Initial explicit-goal Symmaries pilot runner
RCM-06953,pilot-primary,D1,1,PASS,0,2026-08-08T22:32:43+00:00,2026-08-08T22:35:29+00:00,166.754,work/pilot/RCM-06953/D1/attempt-1/workspace,results/next-300-d1-runs/RCM-06953/D1/attempt-1/m2,.,benchmark-fallback,/home/lnk85/SymmariesProjectBits/symmaries-maven-evaluation/config/policies/empty-sources-and-sinks.xml,/home/lnk85/SymmariesProjectBits/symmaries-maven-evaluation/config/policies/empty-sources-and-sinks.xml,3f2d50ad2de30a80ce3fcf7a7fd8ef57f2aa30bdd621bc753d6165b0790b27fc,"timeout 20m mvn -B -ntp -s /home/lnk85/SymmariesProjectBits/symmaries-maven-evaluation/config/settings-pilot-host.xml -Dmaven.repo.local=/home/lnk85/SymmariesProjectBits/symmaries-maven-evaluation/results/next-300-d1-runs/RCM-06953/D1/attempt-1/m2 -Prelease,deploy clean package -DskipTests -Dmaven.javadoc.skip -Dgpg.skip -Dbuildinfo.skipModules=",none,false,false,true,,,,,,,results/next-300-d1-runs/RCM-06953/D1/attempt-1/maven.log,,Initial explicit-goal Symmaries pilot runner
RCM-10866,pilot-primary,D1,1,PASS,0,2026-08-08T22:35:29+00:00,2026-08-08T22:35:45+00:00,15.861,work/pilot/RCM-10866/D1/attempt-1/workspace,results/next-300-d1-runs/RCM-10866/D1/attempt-1/m2,.,benchmark-fallback,/home/lnk85/SymmariesProjectBits/symmaries-maven-evaluation/config/policies/empty-sources-and-sinks.xml,/home/lnk85/SymmariesProjectBits/symmaries-maven-evaluation/config/policies/empty-sources-and-sinks.xml,3f2d50ad2de30a80ce3fcf7a7fd8ef57f2aa30bdd621bc753d6165b0790b27fc,timeout 20m /home/lnk85/SymmariesProjectBits/symmaries-maven-evaluation/work/pilot/RCM-10866/D1/attempt-1/workspace/mvnw -B -ntp -s /home/lnk85/SymmariesProjectBits/symmaries-maven-evaluation/config/settings-pilot-host.xml -Dmaven.repo.local=/home/lnk85/SymmariesProjectBits/symmaries-maven-evaluation/results/next-300-d1-runs/RCM-10866/D1/attempt-1/m2 -Prelease clean package -DskipTests -Dmaven.javadoc.skip -Dgpg.skip,none,false,false,true,,,,,,,results/next-300-d1-runs/RCM-10866/D1/attempt-1/maven.log,,Initial explicit-goal Symmaries pilot runner
RCM-06431,pilot-primary,D1,1,FAIL_BUILD,1,2026-08-08T22:35:45+00:00,2026-08-08T22:40:30+00:00,284.53,work/pilot/RCM-06431/D1/attempt-1/workspace,results/next-300-d1-runs/RCM-06431/D1/attempt-1/m2,.,benchmark-fallback,/home/lnk85/SymmariesProjectBits/symmaries-maven-evaluation/config/policies/empty-sources-and-sinks.xml,/home/lnk85/SymmariesProjectBits/symmaries-maven-evaluation/config/policies/empty-sources-and-sinks.xml,3f2d50ad2de30a80ce3fcf7a7fd8ef57f2aa30bdd621bc753d6165b0790b27fc,"timeout 20m /home/lnk85/SymmariesProjectBits/symmaries-maven-evaluation/work/pilot/RCM-06431/D1/attempt-1/workspace/mvnw -B -ntp -s /home/lnk85/SymmariesProjectBits/symmaries-maven-evaluation/config/settings-pilot-host.xml -Dmaven.repo.local=/home/lnk85/SymmariesProjectBits/symmaries-maven-evaluation/results/next-300-d1-runs/RCM-06431/D1/attempt-1/m2 -Prelease,hibernate clean package -DskipTests -Dmaven.javadoc.skip -Dgpg.skip -Dskip.yarn",none,false,false,true,,,,,,,results/next-300-d1-runs/RCM-06431/D1/attempt-1/maven.log,MAVEN_OR_PLUGIN_FAILURE,Initial explicit-goal Symmaries pilot runner
RCM-06071,pilot-primary,D1,1,FAIL_BUILD,1,2026-08-08T22:40:30+00:00,2026-08-08T22:40:31+00:00,1.311,work/pilot/RCM-06071/D1/attempt-1/workspace,results/next-300-d1-runs/RCM-06071/D1/attempt-1/m2,.,benchmark-fallback,/home/lnk85/SymmariesProjectBits/symmaries-maven-evaluation/config/policies/empty-sources-and-sinks.xml,/home/lnk85/SymmariesProjectBits/symmaries-maven-evaluation/config/policies/empty-sources-and-sinks.xml,3f2d50ad2de30a80ce3fcf7a7fd8ef57f2aa30bdd621bc753d6165b0790b27fc,timeout 20m mvn -B -ntp -s /home/lnk85/SymmariesProjectBits/symmaries-maven-evaluation/config/settings-pilot-host.xml -Dmaven.repo.local=/home/lnk85/SymmariesProjectBits/symmaries-maven-evaluation/results/next-300-d1-runs/RCM-06071/D1/attempt-1/m2 clean verify -PskipQuality,none,false,false,true,,,,,,,results/next-300-d1-runs/RCM-06071/D1/attempt-1/maven.log,MAVEN_OR_PLUGIN_FAILURE,Initial explicit-goal Symmaries pilot runner
RCM-07410,pilot-primary,D1,1,FAIL_BUILD,1,2026-08-08T22:40:31+00:00,2026-08-08T22:40:35+00:00,4.163,work/pilot/RCM-07410/D1/attempt-1/workspace,results/next-300-d1-runs/RCM-07410/D1/attempt-1/m2,.,benchmark-fallback,/home/lnk85/SymmariesProjectBits/symmaries-maven-evaluation/config/policies/empty-sources-and-sinks.xml,/home/lnk85/SymmariesProjectBits/symmaries-maven-evaluation/config/policies/empty-sources-and-sinks.xml,3f2d50ad2de30a80ce3fcf7a7fd8ef57f2aa30bdd621bc753d6165b0790b27fc,timeout 20m mvn -B -ntp -s /home/lnk85/SymmariesProjectBits/symmaries-maven-evaluation/config/settings-pilot-host.xml -Dmaven.repo.local=/home/lnk85/SymmariesProjectBits/symmaries-maven-evaluation/results/next-300-d1-runs/RCM-07410/D1/attempt-1/m2 -Papache-release clean package -DskipTests -Dmaven.javadoc.skip -Dgpg.skip,none,false,false,true,,,,,,,results/next-300-d1-runs/RCM-07410/D1/attempt-1/maven.log,MAVEN_OR_PLUGIN_FAILURE,Initial explicit-goal Symmaries pilot runner
RCM-06255,pilot-primary,D1,1,FAIL_BUILD,1,2026-08-08T22:40:36+00:00,2026-08-08T22:40:37+00:00,1.707,work/pilot/RCM-06255/D1/attempt-1/workspace,results/next-300-d1-runs/RCM-06255/D1/attempt-1/m2,.,benchmark-fallback,/home/lnk85/SymmariesProjectBits/symmaries-maven-evaluation/config/policies/empty-sources-and-sinks.xml,/home/lnk85/SymmariesProjectBits/symmaries-maven-evaluation/config/policies/empty-sources-and-sinks.xml,3f2d50ad2de30a80ce3fcf7a7fd8ef57f2aa30bdd621bc753d6165b0790b27fc,timeout 20m mvn -B -ntp -s /home/lnk85/SymmariesProjectBits/symmaries-maven-evaluation/config/settings-pilot-host.xml -Dmaven.repo.local=/home/lnk85/SymmariesProjectBits/symmaries-maven-evaluation/results/next-300-d1-runs/RCM-06255/D1/attempt-1/m2 clean package -Prelease -DskipTests -Dgpg.skip,none,false,false,true,,,,,,,results/next-300-d1-runs/RCM-06255/D1/attempt-1/maven.log,MAVEN_OR_PLUGIN_FAILURE,Initial explicit-goal Symmaries pilot runner
RCM-10476,pilot-primary,D1,1,FAIL_BUILD,1,2026-08-08T22:40:37+00:00,2026-08-08T22:40:38+00:00,1.127,work/pilot/RCM-10476/D1/attempt-1/workspace,results/next-300-d1-runs/RCM-10476/D1/attempt-1/m2,.,benchmark-fallback,/home/lnk85/SymmariesProjectBits/symmaries-maven-evaluation/config/policies/empty-sources-and-sinks.xml,/home/lnk85/SymmariesProjectBits/symmaries-maven-evaluation/config/policies/empty-sources-and-sinks.xml,3f2d50ad2de30a80ce3fcf7a7fd8ef57f2aa30bdd621bc753d6165b0790b27fc,timeout 20m mvn -B -ntp -s /home/lnk85/SymmariesProjectBits/symmaries-maven-evaluation/config/settings-pilot-host.xml -Dmaven.repo.local=/home/lnk85/SymmariesProjectBits/symmaries-maven-evaluation/results/next-300-d1-runs/RCM-10476/D1/attempt-1/m2 clean package -DskipTests -Dmaven.javadoc.skip -Dgpg.skip,none,false,false,true,,,,,,,results/next-300-d1-runs/RCM-10476/D1/attempt-1/maven.log,MAVEN_OR_PLUGIN_FAILURE,Initial explicit-goal Symmaries pilot runner
RCM-02631,pilot-primary,D1,1,PASS,0,2026-08-08T22:40:38+00:00,2026-08-08T22:40:48+00:00,9.959,work/pilot/RCM-02631/D1/attempt-1/workspace,results/next-300-d1-runs/RCM-02631/D1/attempt-1/m2,.,benchmark-fallback,/home/lnk85/SymmariesProjectBits/symmaries-maven-evaluation/config/policies/empty-sources-and-sinks.xml,/home/lnk85/SymmariesProjectBits/symmaries-maven-evaluation/config/policies/empty-sources-and-sinks.xml,3f2d50ad2de30a80ce3fcf7a7fd8ef57f2aa30bdd621bc753d6165b0790b27fc,timeout 20m /home/lnk85/SymmariesProjectBits/symmaries-maven-evaluation/work/pilot/RCM-02631/D1/attempt-1/workspace/mvnw -B -ntp -s /home/lnk85/SymmariesProjectBits/symmaries-maven-evaluation/config/settings-pilot-host.xml -Dmaven.repo.local=/home/lnk85/SymmariesProjectBits/symmaries-maven-evaluation/results/next-300-d1-runs/RCM-02631/D1/attempt-1/m2 -Pmaveniverse-release clean package -DskipTests -Dmaven.javadoc.skip -Dgpg.skip -Denforcer.skip,none,false,false,true,,,,,,,results/next-300-d1-runs/RCM-02631/D1/attempt-1/maven.log,,Initial explicit-goal Symmaries pilot runner
RCM-06520,pilot-primary,D1,1,PASS,0,2026-08-08T22:40:48+00:00,2026-08-08T22:41:33+00:00,44.055,work/pilot/RCM-06520/D1/attempt-1/workspace,results/next-300-d1-runs/RCM-06520/D1/attempt-1/m2,.,benchmark-fallback,/home/lnk85/SymmariesProjectBits/symmaries-maven-evaluation/config/policies/empty-sources-and-sinks.xml,/home/lnk85/SymmariesProjectBits/symmaries-maven-evaluation/config/policies/empty-sources-and-sinks.xml,3f2d50ad2de30a80ce3fcf7a7fd8ef57f2aa30bdd621bc753d6165b0790b27fc,timeout 20m mvn -B -ntp -s /home/lnk85/SymmariesProjectBits/symmaries-maven-evaluation/config/settings-pilot-host.xml -Dmaven.repo.local=/home/lnk85/SymmariesProjectBits/symmaries-maven-evaluation/results/next-300-d1-runs/RCM-06520/D1/attempt-1/m2 -Papache-release clean package -DskipTests -Dmaven.javadoc.skip -Dgpg.skip,none,false,false,true,,,,,,,results/next-300-d1-runs/RCM-06520/D1/attempt-1/maven.log,,Initial explicit-goal Symmaries pilot runner
RCM-07697,pilot-primary,D1,1,PASS,0,2026-08-08T22:41:33+00:00,2026-08-08T22:41:44+00:00,11.303,work/pilot/RCM-07697/D1/attempt-1/workspace,results/next-300-d1-runs/RCM-07697/D1/attempt-1/m2,.,benchmark-fallback,/home/lnk85/SymmariesProjectBits/symmaries-maven-evaluation/config/policies/empty-sources-and-sinks.xml,/home/lnk85/SymmariesProjectBits/symmaries-maven-evaluation/config/policies/empty-sources-and-sinks.xml,3f2d50ad2de30a80ce3fcf7a7fd8ef57f2aa30bdd621bc753d6165b0790b27fc,timeout 20m mvn -B -ntp -s /home/lnk85/SymmariesProjectBits/symmaries-maven-evaluation/config/settings-pilot-host.xml -Dmaven.repo.local=/home/lnk85/SymmariesProjectBits/symmaries-maven-evaluation/results/next-300-d1-runs/RCM-07697/D1/attempt-1/m2 -Papache-release clean package -DskipTests -Dmaven.javadoc.skip -Dgpg.skip,none,false,false,true,,,,,,,results/next-300-d1-runs/RCM-07697/D1/attempt-1/maven.log,,Initial explicit-goal Symmaries pilot runner
RCM-10355,pilot-primary,D1,1,PASS,0,2026-08-08T22:41:44+00:00,2026-08-08T22:42:45+00:00,61.038,work/pilot/RCM-10355/D1/attempt-1/workspace,results/next-300-d1-runs/RCM-10355/D1/attempt-1/m2,.,benchmark-fallback,/home/lnk85/SymmariesProjectBits/symmaries-maven-evaluation/config/policies/empty-sources-and-sinks.xml,/home/lnk85/SymmariesProjectBits/symmaries-maven-evaluation/config/policies/empty-sources-and-sinks.xml,3f2d50ad2de30a80ce3fcf7a7fd8ef57f2aa30bdd621bc753d6165b0790b27fc,timeout 20m mvn -B -ntp -s /home/lnk85/SymmariesProjectBits/symmaries-maven-evaluation/config/settings-pilot-host.xml -Dmaven.repo.local=/home/lnk85/SymmariesProjectBits/symmaries-maven-evaluation/results/next-300-d1-runs/RCM-10355/D1/attempt-1/m2 clean package -Prelease-profile -DskipTests -Dmaven.javadoc.skip -Dgpg.skip,none,false,false,true,,,,,,,results/next-300-d1-runs/RCM-10355/D1/attempt-1/maven.log,,Initial explicit-goal Symmaries pilot runner
RCM-00007,pilot-primary,D1,1,FAIL_ENVIRONMENT,-1,2026-08-08T22:42:45+00:00,2026-08-08T22:42:45+00:00,0.243,work/pilot/RCM-00007/D1/attempt-1/workspace,results/next-300-d1-runs/RCM-00007/D1/attempt-1/m2,.,benchmark-fallback,/home/lnk85/SymmariesProjectBits/symmaries-maven-evaluation/config/policies/empty-sources-and-sinks.xml,/home/lnk85/SymmariesProjectBits/symmaries-maven-evaluation/config/policies/empty-sources-and-sinks.xml,3f2d50ad2de30a80ce3fcf7a7fd8ef57f2aa30bdd621bc753d6165b0790b27fc,,none,false,false,true,,,,,,,results/next-300-d1-runs/RCM-00007/D1/attempt-1/maven.log,RUNNER_EXCEPTION,Initial explicit-goal Symmaries pilot runner
RCM-04319,pilot-primary,D1,1,PASS,0,2026-08-08T22:42:45+00:00,2026-08-08T22:44:24+00:00,98.281,work/pilot/RCM-04319/D1/attempt-1/workspace,results/next-300-d1-runs/RCM-04319/D1/attempt-1/m2,.,benchmark-fallback,/home/lnk85/SymmariesProjectBits/symmaries-maven-evaluation/config/policies/empty-sources-and-sinks.xml,/home/lnk85/SymmariesProjectBits/symmaries-maven-evaluation/config/policies/empty-sources-and-sinks.xml,3f2d50ad2de30a80ce3fcf7a7fd8ef57f2aa30bdd621bc753d6165b0790b27fc,timeout 20m /home/lnk85/SymmariesProjectBits/symmaries-maven-evaluation/work/pilot/RCM-04319/D1/attempt-1/workspace/mvnw -B -ntp -s /home/lnk85/SymmariesProjectBits/symmaries-maven-evaluation/config/settings-pilot-host.xml -Dmaven.repo.local=/home/lnk85/SymmariesProjectBits/symmaries-maven-evaluation/results/next-300-d1-runs/RCM-04319/D1/attempt-1/m2 -Prelease-sign-artifacts clean package -DskipTests -Dmaven.javadoc.skip -Dgpg.skip -Dcyclonedx.skip,none,false,false,true,,,,,,,results/next-300-d1-runs/RCM-04319/D1/attempt-1/maven.log,,Initial explicit-goal Symmaries pilot runner
RCM-04674,pilot-primary,D1,1,FAIL_ENVIRONMENT,-1,2026-08-08T22:44:24+00:00,2026-08-08T22:44:24+00:00,0.084,work/pilot/RCM-04674/D1/attempt-1/workspace,results/next-300-d1-runs/RCM-04674/D1/attempt-1/m2,.,,,,,,none,false,false,true,,,,,,,results/next-300-d1-runs/RCM-04674/D1/attempt-1/maven.log,RUNNER_EXCEPTION,Initial explicit-goal Symmaries pilot runner
RCM-06788,pilot-primary,D1,1,FAIL_ENVIRONMENT,-1,2026-08-08T22:44:24+00:00,2026-08-08T22:44:25+00:00,0.842,work/pilot/RCM-06788/D1/attempt-1/workspace,results/next-300-d1-runs/RCM-06788/D1/attempt-1/m2,.,,,,,,none,false,false,true,,,,,,,results/next-300-d1-runs/RCM-06788/D1/attempt-1/maven.log,RUNNER_EXCEPTION,Initial explicit-goal Symmaries pilot runner
RCM-01041,pilot-primary,D1,1,PASS,0,2026-08-08T22:44:25+00:00,2026-08-08T22:45:09+00:00,44.648,work/pilot/RCM-01041/D1/attempt-1/workspace,results/next-300-d1-runs/RCM-01041/D1/attempt-1/m2,.,benchmark-fallback,/home/lnk85/SymmariesProjectBits/symmaries-maven-evaluation/config/policies/empty-sources-and-sinks.xml,/home/lnk85/SymmariesProjectBits/symmaries-maven-evaluation/config/policies/empty-sources-and-sinks.xml,3f2d50ad2de30a80ce3fcf7a7fd8ef57f2aa30bdd621bc753d6165b0790b27fc,timeout 20m /home/lnk85/SymmariesProjectBits/symmaries-maven-evaluation/work/pilot/RCM-01041/D1/attempt-1/workspace/mvnw -B -ntp -s /home/lnk85/SymmariesProjectBits/symmaries-maven-evaluation/config/settings-pilot-host.xml -Dmaven.repo.local=/home/lnk85/SymmariesProjectBits/symmaries-maven-evaluation/results/next-300-d1-runs/RCM-01041/D1/attempt-1/m2 clean package -DskipTests -Dmaven.javadoc.skip -Dgpg.skip -Dlicense.skip,none,false,false,true,,,,,,,results/next-300-d1-runs/RCM-01041/D1/attempt-1/maven.log,,Initial explicit-goal Symmaries pilot runner
RCM-00045,pilot-primary,D1,1,PASS,0,2026-08-08T22:45:09+00:00,2026-08-08T22:45:16+00:00,6.903,work/pilot/RCM-00045/D1/attempt-1/workspace,results/next-300-d1-runs/RCM-00045/D1/attempt-1/m2,.,benchmark-fallback,/home/lnk85/SymmariesProjectBits/symmaries-maven-evaluation/config/policies/empty-sources-and-sinks.xml,/home/lnk85/SymmariesProjectBits/symmaries-maven-evaluation/config/policies/empty-sources-and-sinks.xml,3f2d50ad2de30a80ce3fcf7a7fd8ef57f2aa30bdd621bc753d6165b0790b27fc,timeout 20m mvn -B -ntp -s /home/lnk85/SymmariesProjectBits/symmaries-maven-evaluation/config/settings-pilot-host.xml -Dmaven.repo.local=/home/lnk85/SymmariesProjectBits/symmaries-maven-evaluation/results/next-300-d1-runs/RCM-00045/D1/attempt-1/m2 -Papache-release clean package -DskipTests -Dmaven.javadoc.skip -Dgpg.skip,none,false,false,true,,,,,,,results/next-300-d1-runs/RCM-00045/D1/attempt-1/maven.log,,Initial explicit-goal Symmaries pilot runner
RCM-00651,pilot-primary,D1,1,PASS,0,2026-08-08T22:45:16+00:00,2026-08-08T22:45:24+00:00,8.002,work/pilot/RCM-00651/D1/attempt-1/workspace,results/next-300-d1-runs/RCM-00651/D1/attempt-1/m2,.,benchmark-fallback,/home/lnk85/SymmariesProjectBits/symmaries-maven-evaluation/config/policies/empty-sources-and-sinks.xml,/home/lnk85/SymmariesProjectBits/symmaries-maven-evaluation/config/policies/empty-sources-and-sinks.xml,3f2d50ad2de30a80ce3fcf7a7fd8ef57f2aa30bdd621bc753d6165b0790b27fc,timeout 20m /home/lnk85/SymmariesProjectBits/symmaries-maven-evaluation/work/pilot/RCM-00651/D1/attempt-1/workspace/mvnw -B -ntp -s /home/lnk85/SymmariesProjectBits/symmaries-maven-evaluation/config/settings-pilot-host.xml -Dmaven.repo.local=/home/lnk85/SymmariesProjectBits/symmaries-maven-evaluation/results/next-300-d1-runs/RCM-00651/D1/attempt-1/m2 -Papache-release clean package -DskipTests -Dmaven.javadoc.skip -Dgpg.skip,none,false,false,true,,,,,,,results/next-300-d1-runs/RCM-00651/D1/attempt-1/maven.log,,Initial explicit-goal Symmaries pilot runner
RCM-05876,pilot-primary,D1,1,PASS,0,2026-08-08T22:45:24+00:00,2026-08-08T22:45:32+00:00,7.44,work/pilot/RCM-05876/D1/attempt-1/workspace,results/next-300-d1-runs/RCM-05876/D1/attempt-1/m2,.,benchmark-fallback,/home/lnk85/SymmariesProjectBits/symmaries-maven-evaluation/config/policies/empty-sources-and-sinks.xml,/home/lnk85/SymmariesProjectBits/symmaries-maven-evaluation/config/policies/empty-sources-and-sinks.xml,3f2d50ad2de30a80ce3fcf7a7fd8ef57f2aa30bdd621bc753d6165b0790b27fc,timeout 20m mvn -B -ntp -s /home/lnk85/SymmariesProjectBits/symmaries-maven-evaluation/config/settings-pilot-host.xml -Dmaven.repo.local=/home/lnk85/SymmariesProjectBits/symmaries-maven-evaluation/results/next-300-d1-runs/RCM-05876/D1/attempt-1/m2 -Papache-release clean package -DskipTests -Dmaven.javadoc.skip -Dgpg.skip,none,false,false,true,,,,,,,results/next-300-d1-runs/RCM-05876/D1/attempt-1/maven.log,,Initial explicit-goal Symmaries pilot runner
RCM-05325,pilot-primary,D1,1,PASS,0,2026-08-08T22:45:32+00:00,2026-08-08T22:45:46+00:00,14.51,work/pilot/RCM-05325/D1/attempt-1/workspace,results/next-300-d1-runs/RCM-05325/D1/attempt-1/m2,.,benchmark-fallback,/home/lnk85/SymmariesProjectBits/symmaries-maven-evaluation/config/policies/empty-sources-and-sinks.xml,/home/lnk85/SymmariesProjectBits/symmaries-maven-evaluation/config/policies/empty-sources-and-sinks.xml,3f2d50ad2de30a80ce3fcf7a7fd8ef57f2aa30bdd621bc753d6165b0790b27fc,timeout 20m /home/lnk85/SymmariesProjectBits/symmaries-maven-evaluation/work/pilot/RCM-05325/D1/attempt-1/workspace/mvnw -B -ntp -s /home/lnk85/SymmariesProjectBits/symmaries-maven-evaluation/config/settings-pilot-host.xml -Dmaven.repo.local=/home/lnk85/SymmariesProjectBits/symmaries-maven-evaluation/results/next-300-d1-runs/RCM-05325/D1/attempt-1/m2 clean package -DskipTests -Dmaven.javadoc.skip -Dgpg.skip,none,false,false,true,,,,,,,results/next-300-d1-runs/RCM-05325/D1/attempt-1/maven.log,,Initial explicit-goal Symmaries pilot runner
RCM-07460,pilot-primary,D1,1,PASS,0,2026-08-08T22:45:47+00:00,2026-08-08T22:46:00+00:00,13.467,work/pilot/RCM-07460/D1/attempt-1/workspace,results/next-300-d1-runs/RCM-07460/D1/attempt-1/m2,.,benchmark-fallback,/home/lnk85/SymmariesProjectBits/symmaries-maven-evaluation/config/policies/empty-sources-and-sinks.xml,/home/lnk85/SymmariesProjectBits/symmaries-maven-evaluation/config/policies/empty-sources-and-sinks.xml,3f2d50ad2de30a80ce3fcf7a7fd8ef57f2aa30bdd621bc753d6165b0790b27fc,timeout 20m mvn -B -ntp -s /home/lnk85/SymmariesProjectBits/symmaries-maven-evaluation/config/settings-pilot-host.xml -Dmaven.repo.local=/home/lnk85/SymmariesProjectBits/symmaries-maven-evaluation/results/next-300-d1-runs/RCM-07460/D1/attempt-1/m2 -Papache-release clean package -DskipTests -Dmaven.javadoc.skip -Dgpg.skip,none,false,false,true,,,,,,,results/next-300-d1-runs/RCM-07460/D1/attempt-1/maven.log,,Initial explicit-goal Symmaries pilot runner
RCM-03779,pilot-primary,D1,1,PASS,0,2026-08-08T22:46:00+00:00,2026-08-08T22:46:10+00:00,9.544,work/pilot/RCM-03779/D1/attempt-1/workspace,results/next-300-d1-runs/RCM-03779/D1/attempt-1/m2,.,benchmark-fallback,/home/lnk85/SymmariesProjectBits/symmaries-maven-evaluation/config/policies/empty-sources-and-sinks.xml,/home/lnk85/SymmariesProjectBits/symmaries-maven-evaluation/config/policies/empty-sources-and-sinks.xml,3f2d50ad2de30a80ce3fcf7a7fd8ef57f2aa30bdd621bc753d6165b0790b27fc,timeout 20m mvn -B -ntp -s /home/lnk85/SymmariesProjectBits/symmaries-maven-evaluation/config/settings-pilot-host.xml -Dmaven.repo.local=/home/lnk85/SymmariesProjectBits/symmaries-maven-evaluation/results/next-300-d1-runs/RCM-03779/D1/attempt-1/m2 -Pcentral clean package -DskipTests -Dmaven.javadoc.skip -Dgpg.skip,none,false,false,true,,,,,,,results/next-300-d1-runs/RCM-03779/D1/attempt-1/maven.log,,Initial explicit-goal Symmaries pilot runner
RCM-07711,pilot-primary,D1,1,PASS,0,2026-08-08T22:46:10+00:00,2026-08-08T22:46:18+00:00,8.703,work/pilot/RCM-07711/D1/attempt-1/workspace,results/next-300-d1-runs/RCM-07711/D1/attempt-1/m2,.,benchmark-fallback,/home/lnk85/SymmariesProjectBits/symmaries-maven-evaluation/config/policies/empty-sources-and-sinks.xml,/home/lnk85/SymmariesProjectBits/symmaries-maven-evaluation/config/policies/empty-sources-and-sinks.xml,3f2d50ad2de30a80ce3fcf7a7fd8ef57f2aa30bdd621bc753d6165b0790b27fc,timeout 20m mvn -B -ntp -s /home/lnk85/SymmariesProjectBits/symmaries-maven-evaluation/config/settings-pilot-host.xml -Dmaven.repo.local=/home/lnk85/SymmariesProjectBits/symmaries-maven-evaluation/results/next-300-d1-runs/RCM-07711/D1/attempt-1/m2 -Papache-release clean package -DskipTests -Dmaven.javadoc.skip -Dgpg.skip,none,false,false,true,,,,,,,results/next-300-d1-runs/RCM-07711/D1/attempt-1/maven.log,,Initial explicit-goal Symmaries pilot runner
RCM-00474,pilot-primary,D1,1,PASS,0,2026-08-08T22:46:18+00:00,2026-08-08T22:46:31+00:00,12.521,work/pilot/RCM-00474/D1/attempt-1/workspace,results/next-300-d1-runs/RCM-00474/D1/attempt-1/m2,.,benchmark-fallback,/home/lnk85/SymmariesProjectBits/symmaries-maven-evaluation/config/policies/empty-sources-and-sinks.xml,/home/lnk85/SymmariesProjectBits/symmaries-maven-evaluation/config/policies/empty-sources-and-sinks.xml,3f2d50ad2de30a80ce3fcf7a7fd8ef57f2aa30bdd621bc753d6165b0790b27fc,timeout 20m /home/lnk85/SymmariesProjectBits/symmaries-maven-evaluation/work/pilot/RCM-00474/D1/attempt-1/workspace/mvnw -B -ntp -s /home/lnk85/SymmariesProjectBits/symmaries-maven-evaluation/config/settings-pilot-host.xml -Dmaven.repo.local=/home/lnk85/SymmariesProjectBits/symmaries-maven-evaluation/results/next-300-d1-runs/RCM-00474/D1/attempt-1/m2 -Prelease clean package -DskipTests -Dmaven.javadoc.skip -Dgpg.skip,none,false,false,true,,,,,,,results/next-300-d1-runs/RCM-00474/D1/attempt-1/maven.log,,Initial explicit-goal Symmaries pilot runner
RCM-09279,pilot-primary,D1,1,PASS,0,2026-08-08T22:46:31+00:00,2026-08-08T22:46:41+00:00,9.883,work/pilot/RCM-09279/D1/attempt-1/workspace,results/next-300-d1-runs/RCM-09279/D1/attempt-1/m2,.,benchmark-fallback,/home/lnk85/SymmariesProjectBits/symmaries-maven-evaluation/config/policies/empty-sources-and-sinks.xml,/home/lnk85/SymmariesProjectBits/symmaries-maven-evaluation/config/policies/empty-sources-and-sinks.xml,3f2d50ad2de30a80ce3fcf7a7fd8ef57f2aa30bdd621bc753d6165b0790b27fc,timeout 20m mvn -B -ntp -s /home/lnk85/SymmariesProjectBits/symmaries-maven-evaluation/config/settings-pilot-host.xml -Dmaven.repo.local=/home/lnk85/SymmariesProjectBits/symmaries-maven-evaluation/results/next-300-d1-runs/RCM-09279/D1/attempt-1/m2 clean package -DskipTests -Dmaven.javadoc.skip -Dgpg.skip,none,false,false,true,,,,,,,results/next-300-d1-runs/RCM-09279/D1/attempt-1/maven.log,,Initial explicit-goal Symmaries pilot runner
RCM-07090,pilot-primary,D1,1,PASS,0,2026-08-08T22:46:41+00:00,2026-08-08T22:47:10+00:00,28.818,work/pilot/RCM-07090/D1/attempt-1/workspace,results/next-300-d1-runs/RCM-07090/D1/attempt-1/m2,.,benchmark-fallback,/home/lnk85/SymmariesProjectBits/symmaries-maven-evaluation/config/policies/empty-sources-and-sinks.xml,/home/lnk85/SymmariesProjectBits/symmaries-maven-evaluation/config/policies/empty-sources-and-sinks.xml,3f2d50ad2de30a80ce3fcf7a7fd8ef57f2aa30bdd621bc753d6165b0790b27fc,timeout 20m mvn -B -ntp -s /home/lnk85/SymmariesProjectBits/symmaries-maven-evaluation/config/settings-pilot-host.xml -Dmaven.repo.local=/home/lnk85/SymmariesProjectBits/symmaries-maven-evaluation/results/next-300-d1-runs/RCM-07090/D1/attempt-1/m2 -Papache-release clean package -DskipTests -Dmaven.javadoc.skip -Dgpg.skip,none,false,false,true,,,,,,,results/next-300-d1-runs/RCM-07090/D1/attempt-1/maven.log,,Initial explicit-goal Symmaries pilot runner
RCM-01178,pilot-primary,D1,1,PASS,0,2026-08-08T22:47:10+00:00,2026-08-08T22:47:16+00:00,6.041,work/pilot/RCM-01178/D1/attempt-1/workspace,results/next-300-d1-runs/RCM-01178/D1/attempt-1/m2,.,benchmark-fallback,/home/lnk85/SymmariesProjectBits/symmaries-maven-evaluation/config/policies/empty-sources-and-sinks.xml,/home/lnk85/SymmariesProjectBits/symmaries-maven-evaluation/config/policies/empty-sources-and-sinks.xml,3f2d50ad2de30a80ce3fcf7a7fd8ef57f2aa30bdd621bc753d6165b0790b27fc,timeout 20m mvn -B -ntp -s /home/lnk85/SymmariesProjectBits/symmaries-maven-evaluation/config/settings-pilot-host.xml -Dmaven.repo.local=/home/lnk85/SymmariesProjectBits/symmaries-maven-evaluation/results/next-300-d1-runs/RCM-01178/D1/attempt-1/m2 clean package -DskipTests -Dmaven.javadoc.skip,none,false,false,true,,,,,,,results/next-300-d1-runs/RCM-01178/D1/attempt-1/maven.log,,Initial explicit-goal Symmaries pilot runner
RCM-02177,pilot-primary,D1,1,FAIL_BUILD,1,2026-08-08T22:47:16+00:00,2026-08-08T22:47:36+00:00,19.816,work/pilot/RCM-02177/D1/attempt-1/workspace,results/next-300-d1-runs/RCM-02177/D1/attempt-1/m2,.,benchmark-fallback,/home/lnk85/SymmariesProjectBits/symmaries-maven-evaluation/config/policies/empty-sources-and-sinks.xml,/home/lnk85/SymmariesProjectBits/symmaries-maven-evaluation/config/policies/empty-sources-and-sinks.xml,3f2d50ad2de30a80ce3fcf7a7fd8ef57f2aa30bdd621bc753d6165b0790b27fc,timeout 20m mvn -B -ntp -s /home/lnk85/SymmariesProjectBits/symmaries-maven-evaluation/config/settings-pilot-host.xml -Dmaven.repo.local=/home/lnk85/SymmariesProjectBits/symmaries-maven-evaluation/results/next-300-d1-runs/RCM-02177/D1/attempt-1/m2 -Prelease clean package -DskipTests -Dmaven.javadoc.skip -Dgpg.skip,none,false,false,true,,,,,,,results/next-300-d1-runs/RCM-02177/D1/attempt-1/maven.log,MAVEN_OR_PLUGIN_FAILURE,Initial explicit-goal Symmaries pilot runner
RCM-06943,pilot-primary,D1,1,PASS,0,2026-08-08T22:47:36+00:00,2026-08-08T22:49:26+00:00,110.24,work/pilot/RCM-06943/D1/attempt-1/workspace,results/next-300-d1-runs/RCM-06943/D1/attempt-1/m2,.,benchmark-fallback,/home/lnk85/SymmariesProjectBits/symmaries-maven-evaluation/config/policies/empty-sources-and-sinks.xml,/home/lnk85/SymmariesProjectBits/symmaries-maven-evaluation/config/policies/empty-sources-and-sinks.xml,3f2d50ad2de30a80ce3fcf7a7fd8ef57f2aa30bdd621bc753d6165b0790b27fc,timeout 20m mvn -B -ntp -s /home/lnk85/SymmariesProjectBits/symmaries-maven-evaluation/config/settings-pilot-host.xml -Dmaven.repo.local=/home/lnk85/SymmariesProjectBits/symmaries-maven-evaluation/results/next-300-d1-runs/RCM-06943/D1/attempt-1/m2 -Papache-release clean package -DskipTests -Dmaven.javadoc.skip -Dgpg.skip,none,false,false,true,,,,,,,results/next-300-d1-runs/RCM-06943/D1/attempt-1/maven.log,,Initial explicit-goal Symmaries pilot runner
RCM-03010,pilot-primary,D1,1,PASS,0,2026-08-08T22:49:26+00:00,2026-08-08T22:49:56+00:00,29.471,work/pilot/RCM-03010/D1/attempt-1/workspace,results/next-300-d1-runs/RCM-03010/D1/attempt-1/m2,.,benchmark-fallback,/home/lnk85/SymmariesProjectBits/symmaries-maven-evaluation/config/policies/empty-sources-and-sinks.xml,/home/lnk85/SymmariesProjectBits/symmaries-maven-evaluation/config/policies/empty-sources-and-sinks.xml,3f2d50ad2de30a80ce3fcf7a7fd8ef57f2aa30bdd621bc753d6165b0790b27fc,timeout 20m /home/lnk85/SymmariesProjectBits/symmaries-maven-evaluation/work/pilot/RCM-03010/D1/attempt-1/workspace/mvnw -B -ntp -s /home/lnk85/SymmariesProjectBits/symmaries-maven-evaluation/config/settings-pilot-host.xml -Dmaven.repo.local=/home/lnk85/SymmariesProjectBits/symmaries-maven-evaluation/results/next-300-d1-runs/RCM-03010/D1/attempt-1/m2 -Pmaveniverse-release clean package -DskipTests -Dmaven.javadoc.skip -Dgpg.skip -Denforcer.skip,none,false,false,true,,,,,,,results/next-300-d1-runs/RCM-03010/D1/attempt-1/maven.log,,Initial explicit-goal Symmaries pilot runner
RCM-08044,pilot-primary,D1,1,FAIL_BUILD,1,2026-08-08T22:49:56+00:00,2026-08-08T22:49:57+00:00,1.115,work/pilot/RCM-08044/D1/attempt-1/workspace,results/next-300-d1-runs/RCM-08044/D1/attempt-1/m2,.,benchmark-fallback,/home/lnk85/SymmariesProjectBits/symmaries-maven-evaluation/config/policies/empty-sources-and-sinks.xml,/home/lnk85/SymmariesProjectBits/symmaries-maven-evaluation/config/policies/empty-sources-and-sinks.xml,3f2d50ad2de30a80ce3fcf7a7fd8ef57f2aa30bdd621bc753d6165b0790b27fc,"timeout 20m /home/lnk85/SymmariesProjectBits/symmaries-maven-evaluation/work/pilot/RCM-08044/D1/attempt-1/workspace/mvnw -B -ntp -s /home/lnk85/SymmariesProjectBits/symmaries-maven-evaluation/config/settings-pilot-host.xml -Dmaven.repo.local=/home/lnk85/SymmariesProjectBits/symmaries-maven-evaluation/results/next-300-d1-runs/RCM-08044/D1/attempt-1/m2 -Papache-release,royale-release clean verify -DskipTests -Dmaven.javadoc.skip -Dgpg.skip",none,false,false,true,,,,,,,results/next-300-d1-runs/RCM-08044/D1/attempt-1/maven.log,MAVEN_OR_PLUGIN_FAILURE,Initial explicit-goal Symmaries pilot runner
RCM-08083,pilot-primary,D1,1,PASS,0,2026-08-08T22:49:57+00:00,2026-08-08T22:52:23+00:00,146.221,work/pilot/RCM-08083/D1/attempt-1/workspace,results/next-300-d1-runs/RCM-08083/D1/attempt-1/m2,.,benchmark-fallback,/home/lnk85/SymmariesProjectBits/symmaries-maven-evaluation/config/policies/empty-sources-and-sinks.xml,/home/lnk85/SymmariesProjectBits/symmaries-maven-evaluation/config/policies/empty-sources-and-sinks.xml,3f2d50ad2de30a80ce3fcf7a7fd8ef57f2aa30bdd621bc753d6165b0790b27fc,"timeout 20m /home/lnk85/SymmariesProjectBits/symmaries-maven-evaluation/work/pilot/RCM-08083/D1/attempt-1/workspace/mvnw -B -ntp -s /home/lnk85/SymmariesProjectBits/symmaries-maven-evaluation/config/settings-pilot-host.xml -Dmaven.repo.local=/home/lnk85/SymmariesProjectBits/symmaries-maven-evaluation/results/next-300-d1-runs/RCM-08083/D1/attempt-1/m2 -Papache-release,skip_jakarta_ee_tests clean package -DskipTests -Dmaven.javadoc.skip -Dgpg.skip -Dmaven.test.skip",none,false,false,true,,,,,,,results/next-300-d1-runs/RCM-08083/D1/attempt-1/maven.log,,Initial explicit-goal Symmaries pilot runner
RCM-05538,pilot-primary,D1,1,FAIL_BUILD,1,2026-08-08T22:52:23+00:00,2026-08-08T22:52:25+00:00,1.872,work/pilot/RCM-05538/D1/attempt-1/workspace,results/next-300-d1-runs/RCM-05538/D1/attempt-1/m2,.,benchmark-fallback,/home/lnk85/SymmariesProjectBits/symmaries-maven-evaluation/config/policies/empty-sources-and-sinks.xml,/home/lnk85/SymmariesProjectBits/symmaries-maven-evaluation/config/policies/empty-sources-and-sinks.xml,3f2d50ad2de30a80ce3fcf7a7fd8ef57f2aa30bdd621bc753d6165b0790b27fc,timeout 20m mvn -B -ntp -s /home/lnk85/SymmariesProjectBits/symmaries-maven-evaluation/config/settings-pilot-host.xml -Dmaven.repo.local=/home/lnk85/SymmariesProjectBits/symmaries-maven-evaluation/results/next-300-d1-runs/RCM-05538/D1/attempt-1/m2 -Pio.wcm clean package -DskipTests -Dmaven.javadoc.skip '-Dtimestamp=${timestamp}',none,false,false,true,,,,,,,results/next-300-d1-runs/RCM-05538/D1/attempt-1/maven.log,MAVEN_OR_PLUGIN_FAILURE,Initial explicit-goal Symmaries pilot runner
RCM-10460,pilot-primary,D1,1,PASS,0,2026-08-08T22:52:25+00:00,2026-08-08T22:52:33+00:00,8.056,work/pilot/RCM-10460/D1/attempt-1/workspace,results/next-300-d1-runs/RCM-10460/D1/attempt-1/m2,.,benchmark-fallback,/home/lnk85/SymmariesProjectBits/symmaries-maven-evaluation/config/policies/empty-sources-and-sinks.xml,/home/lnk85/SymmariesProjectBits/symmaries-maven-evaluation/config/policies/empty-sources-and-sinks.xml,3f2d50ad2de30a80ce3fcf7a7fd8ef57f2aa30bdd621bc753d6165b0790b27fc,timeout 20m mvn -B -ntp -s /home/lnk85/SymmariesProjectBits/symmaries-maven-evaluation/config/settings-pilot-host.xml -Dmaven.repo.local=/home/lnk85/SymmariesProjectBits/symmaries-maven-evaluation/results/next-300-d1-runs/RCM-10460/D1/attempt-1/m2 clean package -DskipTests -Dmaven.javadoc.skip -Dgpg.skip,none,false,false,true,,,,,,,results/next-300-d1-runs/RCM-10460/D1/attempt-1/maven.log,,Initial explicit-goal Symmaries pilot runner
RCM-06957,pilot-primary,D1,1,PASS,0,2026-08-08T22:52:33+00:00,2026-08-08T22:55:48+00:00,194.934,work/pilot/RCM-06957/D1/attempt-1/workspace,results/next-300-d1-runs/RCM-06957/D1/attempt-1/m2,.,benchmark-fallback,/home/lnk85/SymmariesProjectBits/symmaries-maven-evaluation/config/policies/empty-sources-and-sinks.xml,/home/lnk85/SymmariesProjectBits/symmaries-maven-evaluation/config/policies/empty-sources-and-sinks.xml,3f2d50ad2de30a80ce3fcf7a7fd8ef57f2aa30bdd621bc753d6165b0790b27fc,timeout 20m mvn -B -ntp -s /home/lnk85/SymmariesProjectBits/symmaries-maven-evaluation/config/settings-pilot-host.xml -Dmaven.repo.local=/home/lnk85/SymmariesProjectBits/symmaries-maven-evaluation/results/next-300-d1-runs/RCM-06957/D1/attempt-1/m2 -Papache-release clean package -DskipTests -Dmaven.javadoc.skip -Dgpg.skip,none,false,false,true,,,,,,,results/next-300-d1-runs/RCM-06957/D1/attempt-1/maven.log,,Initial explicit-goal Symmaries pilot runner
RCM-09001,pilot-primary,D1,1,FAIL_BUILD,1,2026-08-08T22:55:48+00:00,2026-08-08T22:55:55+00:00,6.445,work/pilot/RCM-09001/D1/attempt-1/workspace,results/next-300-d1-runs/RCM-09001/D1/attempt-1/m2,.,benchmark-fallback,/home/lnk85/SymmariesProjectBits/symmaries-maven-evaluation/config/policies/empty-sources-and-sinks.xml,/home/lnk85/SymmariesProjectBits/symmaries-maven-evaluation/config/policies/empty-sources-and-sinks.xml,3f2d50ad2de30a80ce3fcf7a7fd8ef57f2aa30bdd621bc753d6165b0790b27fc,timeout 20m mvn -B -ntp -s /home/lnk85/SymmariesProjectBits/symmaries-maven-evaluation/config/settings-pilot-host.xml -Dmaven.repo.local=/home/lnk85/SymmariesProjectBits/symmaries-maven-evaluation/results/next-300-d1-runs/RCM-09001/D1/attempt-1/m2 -Pmojo-release clean package -DskipTests -Dmaven.javadoc.skip -Dgpg.skip,none,false,false,true,,,,,,,results/next-300-d1-runs/RCM-09001/D1/attempt-1/maven.log,MAVEN_OR_PLUGIN_FAILURE,Initial explicit-goal Symmaries pilot runner
RCM-09227,pilot-primary,D1,1,PASS,0,2026-08-08T22:55:55+00:00,2026-08-08T22:56:06+00:00,11.571,work/pilot/RCM-09227/D1/attempt-1/workspace,results/next-300-d1-runs/RCM-09227/D1/attempt-1/m2,.,benchmark-fallback,/home/lnk85/SymmariesProjectBits/symmaries-maven-evaluation/config/policies/empty-sources-and-sinks.xml,/home/lnk85/SymmariesProjectBits/symmaries-maven-evaluation/config/policies/empty-sources-and-sinks.xml,3f2d50ad2de30a80ce3fcf7a7fd8ef57f2aa30bdd621bc753d6165b0790b27fc,timeout 20m /home/lnk85/SymmariesProjectBits/symmaries-maven-evaluation/work/pilot/RCM-09227/D1/attempt-1/workspace/mvnw -B -ntp -s /home/lnk85/SymmariesProjectBits/symmaries-maven-evaluation/config/settings-pilot-host.xml -Dmaven.repo.local=/home/lnk85/SymmariesProjectBits/symmaries-maven-evaluation/results/next-300-d1-runs/RCM-09227/D1/attempt-1/m2 -Prelease clean package -DskipTests -Dmaven.javadoc.skip -Dgpg.skip,none,false,false,true,,,,,,,results/next-300-d1-runs/RCM-09227/D1/attempt-1/maven.log,,Initial explicit-goal Symmaries pilot runner
RCM-01449,pilot-primary,D1,1,PASS,0,2026-08-08T22:56:06+00:00,2026-08-08T22:56:22+00:00,15.347,work/pilot/RCM-01449/D1/attempt-1/workspace,results/next-300-d1-runs/RCM-01449/D1/attempt-1/m2,.,benchmark-fallback,/home/lnk85/SymmariesProjectBits/symmaries-maven-evaluation/config/policies/empty-sources-and-sinks.xml,/home/lnk85/SymmariesProjectBits/symmaries-maven-evaluation/config/policies/empty-sources-and-sinks.xml,3f2d50ad2de30a80ce3fcf7a7fd8ef57f2aa30bdd621bc753d6165b0790b27fc,timeout 20m mvn -B -ntp -s /home/lnk85/SymmariesProjectBits/symmaries-maven-evaluation/config/settings-pilot-host.xml -Dmaven.repo.local=/home/lnk85/SymmariesProjectBits/symmaries-maven-evaluation/results/next-300-d1-runs/RCM-01449/D1/attempt-1/m2 clean package -Prelease -DskipTests -Dmaven.javadoc.skip -Dgpg.skip,none,false,false,true,,,,,,,results/next-300-d1-runs/RCM-01449/D1/attempt-1/maven.log,,Initial explicit-goal Symmaries pilot runner
RCM-00611,pilot-primary,D1,1,PASS,0,2026-08-08T22:56:22+00:00,2026-08-08T22:56:38+00:00,16.557,work/pilot/RCM-00611/D1/attempt-1/workspace,results/next-300-d1-runs/RCM-00611/D1/attempt-1/m2,.,benchmark-fallback,/home/lnk85/SymmariesProjectBits/symmaries-maven-evaluation/config/policies/empty-sources-and-sinks.xml,/home/lnk85/SymmariesProjectBits/symmaries-maven-evaluation/config/policies/empty-sources-and-sinks.xml,3f2d50ad2de30a80ce3fcf7a7fd8ef57f2aa30bdd621bc753d6165b0790b27fc,timeout 20m /home/lnk85/SymmariesProjectBits/symmaries-maven-evaluation/work/pilot/RCM-00611/D1/attempt-1/workspace/mvnw -B -ntp -s /home/lnk85/SymmariesProjectBits/symmaries-maven-evaluation/config/settings-pilot-host.xml -Dmaven.repo.local=/home/lnk85/SymmariesProjectBits/symmaries-maven-evaluation/results/next-300-d1-runs/RCM-00611/D1/attempt-1/m2 -Prelease clean package -DskipTests -Dmaven.javadoc.skip -Dgpg.skip,none,false,false,true,,,,,,,results/next-300-d1-runs/RCM-00611/D1/attempt-1/maven.log,,Initial explicit-goal Symmaries pilot runner
RCM-09593,pilot-primary,D1,1,FAIL_BUILD,1,2026-08-08T22:56:38+00:00,2026-08-08T22:56:41+00:00,2.888,work/pilot/RCM-09593/D1/attempt-1/workspace,results/next-300-d1-runs/RCM-09593/D1/attempt-1/m2,.,benchmark-fallback,/home/lnk85/SymmariesProjectBits/symmaries-maven-evaluation/config/policies/empty-sources-and-sinks.xml,/home/lnk85/SymmariesProjectBits/symmaries-maven-evaluation/config/policies/empty-sources-and-sinks.xml,3f2d50ad2de30a80ce3fcf7a7fd8ef57f2aa30bdd621bc753d6165b0790b27fc,timeout 20m mvn -B -ntp -s /home/lnk85/SymmariesProjectBits/symmaries-maven-evaluation/config/settings-pilot-host.xml -Dmaven.repo.local=/home/lnk85/SymmariesProjectBits/symmaries-maven-evaluation/results/next-300-d1-runs/RCM-09593/D1/attempt-1/m2 -Papache-release clean package -DskipTests -Dmaven.javadoc.skip -Dgpg.skip,none,false,false,true,,,,,,,results/next-300-d1-runs/RCM-09593/D1/attempt-1/maven.log,MAVEN_OR_PLUGIN_FAILURE,Initial explicit-goal Symmaries pilot runner
RCM-02542,pilot-primary,D1,1,PASS,0,2026-08-08T22:56:41+00:00,2026-08-08T22:57:00+00:00,19.081,work/pilot/RCM-02542/D1/attempt-1/workspace,results/next-300-d1-runs/RCM-02542/D1/attempt-1/m2,.,benchmark-fallback,/home/lnk85/SymmariesProjectBits/symmaries-maven-evaluation/config/policies/empty-sources-and-sinks.xml,/home/lnk85/SymmariesProjectBits/symmaries-maven-evaluation/config/policies/empty-sources-and-sinks.xml,3f2d50ad2de30a80ce3fcf7a7fd8ef57f2aa30bdd621bc753d6165b0790b27fc,timeout 20m mvn -B -ntp -s /home/lnk85/SymmariesProjectBits/symmaries-maven-evaluation/config/settings-pilot-host.xml -Dmaven.repo.local=/home/lnk85/SymmariesProjectBits/symmaries-maven-evaluation/results/next-300-d1-runs/RCM-02542/D1/attempt-1/m2 -Pbase-deploy clean package -DskipTests -Dmaven.javadoc.skip -Dgpg.skip,none,false,false,true,,,,,,,results/next-300-d1-runs/RCM-02542/D1/attempt-1/maven.log,,Initial explicit-goal Symmaries pilot runner
RCM-09229,pilot-primary,D1,1,PASS,0,2026-08-08T22:57:00+00:00,2026-08-08T22:57:11+00:00,10.859,work/pilot/RCM-09229/D1/attempt-1/workspace,results/next-300-d1-runs/RCM-09229/D1/attempt-1/m2,.,benchmark-fallback,/home/lnk85/SymmariesProjectBits/symmaries-maven-evaluation/config/policies/empty-sources-and-sinks.xml,/home/lnk85/SymmariesProjectBits/symmaries-maven-evaluation/config/policies/empty-sources-and-sinks.xml,3f2d50ad2de30a80ce3fcf7a7fd8ef57f2aa30bdd621bc753d6165b0790b27fc,timeout 20m /home/lnk85/SymmariesProjectBits/symmaries-maven-evaluation/work/pilot/RCM-09229/D1/attempt-1/workspace/mvnw -B -ntp -s /home/lnk85/SymmariesProjectBits/symmaries-maven-evaluation/config/settings-pilot-host.xml -Dmaven.repo.local=/home/lnk85/SymmariesProjectBits/symmaries-maven-evaluation/results/next-300-d1-runs/RCM-09229/D1/attempt-1/m2 -Prelease clean package -DskipTests -Dmaven.javadoc.skip -Dgpg.skip,none,false,false,true,,,,,,,results/next-300-d1-runs/RCM-09229/D1/attempt-1/maven.log,,Initial explicit-goal Symmaries pilot runner
RCM-01433,pilot-primary,D1,1,PASS,0,2026-08-08T22:57:11+00:00,2026-08-08T22:57:26+00:00,14.788,work/pilot/RCM-01433/D1/attempt-1/workspace,results/next-300-d1-runs/RCM-01433/D1/attempt-1/m2,.,benchmark-fallback,/home/lnk85/SymmariesProjectBits/symmaries-maven-evaluation/config/policies/empty-sources-and-sinks.xml,/home/lnk85/SymmariesProjectBits/symmaries-maven-evaluation/config/policies/empty-sources-and-sinks.xml,3f2d50ad2de30a80ce3fcf7a7fd8ef57f2aa30bdd621bc753d6165b0790b27fc,timeout 20m mvn -B -ntp -s /home/lnk85/SymmariesProjectBits/symmaries-maven-evaluation/config/settings-pilot-host.xml -Dmaven.repo.local=/home/lnk85/SymmariesProjectBits/symmaries-maven-evaluation/results/next-300-d1-runs/RCM-01433/D1/attempt-1/m2 clean package -Prelease -DskipTests -Dmaven.javadoc.skip -Dgpg.skip,none,false,false,true,,,,,,,results/next-300-d1-runs/RCM-01433/D1/attempt-1/maven.log,,Initial explicit-goal Symmaries pilot runner
RCM-10089,pilot-primary,D1,1,PASS,0,2026-08-08T22:57:26+00:00,2026-08-08T22:57:38+00:00,12.02,work/pilot/RCM-10089/D1/attempt-1/workspace,results/next-300-d1-runs/RCM-10089/D1/attempt-1/m2,.,benchmark-fallback,/home/lnk85/SymmariesProjectBits/symmaries-maven-evaluation/config/policies/empty-sources-and-sinks.xml,/home/lnk85/SymmariesProjectBits/symmaries-maven-evaluation/config/policies/empty-sources-and-sinks.xml,3f2d50ad2de30a80ce3fcf7a7fd8ef57f2aa30bdd621bc753d6165b0790b27fc,timeout 20m mvn -B -ntp -s /home/lnk85/SymmariesProjectBits/symmaries-maven-evaluation/config/settings-pilot-host.xml -Dmaven.repo.local=/home/lnk85/SymmariesProjectBits/symmaries-maven-evaluation/results/next-300-d1-runs/RCM-10089/D1/attempt-1/m2 clean package -DskipTests -Dmaven.javadoc.skip -Dgpg.skip,none,false,false,true,,,,,,,results/next-300-d1-runs/RCM-10089/D1/attempt-1/maven.log,,Initial explicit-goal Symmaries pilot runner
RCM-09033,pilot-primary,D1,1,PASS,0,2026-08-08T22:57:38+00:00,2026-08-08T22:57:56+00:00,18.077,work/pilot/RCM-09033/D1/attempt-1/workspace,results/next-300-d1-runs/RCM-09033/D1/attempt-1/m2,.,benchmark-fallback,/home/lnk85/SymmariesProjectBits/symmaries-maven-evaluation/config/policies/empty-sources-and-sinks.xml,/home/lnk85/SymmariesProjectBits/symmaries-maven-evaluation/config/policies/empty-sources-and-sinks.xml,3f2d50ad2de30a80ce3fcf7a7fd8ef57f2aa30bdd621bc753d6165b0790b27fc,timeout 20m /home/lnk85/SymmariesProjectBits/symmaries-maven-evaluation/work/pilot/RCM-09033/D1/attempt-1/workspace/mvnw -B -ntp -s /home/lnk85/SymmariesProjectBits/symmaries-maven-evaluation/config/settings-pilot-host.xml -Dmaven.repo.local=/home/lnk85/SymmariesProjectBits/symmaries-maven-evaluation/results/next-300-d1-runs/RCM-09033/D1/attempt-1/m2 -Pmojo-release clean package -DskipTests -Dmaven.javadoc.skip -Dgpg.skip,none,false,false,true,,,,,,,results/next-300-d1-runs/RCM-09033/D1/attempt-1/maven.log,,Initial explicit-goal Symmaries pilot runner
RCM-10724,pilot-primary,D1,1,PASS,0,2026-08-08T22:57:56+00:00,2026-08-08T22:58:04+00:00,8.167,work/pilot/RCM-10724/D1/attempt-1/workspace,results/next-300-d1-runs/RCM-10724/D1/attempt-1/m2,.,benchmark-fallback,/home/lnk85/SymmariesProjectBits/symmaries-maven-evaluation/config/policies/empty-sources-and-sinks.xml,/home/lnk85/SymmariesProjectBits/symmaries-maven-evaluation/config/policies/empty-sources-and-sinks.xml,3f2d50ad2de30a80ce3fcf7a7fd8ef57f2aa30bdd621bc753d6165b0790b27fc,timeout 20m mvn -B -ntp -s /home/lnk85/SymmariesProjectBits/symmaries-maven-evaluation/config/settings-pilot-host.xml -Dmaven.repo.local=/home/lnk85/SymmariesProjectBits/symmaries-maven-evaluation/results/next-300-d1-runs/RCM-10724/D1/attempt-1/m2 clean package -DskipTests -Dmaven.javadoc.skip -Dgpg.skip,none,false,false,true,,,,,,,results/next-300-d1-runs/RCM-10724/D1/attempt-1/maven.log,,Initial explicit-goal Symmaries pilot runner
RCM-06293,pilot-primary,D1,1,FAIL_ENVIRONMENT,-1,2026-08-08T22:58:05+00:00,2026-08-08T22:58:05+00:00,0.646,work/pilot/RCM-06293/D1/attempt-1/workspace,results/next-300-d1-runs/RCM-06293/D1/attempt-1/m2,.,benchmark-fallback,/home/lnk85/SymmariesProjectBits/symmaries-maven-evaluation/config/policies/empty-sources-and-sinks.xml,/home/lnk85/SymmariesProjectBits/symmaries-maven-evaluation/config/policies/empty-sources-and-sinks.xml,3f2d50ad2de30a80ce3fcf7a7fd8ef57f2aa30bdd621bc753d6165b0790b27fc,,none,false,false,true,,,,,,,results/next-300-d1-runs/RCM-06293/D1/attempt-1/maven.log,RUNNER_EXCEPTION,Initial explicit-goal Symmaries pilot runner
RCM-07644,pilot-primary,D1,1,PASS,0,2026-08-08T22:58:05+00:00,2026-08-08T22:58:31+00:00,26.281,work/pilot/RCM-07644/D1/attempt-1/workspace,results/next-300-d1-runs/RCM-07644/D1/attempt-1/m2,.,benchmark-fallback,/home/lnk85/SymmariesProjectBits/symmaries-maven-evaluation/config/policies/empty-sources-and-sinks.xml,/home/lnk85/SymmariesProjectBits/symmaries-maven-evaluation/config/policies/empty-sources-and-sinks.xml,3f2d50ad2de30a80ce3fcf7a7fd8ef57f2aa30bdd621bc753d6165b0790b27fc,timeout 20m mvn -B -ntp -s /home/lnk85/SymmariesProjectBits/symmaries-maven-evaluation/config/settings-pilot-host.xml -Dmaven.repo.local=/home/lnk85/SymmariesProjectBits/symmaries-maven-evaluation/results/next-300-d1-runs/RCM-07644/D1/attempt-1/m2 -Papache-release clean package -DskipTests -Dmaven.javadoc.skip -Dgpg.skip -Dspotless.check.skip,none,false,false,true,,,,,,,results/next-300-d1-runs/RCM-07644/D1/attempt-1/maven.log,,Initial explicit-goal Symmaries pilot runner
RCM-05014,pilot-primary,D1,1,PASS,0,2026-08-08T22:58:32+00:00,2026-08-08T22:59:16+00:00,44.017,work/pilot/RCM-05014/D1/attempt-1/workspace,results/next-300-d1-runs/RCM-05014/D1/attempt-1/m2,.,benchmark-fallback,/home/lnk85/SymmariesProjectBits/symmaries-maven-evaluation/config/policies/empty-sources-and-sinks.xml,/home/lnk85/SymmariesProjectBits/symmaries-maven-evaluation/config/policies/empty-sources-and-sinks.xml,3f2d50ad2de30a80ce3fcf7a7fd8ef57f2aa30bdd621bc753d6165b0790b27fc,timeout 20m /home/lnk85/SymmariesProjectBits/symmaries-maven-evaluation/work/pilot/RCM-05014/D1/attempt-1/workspace/mvnw -B -ntp -s /home/lnk85/SymmariesProjectBits/symmaries-maven-evaluation/config/settings-pilot-host.xml -Dmaven.repo.local=/home/lnk85/SymmariesProjectBits/symmaries-maven-evaluation/results/next-300-d1-runs/RCM-05014/D1/attempt-1/m2 -Prelease clean package -DskipTests -Dmaven.javadoc.skip -Dgpg.skip,none,false,false,true,,,,,,,results/next-300-d1-runs/RCM-05014/D1/attempt-1/maven.log,,Initial explicit-goal Symmaries pilot runner
RCM-10605,pilot-primary,D1,1,PASS,0,2026-08-08T22:59:16+00:00,2026-08-08T22:59:25+00:00,9.374,work/pilot/RCM-10605/D1/attempt-1/workspace,results/next-300-d1-runs/RCM-10605/D1/attempt-1/m2,.,benchmark-fallback,/home/lnk85/SymmariesProjectBits/symmaries-maven-evaluation/config/policies/empty-sources-and-sinks.xml,/home/lnk85/SymmariesProjectBits/symmaries-maven-evaluation/config/policies/empty-sources-and-sinks.xml,3f2d50ad2de30a80ce3fcf7a7fd8ef57f2aa30bdd621bc753d6165b0790b27fc,timeout 20m mvn -B -ntp -s /home/lnk85/SymmariesProjectBits/symmaries-maven-evaluation/config/settings-pilot-host.xml -Dmaven.repo.local=/home/lnk85/SymmariesProjectBits/symmaries-maven-evaluation/results/next-300-d1-runs/RCM-10605/D1/attempt-1/m2 clean package -DskipTests -Dmaven.javadoc.skip -Dgpg.skip,none,false,false,true,,,,,,,results/next-300-d1-runs/RCM-10605/D1/attempt-1/maven.log,,Initial explicit-goal Symmaries pilot runner
RCM-06791,pilot-primary,D1,1,FAIL_ENVIRONMENT,-1,2026-08-08T22:59:25+00:00,2026-08-08T22:59:26+00:00,0.712,work/pilot/RCM-06791/D1/attempt-1/workspace,results/next-300-d1-runs/RCM-06791/D1/attempt-1/m2,.,,,,,,none,false,false,true,,,,,,,results/next-300-d1-runs/RCM-06791/D1/attempt-1/maven.log,RUNNER_EXCEPTION,Initial explicit-goal Symmaries pilot runner
RCM-02427,pilot-primary,D1,1,PASS,0,2026-08-08T22:59:26+00:00,2026-08-08T23:00:05+00:00,38.974,work/pilot/RCM-02427/D1/attempt-1/workspace,results/next-300-d1-runs/RCM-02427/D1/attempt-1/m2,.,benchmark-fallback,/home/lnk85/SymmariesProjectBits/symmaries-maven-evaluation/config/policies/empty-sources-and-sinks.xml,/home/lnk85/SymmariesProjectBits/symmaries-maven-evaluation/config/policies/empty-sources-and-sinks.xml,3f2d50ad2de30a80ce3fcf7a7fd8ef57f2aa30bdd621bc753d6165b0790b27fc,timeout 20m mvn -B -ntp -s /home/lnk85/SymmariesProjectBits/symmaries-maven-evaluation/config/settings-pilot-host.xml -Dmaven.repo.local=/home/lnk85/SymmariesProjectBits/symmaries-maven-evaluation/results/next-300-d1-runs/RCM-02427/D1/attempt-1/m2 -Prelease clean package -DskipTests -Dmaven.javadoc.skip -Dgpg.skip -Dcommons.release.dryRun -Dcommons.release.isDistModule=false -Dcommons.spdx.version=0.7.1 -Dspdx.skip,none,false,false,true,,,,,,,results/next-300-d1-runs/RCM-02427/D1/attempt-1/maven.log,,Initial explicit-goal Symmaries pilot runner
RCM-08872,pilot-primary,D1,1,PASS,0,2026-08-08T23:00:05+00:00,2026-08-08T23:00:16+00:00,10.779,work/pilot/RCM-08872/D1/attempt-1/workspace,results/next-300-d1-runs/RCM-08872/D1/attempt-1/m2,.,benchmark-fallback,/home/lnk85/SymmariesProjectBits/symmaries-maven-evaluation/config/policies/empty-sources-and-sinks.xml,/home/lnk85/SymmariesProjectBits/symmaries-maven-evaluation/config/policies/empty-sources-and-sinks.xml,3f2d50ad2de30a80ce3fcf7a7fd8ef57f2aa30bdd621bc753d6165b0790b27fc,timeout 20m mvn -B -ntp -s /home/lnk85/SymmariesProjectBits/symmaries-maven-evaluation/config/settings-pilot-host.xml -Dmaven.repo.local=/home/lnk85/SymmariesProjectBits/symmaries-maven-evaluation/results/next-300-d1-runs/RCM-08872/D1/attempt-1/m2 clean package -DskipTests -Dmaven.javadoc.skip -Dgpg.skip,none,false,false,true,,,,,,,results/next-300-d1-runs/RCM-08872/D1/attempt-1/maven.log,,Initial explicit-goal Symmaries pilot runner
RCM-05509,pilot-primary,D1,1,PASS,0,2026-08-08T23:00:16+00:00,2026-08-08T23:01:12+00:00,55.932,work/pilot/RCM-05509/D1/attempt-1/workspace,results/next-300-d1-runs/RCM-05509/D1/attempt-1/m2,.,benchmark-fallback,/home/lnk85/SymmariesProjectBits/symmaries-maven-evaluation/config/policies/empty-sources-and-sinks.xml,/home/lnk85/SymmariesProjectBits/symmaries-maven-evaluation/config/policies/empty-sources-and-sinks.xml,3f2d50ad2de30a80ce3fcf7a7fd8ef57f2aa30bdd621bc753d6165b0790b27fc,timeout 20m /home/lnk85/SymmariesProjectBits/symmaries-maven-evaluation/work/pilot/RCM-05509/D1/attempt-1/workspace/mvnw -B -ntp -s /home/lnk85/SymmariesProjectBits/symmaries-maven-evaluation/config/settings-pilot-host.xml -Dmaven.repo.local=/home/lnk85/SymmariesProjectBits/symmaries-maven-evaluation/results/next-300-d1-runs/RCM-05509/D1/attempt-1/m2 -Papache-release clean package -DskipTests -Dmaven.javadoc.skip -Dgpg.skip '-Dtimestamp=$timestamp',none,false,false,true,,,,,,,results/next-300-d1-runs/RCM-05509/D1/attempt-1/maven.log,,Initial explicit-goal Symmaries pilot runner
RCM-10140,pilot-primary,D1,1,PASS,0,2026-08-08T23:01:12+00:00,2026-08-08T23:03:09+00:00,117.248,work/pilot/RCM-10140/D1/attempt-1/workspace,results/next-300-d1-runs/RCM-10140/D1/attempt-1/m2,.,benchmark-fallback,/home/lnk85/SymmariesProjectBits/symmaries-maven-evaluation/config/policies/empty-sources-and-sinks.xml,/home/lnk85/SymmariesProjectBits/symmaries-maven-evaluation/config/policies/empty-sources-and-sinks.xml,3f2d50ad2de30a80ce3fcf7a7fd8ef57f2aa30bdd621bc753d6165b0790b27fc,timeout 20m /home/lnk85/SymmariesProjectBits/symmaries-maven-evaluation/work/pilot/RCM-10140/D1/attempt-1/workspace/mvnw -B -ntp -s /home/lnk85/SymmariesProjectBits/symmaries-maven-evaluation/config/settings-pilot-host.xml -Dmaven.repo.local=/home/lnk85/SymmariesProjectBits/symmaries-maven-evaluation/results/next-300-d1-runs/RCM-10140/D1/attempt-1/m2 -Prelease clean package -DskipTests -Dmaven.javadoc.skip -Dgpg.skip,none,false,false,true,,,,,,,results/next-300-d1-runs/RCM-10140/D1/attempt-1/maven.log,,Initial explicit-goal Symmaries pilot runner
RCM-10060,pilot-primary,D1,1,PASS,0,2026-08-08T23:03:09+00:00,2026-08-08T23:04:23+00:00,73.883,work/pilot/RCM-10060/D1/attempt-1/workspace,results/next-300-d1-runs/RCM-10060/D1/attempt-1/m2,.,benchmark-fallback,/home/lnk85/SymmariesProjectBits/symmaries-maven-evaluation/config/policies/empty-sources-and-sinks.xml,/home/lnk85/SymmariesProjectBits/symmaries-maven-evaluation/config/policies/empty-sources-and-sinks.xml,3f2d50ad2de30a80ce3fcf7a7fd8ef57f2aa30bdd621bc753d6165b0790b27fc,timeout 20m mvn -B -ntp -s /home/lnk85/SymmariesProjectBits/symmaries-maven-evaluation/config/settings-pilot-host.xml -Dmaven.repo.local=/home/lnk85/SymmariesProjectBits/symmaries-maven-evaluation/results/next-300-d1-runs/RCM-10060/D1/attempt-1/m2 clean package -DskipTests -Dmaven.javadoc.skip -Dgpg.skip -Dbuildinfo.ignore=,none,false,false,true,,,,,,,results/next-300-d1-runs/RCM-10060/D1/attempt-1/maven.log,,Initial explicit-goal Symmaries pilot runner
RCM-10787,pilot-primary,D1,1,PASS,0,2026-08-08T23:04:23+00:00,2026-08-08T23:04:30+00:00,7.173,work/pilot/RCM-10787/D1/attempt-1/workspace,results/next-300-d1-runs/RCM-10787/D1/attempt-1/m2,.,benchmark-fallback,/home/lnk85/SymmariesProjectBits/symmaries-maven-evaluation/config/policies/empty-sources-and-sinks.xml,/home/lnk85/SymmariesProjectBits/symmaries-maven-evaluation/config/policies/empty-sources-and-sinks.xml,3f2d50ad2de30a80ce3fcf7a7fd8ef57f2aa30bdd621bc753d6165b0790b27fc,timeout 20m mvn -B -ntp -s /home/lnk85/SymmariesProjectBits/symmaries-maven-evaluation/config/settings-pilot-host.xml -Dmaven.repo.local=/home/lnk85/SymmariesProjectBits/symmaries-maven-evaluation/results/next-300-d1-runs/RCM-10787/D1/attempt-1/m2 clean package -DskipTests -Dmaven.javadoc.skip -Dgpg.skip,none,false,false,true,,,,,,,results/next-300-d1-runs/RCM-10787/D1/attempt-1/maven.log,,Initial explicit-goal Symmaries pilot runner
RCM-07997,pilot-primary,D1,1,PASS,0,2026-08-08T23:04:30+00:00,2026-08-08T23:04:56+00:00,25.716,work/pilot/RCM-07997/D1/attempt-1/workspace,results/next-300-d1-runs/RCM-07997/D1/attempt-1/m2,.,benchmark-fallback,/home/lnk85/SymmariesProjectBits/symmaries-maven-evaluation/config/policies/empty-sources-and-sinks.xml,/home/lnk85/SymmariesProjectBits/symmaries-maven-evaluation/config/policies/empty-sources-and-sinks.xml,3f2d50ad2de30a80ce3fcf7a7fd8ef57f2aa30bdd621bc753d6165b0790b27fc,timeout 20m mvn -B -ntp -s /home/lnk85/SymmariesProjectBits/symmaries-maven-evaluation/config/settings-pilot-host.xml -Dmaven.repo.local=/home/lnk85/SymmariesProjectBits/symmaries-maven-evaluation/results/next-300-d1-runs/RCM-07997/D1/attempt-1/m2 -Papache-release clean package -DskipTests -Dmaven.javadoc.skip -Dgpg.skip,none,false,false,true,,,,,,,results/next-300-d1-runs/RCM-07997/D1/attempt-1/maven.log,,Initial explicit-goal Symmaries pilot runner
RCM-07668,pilot-primary,D1,1,PASS,0,2026-08-08T23:04:56+00:00,2026-08-08T23:05:07+00:00,11.022,work/pilot/RCM-07668/D1/attempt-1/workspace,results/next-300-d1-runs/RCM-07668/D1/attempt-1/m2,.,benchmark-fallback,/home/lnk85/SymmariesProjectBits/symmaries-maven-evaluation/config/policies/empty-sources-and-sinks.xml,/home/lnk85/SymmariesProjectBits/symmaries-maven-evaluation/config/policies/empty-sources-and-sinks.xml,3f2d50ad2de30a80ce3fcf7a7fd8ef57f2aa30bdd621bc753d6165b0790b27fc,timeout 20m mvn -B -ntp -s /home/lnk85/SymmariesProjectBits/symmaries-maven-evaluation/config/settings-pilot-host.xml -Dmaven.repo.local=/home/lnk85/SymmariesProjectBits/symmaries-maven-evaluation/results/next-300-d1-runs/RCM-07668/D1/attempt-1/m2 -Papache-release clean package -DskipTests -Dmaven.javadoc.skip -Dgpg.skip,none,false,false,true,,,,,,,results/next-300-d1-runs/RCM-07668/D1/attempt-1/maven.log,,Initial explicit-goal Symmaries pilot runner
RCM-06420,pilot-primary,D1,1,FAIL_BUILD,1,2026-08-08T23:05:07+00:00,2026-08-08T23:05:10+00:00,2.96,work/pilot/RCM-06420/D1/attempt-1/workspace,results/next-300-d1-runs/RCM-06420/D1/attempt-1/m2,.,benchmark-fallback,/home/lnk85/SymmariesProjectBits/symmaries-maven-evaluation/config/policies/empty-sources-and-sinks.xml,/home/lnk85/SymmariesProjectBits/symmaries-maven-evaluation/config/policies/empty-sources-and-sinks.xml,3f2d50ad2de30a80ce3fcf7a7fd8ef57f2aa30bdd621bc753d6165b0790b27fc,timeout 20m /home/lnk85/SymmariesProjectBits/symmaries-maven-evaluation/work/pilot/RCM-06420/D1/attempt-1/workspace/mvnw -B -ntp -s /home/lnk85/SymmariesProjectBits/symmaries-maven-evaluation/config/settings-pilot-host.xml -Dmaven.repo.local=/home/lnk85/SymmariesProjectBits/symmaries-maven-evaluation/results/next-300-d1-runs/RCM-06420/D1/attempt-1/m2 -Papache-release clean package -DskipTests -Dmaven.javadoc.skip -Dgpg.skip -Djava.version=,none,false,false,true,,,,,,,results/next-300-d1-runs/RCM-06420/D1/attempt-1/maven.log,MAVEN_OR_PLUGIN_FAILURE,Initial explicit-goal Symmaries pilot runner
RCM-04672,pilot-primary,D1,1,PASS,0,2026-08-08T23:05:10+00:00,2026-08-08T23:05:19+00:00,9.217,work/pilot/RCM-04672/D1/attempt-1/workspace,results/next-300-d1-runs/RCM-04672/D1/attempt-1/m2,.,benchmark-fallback,/home/lnk85/SymmariesProjectBits/symmaries-maven-evaluation/config/policies/empty-sources-and-sinks.xml,/home/lnk85/SymmariesProjectBits/symmaries-maven-evaluation/config/policies/empty-sources-and-sinks.xml,3f2d50ad2de30a80ce3fcf7a7fd8ef57f2aa30bdd621bc753d6165b0790b27fc,timeout 20m /home/lnk85/SymmariesProjectBits/symmaries-maven-evaluation/work/pilot/RCM-04672/D1/attempt-1/workspace/mvnw -B -ntp -s /home/lnk85/SymmariesProjectBits/symmaries-maven-evaluation/config/settings-pilot-host.xml -Dmaven.repo.local=/home/lnk85/SymmariesProjectBits/symmaries-maven-evaluation/results/next-300-d1-runs/RCM-04672/D1/attempt-1/m2 -Pmaven-central clean package -DskipTests -Dmaven.javadoc.skip -Dgpg.skip,none,false,false,true,,,,,,,results/next-300-d1-runs/RCM-04672/D1/attempt-1/maven.log,,Initial explicit-goal Symmaries pilot runner
RCM-05727,pilot-primary,D1,1,PASS,0,2026-08-08T23:05:19+00:00,2026-08-08T23:05:27+00:00,7.863,work/pilot/RCM-05727/D1/attempt-1/workspace,results/next-300-d1-runs/RCM-05727/D1/attempt-1/m2,.,benchmark-fallback,/home/lnk85/SymmariesProjectBits/symmaries-maven-evaluation/config/policies/empty-sources-and-sinks.xml,/home/lnk85/SymmariesProjectBits/symmaries-maven-evaluation/config/policies/empty-sources-and-sinks.xml,3f2d50ad2de30a80ce3fcf7a7fd8ef57f2aa30bdd621bc753d6165b0790b27fc,timeout 20m mvn -B -ntp -s /home/lnk85/SymmariesProjectBits/symmaries-maven-evaluation/config/settings-pilot-host.xml -Dmaven.repo.local=/home/lnk85/SymmariesProjectBits/symmaries-maven-evaluation/results/next-300-d1-runs/RCM-05727/D1/attempt-1/m2 -Prelease clean package -DskipTests -Dmaven.javadoc.skip -Dgpg.skip -Dbuildinfo.detect.skip=false,none,false,false,true,,,,,,,results/next-300-d1-runs/RCM-05727/D1/attempt-1/maven.log,,Initial explicit-goal Symmaries pilot runner
RCM-06505,pilot-primary,D1,1,PASS,0,2026-08-08T23:05:27+00:00,2026-08-08T23:05:46+00:00,18.511,work/pilot/RCM-06505/D1/attempt-1/workspace,results/next-300-d1-runs/RCM-06505/D1/attempt-1/m2,.,benchmark-fallback,/home/lnk85/SymmariesProjectBits/symmaries-maven-evaluation/config/policies/empty-sources-and-sinks.xml,/home/lnk85/SymmariesProjectBits/symmaries-maven-evaluation/config/policies/empty-sources-and-sinks.xml,3f2d50ad2de30a80ce3fcf7a7fd8ef57f2aa30bdd621bc753d6165b0790b27fc,timeout 20m mvn -B -ntp -s /home/lnk85/SymmariesProjectBits/symmaries-maven-evaluation/config/settings-pilot-host.xml -Dmaven.repo.local=/home/lnk85/SymmariesProjectBits/symmaries-maven-evaluation/results/next-300-d1-runs/RCM-06505/D1/attempt-1/m2 clean verify -DskipTests -Dgpg.skip -Dmaven.javadoc.skip -Dbuildinfo.ignore=,none,false,false,true,,,,,,,results/next-300-d1-runs/RCM-06505/D1/attempt-1/maven.log,,Initial explicit-goal Symmaries pilot runner
RCM-02543,pilot-primary,D1,1,PASS,0,2026-08-08T23:05:46+00:00,2026-08-08T23:06:10+00:00,24.391,work/pilot/RCM-02543/D1/attempt-1/workspace,results/next-300-d1-runs/RCM-02543/D1/attempt-1/m2,.,benchmark-fallback,/home/lnk85/SymmariesProjectBits/symmaries-maven-evaluation/config/policies/empty-sources-and-sinks.xml,/home/lnk85/SymmariesProjectBits/symmaries-maven-evaluation/config/policies/empty-sources-and-sinks.xml,3f2d50ad2de30a80ce3fcf7a7fd8ef57f2aa30bdd621bc753d6165b0790b27fc,timeout 20m mvn -B -ntp -s /home/lnk85/SymmariesProjectBits/symmaries-maven-evaluation/config/settings-pilot-host.xml -Dmaven.repo.local=/home/lnk85/SymmariesProjectBits/symmaries-maven-evaluation/results/next-300-d1-runs/RCM-02543/D1/attempt-1/m2 -Pbase-deploy clean package -DskipTests -Dmaven.javadoc.skip -Dgpg.skip,none,false,false,true,,,,,,,results/next-300-d1-runs/RCM-02543/D1/attempt-1/maven.log,,Initial explicit-goal Symmaries pilot runner
RCM-05296,pilot-primary,D1,1,PASS,0,2026-08-08T23:06:10+00:00,2026-08-08T23:06:44+00:00,33.971,work/pilot/RCM-05296/D1/attempt-1/workspace,results/next-300-d1-runs/RCM-05296/D1/attempt-1/m2,.,benchmark-fallback,/home/lnk85/SymmariesProjectBits/symmaries-maven-evaluation/config/policies/empty-sources-and-sinks.xml,/home/lnk85/SymmariesProjectBits/symmaries-maven-evaluation/config/policies/empty-sources-and-sinks.xml,3f2d50ad2de30a80ce3fcf7a7fd8ef57f2aa30bdd621bc753d6165b0790b27fc,timeout 20m /home/lnk85/SymmariesProjectBits/symmaries-maven-evaluation/work/pilot/RCM-05296/D1/attempt-1/workspace/mvnw -B -ntp -s /home/lnk85/SymmariesProjectBits/symmaries-maven-evaluation/config/settings-pilot-host.xml -Dmaven.repo.local=/home/lnk85/SymmariesProjectBits/symmaries-maven-evaluation/results/next-300-d1-runs/RCM-05296/D1/attempt-1/m2 clean package -DskipTests -Dmaven.javadoc.skip -Dgpg.skip -Dbuildinfo.detect.skip=false -Dbuildinfo.skipModules=,none,false,false,true,,,,,,,results/next-300-d1-runs/RCM-05296/D1/attempt-1/maven.log,,Initial explicit-goal Symmaries pilot runner
RCM-07084,pilot-primary,D1,1,PASS,0,2026-08-08T23:06:44+00:00,2026-08-08T23:07:04+00:00,20.064,work/pilot/RCM-07084/D1/attempt-1/workspace,results/next-300-d1-runs/RCM-07084/D1/attempt-1/m2,.,benchmark-fallback,/home/lnk85/SymmariesProjectBits/symmaries-maven-evaluation/config/policies/empty-sources-and-sinks.xml,/home/lnk85/SymmariesProjectBits/symmaries-maven-evaluation/config/policies/empty-sources-and-sinks.xml,3f2d50ad2de30a80ce3fcf7a7fd8ef57f2aa30bdd621bc753d6165b0790b27fc,timeout 20m mvn -B -ntp -s /home/lnk85/SymmariesProjectBits/symmaries-maven-evaluation/config/settings-pilot-host.xml -Dmaven.repo.local=/home/lnk85/SymmariesProjectBits/symmaries-maven-evaluation/results/next-300-d1-runs/RCM-07084/D1/attempt-1/m2 -Papache-release clean package -DskipTests -Dmaven.javadoc.skip -Dgpg.skip,none,false,false,true,,,,,,,results/next-300-d1-runs/RCM-07084/D1/attempt-1/maven.log,,Initial explicit-goal Symmaries pilot runner
