candidate_id,buildspec_path,buildspec_sha256,group_id,artifact_id,version,build_tool,maven_version,jdk_version,git_repository,git_revision,source_distribution,build_command,reference_repository,container_compatible,special_shell_command,status
RCM-00007,content/at/yawk/lz4/lz4-java/lz4-java-1.11.1.buildspec,75f178bcf92eb739fba4a99878888cd90dec823b149315f6232310a493b0c703,at/yawk/lz4,lz4-java,1.11.1,mvn-3.9.11,mvn-3.9.11,21,https://github.com/yawkat/lz4-java.git,v${version},,SHELL mvn package -DskipTests -Dmaven.javadoc.skip -Dbuildinfo.ignore=,,false,true,DISCOVERED
RCM-00023,content/biz/aQute/bnd/plugins/bnd-plugins-7.2.3.buildspec,df98034bc74f8b9b0507a4f7a63105abe322975395d13ec2de00f84a9074471d,biz.aQute.bnd,bnd-plugin-parent,7.2.3,mvn,mvn,17,https://github.com/bndtools/bnd,${version},,mvn -f maven-plugins/pom.xml clean verify -DskipTests -Dmaven.javadoc.skip -Dgpg.skip -Dinvoker.skip,,true,false,DISCOVERED
RCM-00029,content/ch/galinet/reproducible-build-maven-plugin/reproducible-build-maven-plugin-0.17.0.buildspec,2f29b80c85d164a4094ba4f33509e221cf9f54338e686744fa5bf682d0a55fb4,ch.galinet,reproducible-build-maven-plugin,0.17.0,mvn,mvn,8,https://github.com/nilsaellen/reproducible-build-maven-plugin.git,v${version},,mvn -Psonatype-oss-release clean package -DskipTests -Dmaven.javadoc.skip -Dgpg.skip,,true,false,DISCOVERED
RCM-00081,content/ch/qos/logback/logback-1.4.2.buildspec,e960618fc360933483ffe45c5732392c06b2abf22f86348e36a9ae52987ec08c,ch.qos.logback,logback-parent,1.4.2,mvn-3.8.6,mvn-3.8.6,19,https://github.com/qos-ch/logback.git,v${version},,mvn clean package -DskipTests,,true,false,DISCOVERED
RCM-00039,content/ch/qos/logback/access/access-2.0.4.buildspec,3499f4f94f9855afd71c1d67db8def6af15eca605a0ef9681356fefbd369ee3e,ch.qos.logback.access,parent,2.0.4,mvn,mvn,21,https://github.com/qos-ch/logback-access.git,v_${version},,mvn clean package -DskipTests -Dmaven.javadoc.skip -Dgpg.skip,,true,false,DISCOVERED
RCM-00045,content/ch/qos/logback/db/logback-db-1.2.11.1.buildspec,24693698caed717ebc4237a41708cc2299f528246e7848069e988d6eb07c454e,ch.qos.logback.db,logback-parent-db,1.2.11.1,mvn,mvn,8,https://github.com/qos-ch/logback-db.git,v_${version},,mvn -Papache-release clean package -DskipTests -Dmaven.javadoc.skip -Dgpg.skip,,true,false,DISCOVERED
RCM-00129,content/ch/qos/reload4j/reload4j-1.2.18.5.buildspec,f6794f6c25d8d162af8507a83fef9114624ac635158aff58be8886526d3b85bd,ch.qos.reload4j,reload4j,1.2.18.5,mvn,mvn,8,https://github.com/qos-ch/${artifactId}.git,v_${version},,mvn clean package -DskipTests -Dmaven.javadoc.skip -Dgpg.skip,,true,false,DISCOVERED
RCM-00141,content/ch/vorburger/mariaDB4j/mariaDB4j-pom-3.3.1.buildspec,4869a8c856d177503b057a625d2e30c99701bf9cbfe8f59876b874888e64267d,ch.vorburger.mariaDB4j,mariaDB4j,3.3.1,mvn-3.9.5,mvn-3.9.5,21,https://github.com/MariaDB4j/MariaDB4j.git,${artifactId}-${version},,mvn -Prelease clean package -DskipTests -Dmaven.javadoc.skip -Dgpg.skip,,true,false,DISCOVERED
RCM-00152,content/com/adobe/acs/aem-commons/acs-aem-commons-6.17.4.buildspec,6b08b81227895373eee5980146fe588edae88094dbdaa380849b3af0910b1cff,com.adobe.acs,acs-aem-commons,6.17.4,mvn-3.9.11,mvn-3.9.11,21,https://github.com/Adobe-Consulting-Services/${artifactId}.git,${artifactId}-${version},,mvn -Prelease clean package -DskipTests -Dmaven.javadoc.skip -Dgpg.skip,,true,false,DISCOVERED
RCM-00173,content/com/cognite/units/units-catalog/units-catalog-0.1.27.buildspec,f1a3d78d69dc253b1b5802634b51866220a9440304ca3d9ce55596c050ce9646,com.cognite.units,units-catalog,0.1.27,mvn,mvn,17,https://github.com/cognitedata/units-catalog.git,v${version},,mvn -Prelease clean package -DskipTests -Dmaven.javadoc.skip -Dgpg.skip,,true,false,DISCOVERED
RCM-00183,content/com/corgibytes/mrm/mrm-1.4.2.buildspec,5a9c60f5a558c686a346be01f43cdeb41920e14e624c8e408c19f3da5892ecfb,com.corgibytes,mrm,1.4.2,mvn,mvn,17,https://github.com/corgibytes/mrm,mrm-${version},,mvn -Pmojo-release clean package -DskipTests -Dmaven.javadoc.skip -Dgpg.skip,,true,false,DISCOVERED
RCM-00184,content/com/corgibytes/versions-maven-plugin/versions-maven-plugin-2.11.1.buildspec,eb9cb7c1ad552cf50c9a1e2029b11d3dd827c1a1aabb18462cd188e1dd81b31f,com.corgibytes,versions-maven-plugin,2.11.1,mvn,mvn,17,https://github.com/corgibytes/versions-maven-plugin,versions-maven-plugin-$version,,mvn -Pmojo-release clean package -DskipTests -Dmaven.javadoc.skip -Dgpg.skip,,true,false,DISCOVERED
RCM-00192,content/com/elharo/propernouns/propernouns-1.0.5.buildspec,d23b8acf51689315b886a7312bafd9e7ece903ded667783b07c26babd77c5f85,com.elharo,propernouns,1.0.5,mvn-3.9.11,mvn-3.9.11,8,https://github.com/elharo/${artifactId}.git,v${version},,mvn -Prelease clean package -DskipTests -Dmaven.javadoc.skip -Dgpg.skip -Dbuildinfo.detect.skip=false,,true,false,DISCOVERED
RCM-00186,content/com/elharo/docfix/docfix-1.0.5.buildspec,031f2859ad009315ee6357bdb28a359cae92d6bd066e79ed39d2941a7701b2fa,com.elharo.docfix,docfix-parent,1.0.5,mvn-3.9.11,mvn-3.9.11,11,https://github.com/elharo/docfix.git,v${version},,mvn -Prelease clean package -DskipTests -Dmaven.javadoc.skip -Dgpg.skip -Dbuildinfo.detect.skip=false,,true,false,DISCOVERED
RCM-00774,content/com/fasterxml/oss-parent/oss-parent-56.buildspec,932de6117e360ed3341035c722003622da387fabd73e0907d380a4d137fea4a5,com.fasterxml,oss-parent,56,mvn,mvn,11,https://github.com/FasterXML/${artifactId}.git,${artifactId}-${version},,mvn -Prelease clean package -DskipTests -Dmaven.javadoc.skip -Dgpg.skip,,true,false,DISCOVERED
RCM-00651,content/com/fasterxml/jackson/jackson-bom/jackson-bom-2.17.3.buildspec,003d504170485377da3d2d790a518e25c09f3712d64ad7e7b8655d30720ffc73,com.fasterxml.jackson,jackson-bom,2.17.3,mvn,mvn,11,https://github.com/FasterXML/jackson-bom.git,${artifactId}-${version},,mvn -Papache-release clean package -DskipTests -Dmaven.javadoc.skip -Dgpg.skip,,true,false,DISCOVERED
RCM-00708,content/com/fasterxml/jackson/jackson-parent/jackson-parent-2.20-rc1.buildspec,6d25f500ae1bbfb6d07edacc15b517d363a344d0aa8ee10d2ee914f114b1b346,com.fasterxml.jackson,jackson-parent,2.20-rc1,mvn,mvn,11,https://github.com/FasterXML/jackson-parent.git,${artifactId}-${version},,mvn -Papache-release clean package -DskipTests -Dmaven.javadoc.skip -Dgpg.skip,,true,false,DISCOVERED
RCM-00215,content/com/fasterxml/jackson/annotations/jackson-annotations-2.17.2.buildspec,f6787ffe643a919cc7b97062c84c887cbfd8c1406db3df243e0d3697f7c55870,com.fasterxml.jackson.core,jackson-annotations,2.17.2,mvn-3.9.3,mvn-3.9.3,8,https://github.com/FasterXML/${artifactId}.git,${artifactId}-${version},,mvn -Prelease clean package -DskipTests -Dmaven.javadoc.skip -Dgpg.skip,,true,false,DISCOVERED
RCM-00276,content/com/fasterxml/jackson/core/jackson-core-2.18.6.buildspec,e3796d3588de9c62b0134e689e1c2083b693ddbbf9bcc6cc0d237e443bf4b2e9,com.fasterxml.jackson.core,jackson-core,2.18.6,mvn-3.9.9,mvn-3.9.9,8,https://github.com/FasterXML/${artifactId}.git,${artifactId}-${version},,mvn -Prelease clean package -DskipTests -Dmaven.javadoc.skip -Dgpg.skip,,true,false,DISCOVERED
RCM-00340,content/com/fasterxml/jackson/databind/jackson-databind-2.20.0.buildspec,752d22adf3fdf7d219fb13bd7c739c956bff3d3995d741f42eca3728e91ac2b5,com.fasterxml.jackson.core,jackson-databind,2.20.0,mvn-3.9.11,mvn-3.9.11,8,https://github.com/FasterXML/${artifactId}.git,${artifactId}-${version},,mvn -Prelease clean package -DskipTests -Dgpg.skip -Dbuildinfo.ignore=,,true,false,DISCOVERED
RCM-00474,content/com/fasterxml/jackson/dataformat/jackson-dataformat-xml/jackson-dataformat-xml-2.19.1.buildspec,77a3c06244049d1be3a21d18917bcecd30eb6157b86f8a3da94520171b43c9be,com.fasterxml.jackson.dataformat,jackson-dataformat-xml,2.19.1,mvn-3.9.6,mvn-3.9.6,8,https://github.com/FasterXML/jackson-dataformat-xml.git,${artifactId}-${version},,mvn -Prelease clean package -DskipTests -Dmaven.javadoc.skip -Dgpg.skip,,true,false,DISCOVERED
RCM-00389,content/com/fasterxml/jackson/dataformat/jackson-dataformats-binary/jackson-dataformats-binary-2.20.2.buildspec,7ae53c929556f27801ceb1ae5270c321fd578f2db38e4d63f32f436723831390,com.fasterxml.jackson.dataformat,jackson-dataformats-binary,2.20.2,mvn-3.9.11,mvn-3.9.11,8,https://github.com/FasterXML/jackson-dataformats-binary.git,${artifactId}-${version},,mvn -Prelease clean package -DskipTests -Dgpg.skip -Dbuildinfo.ignore=,,true,false,DISCOVERED
RCM-00434,content/com/fasterxml/jackson/dataformat/jackson-dataformats-text/jackson-dataformats-text-2.20.1.buildspec,52f1103e8e603ac4d1356e194cbfde7f0a4a2fe0e91727f50b26c6de774325f7,com.fasterxml.jackson.dataformat,jackson-dataformats-text,2.20.1,mvn-3.9.11,mvn-3.9.11,8,https://github.com/FasterXML/jackson-dataformats-text.git,${artifactId}-${version},,mvn -Prelease clean package -DskipTests -Dgpg.skip -Dbuildinfo.ignore=,,true,false,DISCOVERED
RCM-00527,content/com/fasterxml/jackson/datatype/jackson-datatype-joda/jackson-datatype-joda-2.20.2.buildspec,be2f3bfd4d614036a477e2740a3837428f65ee483997f55b9cce2a19b893ef63,com.fasterxml.jackson.datatype,jackson-datatype-joda,2.20.2,mvn-3.9.11,mvn-3.9.11,8,https://github.com/FasterXML/jackson-datatype-joda.git,${artifactId}-${version},,mvn -Prelease clean package -DskipTests -Dgpg.skip -Dbuildinfo.ignore=,,true,false,DISCOVERED
RCM-00551,content/com/fasterxml/jackson/datatype/jackson-datatypes-collections/jackson-datatypes-collections-2.17.2.buildspec,4d7bcbe9c822b8987451fa906ddb0526539b81f05802d8bb49c5e5d8f8bdd989,com.fasterxml.jackson.datatype,jackson-datatypes-collections,2.17.2,mvn,mvn,8,https://github.com/FasterXML/jackson-datatypes-collections.git,${artifactId}-${version},,mvn clean package -Prelease -DskipTests -Dmaven.javadoc.skip -Dgpg.skip,,true,false,DISCOVERED
RCM-00611,content/com/fasterxml/jackson/datatype/jackson-datatypes-misc-parent/jackson-datatypes-misc-parent-2.19.0-rc2.buildspec,c89485c8d260e6742782332875b373bc930d9858565fb62b52fef855b6f4563f,com.fasterxml.jackson.datatype,jackson-datatypes-misc-parent,2.19.0-rc2,mvn-3.9.9,mvn-3.9.9,8,https://github.com/FasterXML/jackson-datatypes-misc.git,${artifactId}-${version},,mvn -Prelease clean package -DskipTests -Dmaven.javadoc.skip -Dgpg.skip,,true,false,DISCOVERED
RCM-00711,content/com/fasterxml/jackson/jr/jackson-jr-2.14.0.buildspec,83fade41dca8b93efb4084828e030c179d7b77997c87adc54464dd130d20c066,com.fasterxml.jackson.jr,jackson-jr-parent,2.14.0,mvn,mvn,8,https://github.com/FasterXML/jackson-jr.git,${artifactId}-${version},,mvn -Prelease clean package -DskipTests -Dmaven.javadoc.skip -Dgpg.skip,,true,false,DISCOVERED
RCM-00800,content/com/fasterxml/uuid/java-uuid-generator-4.2.0.buildspec,7b511f5132ec95b343ba57d9ec253850692282ccd7a8d67792dcacc5a0503373,com.fasterxml.uuid,java-uuid-generator,4.2.0,mvn-3.8.6,mvn-3.8.6,8,https://github.com/cowtowncoder/${artifactId}.git,${artifactId}-${version},,mvn -Prelease clean package -DskipTests -Dmaven.javadoc.skip -Dgpg.skip,,true,false,DISCOVERED
RCM-00811,content/com/fasterxml/woodstox/woodstox-core-7.1.1.buildspec,013c0fe795cd993f07ca35a59ca6d83882152397f0b4fce93ae48070e2f609b6,com.fasterxml.woodstox,woodstox-core,7.1.1,mvn,mvn,17,https://github.com/FasterXML/woodstox.git,${artifactId}-${version},,mvn -Prelease clean package -DskipTests -Dmaven.javadoc.skip -Dgpg.skip,,true,false,DISCOVERED
RCM-00825,content/com/flowlogix/flowlogix-11.2.1.buildspec,2ae60f55b37fcb4e61a98355f29cbc3f39a87da0e100e677678607d33b727b65,com.flowlogix,flowlogix,11.2.1,mvn-4.0.0-rc-5,mvn-4.0.0-rc-5,25,https://github.com/flowlogix/${artifactId}.git,Version-${version},,"mvn clean package -Pflowlogix-central-portal,docs,release-plugins -DskipTests -Dmaven.javadoc.skip -Dgpg.skip -Dskip-jee-examples -Dbuildinfo.ignore=",,true,false,DISCOVERED
RCM-00860,content/com/foreach/across/across-5.4.2.buildspec,829c72ec6b863b1f3bcc81ba3f52d7496d8c65ad2685f87f9af128cb6c42a6a6,com.foreach.across,across-base,5.4.2,mvn-3.9.9,mvn-3.9.9,8,https://github.com/foreach-across/across-framework.git,v${version},,mvn clean package -DskipTests -Dmaven.javadoc.skip -Dgpg.skip,,true,false,DISCOVERED
RCM-00871,content/com/foreach/across/platform/platform-6.0.0.buildspec,6d38d8d271b023ad8d5d759ec272c4a0d30dbc202b185fc1aa5a1ee9b4628852,com.foreach.across,across-platform-bom,6.0.0,mvn-3.9.9,mvn-3.9.9,17,https://github.com/foreach-across/across-platform.git,v${version},,mvn clean package -DskipTests -Dmaven.javadoc.skip -Dgpg.skip,,true,false,DISCOVERED
RCM-00873,content/com/github/adangel/liquibase/ext/liquibase-percona/liquibase-percona-2.0.0.buildspec,be8f0f95c7281fa4c7bc478150edf25a35794f31099aea773f23e796cecc0014,com.github.adangel.liquibase.ext,liquibase-percona,2.0.0,mvn,mvn,11,https://github.com/liquibase/${artifactId}.git,${artifactId}-${version},,mvn clean package -DskipTests -Dmaven.javadoc.skip -Dgpg.skip,,true,false,DISCOVERED
RCM-00894,content/com/github/hazendaz/base-parent/base-parent-41.buildspec,7751a6382e8e25ed2892fbcfbfbfa4b22c9a8c058d59394a4faee63378dbd9da,com.github.hazendaz,base-parent,41,mvn-3.9.9,mvn-3.9.9,17,https://github.com/hazendaz/${artifactId}.git,${artifactId}-${version},,mvn clean package -DskipTests -Dmaven.javadoc.skip -Dgpg.skip -Dlicense.skip,,true,false,DISCOVERED
RCM-00924,content/com/github/hazendaz/displaytag-doc/displaytag-doc-2.5.2.buildspec,af2407fad8cb45241091a72b55eee956b7b4ccb56bd1a9222cfbfe76c1f27a99,com.github.hazendaz,displaytag-doc,2.5.2,mvn-3.9.6,mvn-3.9.6,17,https://github.com/hazendaz/displaytag.git,${artifactId}-${version},,mvn -Papache-release clean package -DskipTests -Dmaven.javadoc.skip -Dgpg.skip -Dlicense.skip,,true,false,DISCOVERED
RCM-01012,content/com/github/hazendaz/htmlcompressor/htmlcompressor-1.9.2.buildspec,77a13bbbc2ef08287ffada10f41598fe1a14c1d194937fc9158e13473ee3ea21,com.github.hazendaz,htmlcompressor,1.9.2,mvn-3.9.9,mvn-3.9.9,21,https://github.com/hazendaz/${artifactId}.git,${artifactId}-${version},,mvn clean package -DskipTests -Dmaven.javadoc.skip -Dgpg.skip -Dlicense.skip,,true,false,DISCOVERED
RCM-01041,content/com/github/hazendaz/javabean-tester/javabean-tester-2.7.0.buildspec,17983aeb370e8ee5a1c59c6c74736a0db172e7834a46127fb749b8f52daf5627,com.github.hazendaz,javabean-tester,2.7.0,mvn-3.9.5,mvn-3.9.5,21,https://github.com/hazendaz/${artifactId}.git,${artifactId}-${version},,mvn clean package -DskipTests -Dmaven.javadoc.skip -Dgpg.skip -Dlicense.skip,,true,false,DISCOVERED
RCM-01143,content/com/github/hazendaz/sitemesh/sitemesh-2.5.2.buildspec,c3f1da8bef7abe7e2664811fe2296cf899cab909655f9f4983f929fd132ed57d,com.github.hazendaz,sitemesh,2.5.2,mvn-3.9.9,mvn-3.9.9,21,https://github.com/hazendaz/${artifactId}2.git,${artifactId}-${version},,mvn clean package -DskipTests -Dmaven.javadoc.skip -Dgpg.skip -Dlicense.skip,,true,false,DISCOVERED
RCM-01155,content/com/github/hazendaz/smartsprites/smartsprites-0.4.1.buildspec,bafa9f806b789b8df81e5a03590fdad0fd37caf1b3f0701697b60610f801358b,com.github.hazendaz,smartsprites,0.4.1,mvn-3.9.9,mvn-3.9.9,25,https://github.com/hazendaz/smartsprites.git,${artifactId}-${version},,mvn clean package -DskipTests -Dmaven.javadoc.skip -Dgpg.skip -Dlicense.skip,,true,false,DISCOVERED
RCM-00879,content/com/github/hazendaz/7zip/7zip-24.08.buildspec,336dee899a52ea7fc65a9b30fe4dcbac0b7caf9fe7a2803acf80c7f091e30065,com.github.hazendaz.7zip,7zip,24.08,mvn-3.9.8,mvn-3.9.8,17,https://github.com/hazendaz/7-zip.git,${artifactId}-${version},,mvn clean package -DskipTests -Dmaven.javadoc.skip -Dgpg.skip -Dlicense.skip,,true,false,DISCOVERED
RCM-00916,content/com/github/hazendaz/catch-exception/catch-exception-2.3.3.buildspec,11500a9063215e5b7b65e3e4e6f83067acfe823c1bd383a822e4cf9bfeeb357c,com.github.hazendaz.catch-exception,catch-exception-parent,2.3.3,mvn-3.9.9,mvn-3.9.9,22,https://github.com/hazendaz/catch-exception.git,${artifactId}-${version},,mvn clean package -DskipTests -Dmaven.javadoc.skip -Dgpg.skip -Dlicense.skip,,true,false,DISCOVERED
RCM-00992,content/com/github/hazendaz/git/github-desktop/github-desktop-3.5.11.buildspec,183903d5f39cdb48da35785a071b31d27b4ffa246fee64f5ddcbb6104da2dba5,com.github.hazendaz.git,github-desktop,3.5.11,mvn-3.9.12,mvn-3.9.12,21,https://github.com/hazendaz/${artifactId}.git,${artifactId}-${version},,mvn clean package -DskipTests -Dmaven.javadoc.skip -Dgpg.skip -Dlicense.skip,,true,false,DISCOVERED
RCM-01055,content/com/github/hazendaz/jmockit/jmockit-2.0.0.buildspec,b6662d1e233f50b34b67ad9624331a64c7afdf9e25cd0692848a32aa9120cce2,com.github.hazendaz.jmockit,jmockit-parent,2.0.0,mvn-3.9.9,mvn-3.9.9,25,https://github.com/hazendaz/jmockit1.git,${artifactId}-${version},,mvn clean package -DskipTests -Dmaven.javadoc.skip -Dgpg.skip -Dlicense.skip,,true,false,DISCOVERED
RCM-01064,content/com/github/hazendaz/maven/coveralls-maven-plugin/coveralls-maven-plugin-4.5.0-M4.buildspec,64bebc92ff627abc9e9ca237bf68e045567b6cb9a0ae8ccc611d77b260a10ea6,com.github.hazendaz.maven,coveralls-maven-plugin,4.5.0-M4,mvn-3.9.5,mvn-3.9.5,22,https://github.com/hazendaz/coveralls-maven-plugin.git,${artifactId}-${version},,mvn -Papache-release clean package -DskipTests -Dmaven.javadoc.skip -Dgpg.skip -Denforcer.skip,,true,false,DISCOVERED
RCM-01073,content/com/github/hazendaz/maven/directory-maven-plugin/directory-maven-plugin-1.1.2.buildspec,1e9c0aa9484bdbebfcfc64c69a2571b5279502d505dbde09d3b7d6144589f857,com.github.hazendaz.maven,directory-maven-plugin,1.1.2,mvn-3.9.6,mvn-3.9.6,21,https://github.com/hazendaz/${artifactId}.git,${artifactId}-${version},,mvn clean package -DskipTests -Dmaven.javadoc.skip -Dgpg.skip -Dlicense.skip,,true,false,DISCOVERED
RCM-01099,content/com/github/hazendaz/maven/htmlcompressor-maven-plugin/htmlcompressor-maven-plugin-2.3.0.buildspec,61e8ff2b7b968c1abc09baeecb1837e8f8b2405ad817e3624f140eafc230712f,com.github.hazendaz.maven,htmlcompressor-maven-plugin,2.3.0,mvn-3.9.9,mvn-3.9.9,25,https://github.com/hazendaz/${artifactId}.git,${artifactId}-${version},,mvn clean package -DskipTests -Dmaven.javadoc.skip -Dgpg.skip -Dlicense.skip,,true,false,DISCOVERED
RCM-01105,content/com/github/hazendaz/maven/makeself-maven-plugin/makeself-maven-plugin-1.11.1.buildspec,b70abdf2213bb216b1ac39607d756ea4db4c101fcffb3662a9602b530ccea90b,com.github.hazendaz.maven,makeself-maven-plugin,1.11.1,mvn-3.9.9,mvn-3.9.9,25,https://github.com/hazendaz/makeself-maven-plugin.git,${artifactId}-${version},,mvn -Papache-release clean package -DskipTests -Dmaven.javadoc.skip -Dgpg.skip -Dlicense.skip,,true,false,DISCOVERED
RCM-01122,content/com/github/hazendaz/maven/smartsprites-maven-plugin/smartsprites-maven-plugin-2.3.0.buildspec,62af608c143af1b2a2f2f4d41db0404a5542e30cf7c3c146ae5d80695ac5d409,com.github.hazendaz.maven,smartsprites-maven-plugin,2.3.0,mvn-3.8.6,mvn-3.8.6,22,https://github.com/hazendaz/${artifactId}.git,${artifactId}-${version},,mvn clean package -Dmaven.javadoc.skip -Dgpg.skip -Denforcer.skip -Dbuildinfo.ignore=,,true,false,DISCOVERED
RCM-01132,content/com/github/hazendaz/maven/whitespace-maven-plugin/whitespace-maven-plugin-1.6.0.buildspec,e5350d9a681c51392d6da589d70ef8d130c7cd3c63b5e5a9cb2ee4daf54a8663,com.github.hazendaz.maven,whitespace-maven-plugin,1.6.0,mvn-3.8.6,mvn-3.8.6,25,https://github.com/hazendaz/${artifactId}.git,${artifactId}-${version},,mvn clean package -Dmaven.javadoc.skip -Dgpg.skip -Denforcer.skip -Dbuildinfo.ignore=,,true,false,DISCOVERED
RCM-01139,content/com/github/hazendaz/maven/yuicompressor-maven-plugin/yuicompressor-maven-plugin-2.3.1.buildspec,3028256c0cd5e40085bf87265bb66bac55f80610016fefe6da2fd4eeb6c3641a,com.github.hazendaz.maven,yuicompressor-maven-plugin,2.3.1,mvn-3.9.9,mvn-3.9.9,25,https://github.com/hazendaz/yuicompressor-maven-plugin.git,${artifactId}-${version},,mvn -Papache-release clean package -DskipTests -Dmaven.javadoc.skip -Dgpg.skip -Dlicense.skip,,true,false,DISCOVERED
RCM-01159,content/com/github/hypfvieh/dbus-java/dbus-java-core-5.2.0.buildspec,a1a94d8f97581d43f4c7a14e97934ed1123ab9adb8210eb12b01b76300610319,com.github.hypfvieh,dbus-java-parent,5.2.0,mvn-3.9.11,mvn-3.9.11,25,https://github.com/hypfvieh/dbus-java.git,${artifactId}-${version},,mvn -Prelease clean package -DskipTests -Dmaven.javadoc.skip -Dgpg.skip,,true,false,DISCOVERED
RCM-01168,content/com/github/ldapchai/ldapchai-0.8.7.buildspec,76e4257789bb8ec268ea2ffd80077150a2b9db449991ed3a666a0c48d91742c2,com.github.ldapchai,ldapchai,0.8.7,mvn,mvn,22,https://github.com/ldapchai/${artifactId}.git,v${version},,mvn clean package -DskipJavadoc -Dcheckstyle.skip -Dmaven.test.skip -DskipSpotbugs,,true,false,DISCOVERED
RCM-01169,content/com/github/marschall/jakarta-jms-adapter/jakarta-jms-adapter-0.1.0.buildspec,49b4b5f0be86fa54d8ffac1817ddbc7da9b50a05dd0463f4bbe1240342e3a2a3,com.github.marschall,jakarta-jms-adapter,0.1.0,mvn,mvn,17,https://github.com/marschall/${artifactId}.git,${version},,mvn clean package -DskipTests -Dmaven.javadoc.skip,,true,false,DISCOVERED
RCM-01177,content/com/github/marschall/jfr-ejb/jfr-ejb-2.0.0.buildspec,292863eeb1838f2de0539af109300b08c3fb7ad7943e7a72b097f3db00f8cf75,com.github.marschall,jfr-ejb,2.0.0,mvn,mvn,17,https://github.com/marschall/${artifactId}.git,${version},,mvn clean package -DskipTests -Dmaven.javadoc.skip,,true,false,DISCOVERED
RCM-01178,content/com/github/marschall/jfr-jdbc/jfr-jdbc-0.5.0.buildspec,61611f54972ea3d154c4b1b2018b023e42670bb0a6c33d61cdf682404810c332,com.github.marschall,jfr-jdbc,0.5.0,mvn-3.9.11,mvn-3.9.11,17,https://github.com/marschall/${artifactId}.git,${version},,mvn clean package -DskipTests -Dmaven.javadoc.skip,,true,false,DISCOVERED
RCM-01180,content/com/github/marschall/jfr-jdbctemplate/jfr-jdbctemplate-3.0.0.buildspec,3a3364686c021522cd30d18e96b9184cc84cf17d6755ab5509a20eb31ed9382a,com.github.marschall,jfr-jdbctemplate,3.0.0,mvn,mvn,17,https://github.com/marschall/${artifactId}.git,${version},,mvn clean package -DskipTests -Dmaven.javadoc.skip,,true,false,DISCOVERED
RCM-01181,content/com/github/marschall/jfr-jmstemplate/jfr-jmstemplate-3.0.0.buildspec,27599c8864e4fddd8e3434b5c6c0cae5275c2af3b160ba4747abd1d0144a46ee,com.github.marschall,jfr-jmstemplate,3.0.0,mvn,mvn,17,https://github.com/marschall/${artifactId}.git,${version},,mvn clean package -DskipTests -Dmaven.javadoc.skip,,true,false,DISCOVERED
RCM-01182,content/com/github/marschall/jfr-maven-extension/jfr-maven-extension-0.2.0.buildspec,92e5354fecf576307d3eefd3205129989b205150374def50184542c7ed5f8ee3,com.github.marschall,jfr-maven-extension,0.2.0,mvn,mvn,11,https://github.com/marschall/${artifactId}.git,${version},,mvn clean package -DskipTests -Dmaven.javadoc.skip,,true,false,DISCOVERED
RCM-01183,content/com/github/marschall/jfr-servlet/jfr-servlet-1.0.0.buildspec,faf94142da0ae395376137b6f19ad0679b56283827a5371b62c5d713c44ecdfb,com.github.marschall,jfr-servlet,1.0.0,mvn,mvn,11,https://github.com/marschall/${artifactId}.git,${version},,mvn clean package -DskipTests -Dmaven.javadoc.skip,,true,false,DISCOVERED
RCM-01185,content/com/github/marschall/locking-datasource/locking-datasource-1.0.0.buildspec,97f165e340b8c7381833090817fb3e67f7d908dbbcc4a2016af6771759fcc3cc,com.github.marschall,locking-datasource,1.0.0,mvn-3.9.11,mvn-3.9.11,17,https://github.com/marschall/locking-datasource.git,${version},,mvn clean package -DskipTests -Dmaven.javadoc.skip -Dgpg.skip,,true,false,DISCOVERED
RCM-01186,content/com/github/marschall/memoryfilesystem-junit-provider/memoryfilesystem-junit-provider-2.0.1.buildspec,a452e62216d1bb3a91da41fa777647078936ef2458d43fe808c145aac6cf54f8,com.github.marschall,memoryfilesystem-junit-provider,2.0.1,mvn,mvn,17,https://github.com/marschall/${artifactId}.git,${version},,mvn clean package -DskipTests -Dmaven.javadoc.skip,,true,false,DISCOVERED
RCM-01190,content/com/github/marschall/micrometer-jfr/micrometer-jfr-1.16.2.buildspec,a378f974f75c53b2c840d61a1831059934e23e1ed3aad72a1c7196734efdb20a,com.github.marschall,micrometer-jfr,1.16.2,mvn,mvn,17,https://github.com/marschall/${artifactId}.git,${version},,mvn clean package -DskipTests -Dmaven.javadoc.skip,,true,false,DISCOVERED
RCM-01191,content/com/github/marschall/object-size/object-size-1.0.0.buildspec,f7f18ed34ce8a538fba7481dd8ddec3b24e48a6dc9b31c8a4e2a4d225694fecd,com.github.marschall,object-size,1.0.0,mvn-3.9.11,mvn-3.9.11,17,https://github.com/marschall/object-size.git,${version},,mvn clean package -DskipTests -Dmaven.javadoc.skip -Dgpg.skip,,true,false,DISCOVERED
RCM-01193,content/com/github/nbbrd/beanzooka/beanzooka-1.5.0.buildspec,e2d4112ccdf221f26bfa96aa559273263f48b4c0f4c52621598fb85f7e6abaac,com.github.nbbrd.beanzooka,beanzooka,1.5.0,mvn-3.9.12,mvn-3.9.12,21,https://github.com/nbbrd/beanzooka.git,v${version},,mvn -Pbase-deploy clean package -DskipTests -Dmaven.javadoc.skip -Dgpg.skip,,true,false,DISCOVERED
RCM-01209,content/com/github/nbbrd/heylogs/heylogs-0.8.0.buildspec,1301ed4a37a3273d58fbc8217766b59375e402e4520cc4c2dbd77296f06e6221,com.github.nbbrd.heylogs,heylogs-parent,0.8.0,mvn,mvn,21,https://github.com/nbbrd/heylogs.git,v${version},,mvn -Pbase-deploy clean package -DskipTests -Dmaven.javadoc.skip -Dgpg.skip,,true,false,DISCOVERED
RCM-01214,content/com/github/nbbrd/java-console-properties/java-console-properties-1.4.1.buildspec,a261df38e903a8b69feb3f6650a27768ae2074e48a6cd8ff8a37771ba6ec0cca,com.github.nbbrd.java-console-properties,java-console-properties,1.4.1,mvn,mvn,21,https://github.com/nbbrd/java-console-properties.git,v${version},,mvn -Pbase-deploy clean package -DskipTests -Dmaven.javadoc.skip -Dgpg.skip,,true,false,DISCOVERED
RCM-01215,content/com/github/nbbrd/java-design-util/java-design-util-1.10.0.buildspec,2f5db45cd973fe35d7757b085094f7cd54f88ac7490af904aa60aa2ab2cd6bc2,com.github.nbbrd.java-design-util,java-design-parent,1.10.0,mvn-3.9.12,mvn-3.9.12,21,https://github.com/nbbrd/java-design-util.git,v${version},,mvn -Pbase-deploy clean package -DskipTests -Dmaven.javadoc.skip -Dgpg.skip,,true,false,DISCOVERED
RCM-01225,content/com/github/nbbrd/java-desktop-util/java-desktop-util-2.4.0.buildspec,1187d6c04cff67781ab5682e672e9d1f3180e6d6db6c56974dc81069370ea8c2,com.github.nbbrd.java-desktop-util,java-desktop-util-parent,2.4.0,mvn,mvn,21,https://github.com/nbbrd/java-desktop-util.git,v${version},,mvn -Pbase-deploy clean package -DskipTests -Dmaven.javadoc.skip -Dgpg.skip,,true,false,DISCOVERED
RCM-01235,content/com/github/nbbrd/java-io-util/java-io-parent-0.0.32.buildspec,a1d2fdda491b6d0e22f3d56ddf44dab8794da9b4cf7eb90920da5157c2c55b63,com.github.nbbrd.java-io-util,java-io-parent,0.0.32,mvn,mvn,21,https://github.com/nbbrd/java-io-util.git,v${version},,mvn -Pbase-deploy clean package -DskipTests -Dmaven.javadoc.skip -Dgpg.skip,,true,false,DISCOVERED
RCM-01243,content/com/github/nbbrd/java-sql-util/java-sql-util-1.0.6.buildspec,dd3866df80c6afbce174675a7ae897b83331e3c131ea0c762f926b14e12eb856,com.github.nbbrd.java-sql-util,java-sql-parent,1.0.6,mvn,mvn,21,https://github.com/nbbrd/java-sql-util.git,v${version},,mvn -Pbase-deploy clean package -DskipTests -Dmaven.javadoc.skip -Dgpg.skip,,true,false,DISCOVERED
RCM-01251,content/com/github/nbbrd/jdplus-sdmx/jdplus-sdmx-3.4.0.buildspec,a7769f7fbf864d91b332c122d82724bf9fc859d84b92791248acac505e553b08,com.github.nbbrd.jdplus-sdmx,jdplus-sdmx,3.4.0,mvn-3.9.11,mvn-3.9.11,21,https://github.com/nbbrd/jdplus-sdmx.git,v${version},,mvn -Pbase-deploy clean package -DskipTests -Dmaven.javadoc.skip -Dgpg.skip,,true,false,DISCOVERED
RCM-01256,content/com/github/nbbrd/nbbrd-maven-tools/nbbrd-maven-tools-1.1.0.buildspec,dbb99ebff70a7b82066d204134ed57bb78c97e0cc40f0d060e047210a9863fc3,com.github.nbbrd.nbbrd-maven-tools,nbbrd-maven-tools,1.1.0,mvn,mvn,21,https://github.com/nbbrd/${artifactId}.git,v${version},,mvn -Pbase-deploy clean package -DskipTests -Dmaven.javadoc.skip -Dgpg.skip,,true,false,DISCOVERED
RCM-01263,content/com/github/nbbrd/picocsv/picocsv-2.6.0.buildspec,8403669d649f14b81a163245b0b774145b772011da9fde1ec793a5d921d3bb4b,com.github.nbbrd.picocsv,picocsv,2.6.0,mvn,mvn,21,https://github.com/nbbrd/picocsv.git,v${version},,mvn -Pbase-deploy clean package -DskipTests -Dmaven.javadoc.skip -Dgpg.skip,,true,false,DISCOVERED
RCM-01265,content/com/github/nbbrd/sasquatch/sasquatch-1.1.1.buildspec,9300702f00397c1f74412f665bc0a12fba1dec7c8e68c047864f3f28da739707,com.github.nbbrd.sasquatch,sasquatch-parent,1.1.1,mvn,mvn,21,https://github.com/nbbrd/sasquatch.git,v${version},,mvn -Pbase-deploy clean package -DskipTests -Dmaven.javadoc.skip -Dgpg.skip,,true,false,DISCOVERED
RCM-01268,content/com/github/nbbrd/sdmx-dl/sdmx-dl-3.0.0-beta.14.buildspec,c41300bb9554f960ca1b91c367c116545e8af30015a2f55377f1ce80016af216,com.github.nbbrd.sdmx-dl,sdmx-dl-parent,3.0.0-beta.14,mvn-3.9.9,mvn-3.9.9,21,https://github.com/nbbrd/sdmx-dl.git,v${version},,mvn -Pbase-deploy clean package -DskipTests -Dmaven.javadoc.skip -Dgpg.skip,,true,false,DISCOVERED
RCM-01278,content/com/github/nbbrd/spreadsheet4j/spreadsheet-2.6.0.buildspec,397242bab50d70c8e19c8927d4ea61bfaad85a8a0dcf235c5f04727fe4807fee,com.github.nbbrd.spreadsheet4j,spreadsheet-parent,2.6.0,mvn-3.9.12,mvn-3.9.12,21,https://github.com/nbbrd/spreadsheet4j.git,v${version},,mvn -Pbase-deploy clean package -DskipTests -Dmaven.javadoc.skip -Dgpg.skip,,true,false,DISCOVERED
RCM-01281,content/com/github/package-url/packageurl-java/packageurl-java-1.4.1.buildspec,0de3ba394bd20a057b363cb659d1b567f26e90e39a58fef309919730be88b992,com.github.package-url,packageurl-java,1.4.1,mvn,mvn,8,https://github.com/package-url/${artifactId}.git,${artifactId}-${version},,mvn -Prelease clean package -DskipTests -Dmaven.javadoc.skip -Dgpg.skip,,true,false,DISCOVERED
RCM-01307,content/com/github/psi-probe/psi-probe-5.1.1.buildspec,cb5ec6f2aa8318a03687b6efb240853620e450538fbe10f82de989b92577a4be,com.github.psi-probe,psi-probe,5.1.1,mvn-3.9.3,mvn-3.9.3,22,https://github.com/${artifactId}/${artifactId}.git,${artifactId}-${version},,mvn -Prelease clean package -DskipTests -Dmaven.javadoc.skip -Dgpg.skip -Denforcer.skip,,true,false,DISCOVERED
RCM-01320,content/com/github/seregamorph/maven-surefire-cached/maven-surefire-cached-0.22.buildspec,884a4b87403658fb590c05cd8216c88f1f7b6b3ff9d8eda2be569c42b6f31221,com.github.seregamorph,maven-surefire-cached,0.22,mvn,mvn,17,https://github.com/seregamorph/${artifactId}.git,v${version},,mvn clean package -DskipTests -Dmaven.javadoc.skip,,true,false,DISCOVERED
RCM-01341,content/com/github/seregamorph/maven-turbo-builder/maven-turbo-builder-1.0.buildspec,54310773947aba12f533dcfda0ad7304fe3794c60d13987055f0e9bc1fd12510,com.github.seregamorph,maven-turbo-builder,1.0,mvn,mvn,17,https://github.com/maven-turbo-reactor/${artifactId}.git,v${version},,mvn clean package -DskipTests -Dmaven.javadoc.skip,,true,false,DISCOVERED
RCM-01344,content/com/github/seregamorph/spring-test-smart-context/spring-test-smart-context-0.14.buildspec,6dd26ef574da7e88403da97fcf6e0d4fe1f4e88eb3da2be8eb3e228951614a59,com.github.seregamorph,spring-test-smart-context-parent,0.14,mvn,mvn,17,https://github.com/seregamorph/spring-test-smart-context.git,v${version},,mvn clean package -DskipTests -Dmaven.javadoc.skip -Dgpg.skip,,true,false,DISCOVERED
RCM-01347,content/com/github/seregamorph/test-distribution/test-distribution-0.10.buildspec,bbabe07833b3f84fb0ecfc57e2207a1a0076d186418564e9c48bfa42e56e1dfb,com.github.seregamorph,test-distribution,0.10,mvn,mvn,17,https://github.com/seregamorph/${artifactId}.git,v${version},,mvn clean package -DskipTests -Dmaven.javadoc.skip,,true,false,DISCOVERED
RCM-01361,content/com/github/sitture/env-config/env-config-1.9.0.buildspec,51bf9d0b83ee5012e82cafe10d7943485dad8754617409f1d9065f166762175f,com.github.sitture,env-config,1.9.0,mvn,mvn,11,https://github.com/sitture/env-config.git,${version},,mvn -Papache-release clean package -DskipTests -Dmaven.javadoc.skip -Dgpg.skip,,true,false,DISCOVERED
RCM-01378,content/com/github/spotbugs/spotbugs-maven-plugin/spotbugs-maven-plugin-4.7.3.3.buildspec,6e155b081727394280623b452837244bab33eadb07953500067ca46ac2946bd7,com.github.spotbugs,spotbugs-maven-plugin,4.7.3.3,mvn-3.8.6,mvn-3.8.6,17,https://github.com/spotbugs/${artifactId}.git,${artifactId}-${version},,mvn clean package -Prelease -DskipTests -Dmaven.javadoc.skip -Dgpg.skip,,true,false,DISCOVERED
RCM-01432,content/com/github/veithen/hermetic-security-manager/hermetic-security-manager-1.3.0.buildspec,b70cb5f7bd83526f78acdae6cca64138262c7b8eb34288dae4b4c483faff28bb,com.github.veithen,hermetic-security-manager,1.3.0,mvn,mvn,17,https://github.com/veithen/hermetic-security-manager.git,${version},,mvn -Prelease clean package -DskipTests -Dmaven.javadoc.skip -Dgpg.skip,,true,false,DISCOVERED
RCM-01433,content/com/github/veithen/jrel/jrel-0.1.0.buildspec,1251041f259bb16c5bdb9f295f6dbfb9803a87d30e0035a0fbd74c9d37a9de1a,com.github.veithen,jrel,0.1.0,mvn,mvn,11,https://github.com/veithen/${artifactId}.git,${version},,mvn clean package -Prelease -DskipTests -Dmaven.javadoc.skip -Dgpg.skip,,true,false,DISCOVERED
RCM-01457,content/com/github/veithen/parent/veithen-parent-42.buildspec,de74fcd11bdecafc8d5066dcc7b74a45c84a491917d35988e7cd8a5377da82af,com.github.veithen,parent,42,mvn,mvn,11,https://github.com/veithen/${artifactId}.git,${version},,mvn clean package -Prelease -DskipTests -Dmaven.javadoc.skip -Dgpg.skip,,true,false,DISCOVERED
RCM-01417,content/com/github/veithen/alta/alta-maven-plugin-0.8.1.buildspec,356835d0e006d87a7cb88c8771ae1ead7cb010e47facc7335d59c7be56fe68c6,com.github.veithen.alta,alta-maven-plugin,0.8.1,mvn,mvn,17,https://github.com/veithen/alta.git,${version},,mvn clean package -Prelease -DskipTests -Dmaven.javadoc.skip -Dgpg.skip,,true,false,DISCOVERED
RCM-01418,content/com/github/veithen/checkt/checkt-0.1.0.buildspec,41f982f5d5d88890ba8d4592a70104a1335de9b1dc80c017ee9ca9db2e82bd55,com.github.veithen.checkt,checkt,0.1.0,mvn,mvn,11,https://github.com/veithen/${artifactId}.git,${version},,mvn clean package -Prelease -DskipTests -Dmaven.javadoc.skip -Dgpg.skip,,true,false,DISCOVERED
RCM-01420,content/com/github/veithen/cosmos/cosmos-0.5.0.buildspec,1afa16f300aede01ba13402e37a0a90e79a3d5a6ba3a086a66ab3ba79e6a2767,com.github.veithen.cosmos,cosmos,0.5.0,mvn,mvn,11,https://github.com/veithen/${artifactId}.git,${version},,mvn clean package -Prelease -DskipTests -Dmaven.javadoc.skip -Dgpg.skip,,true,false,DISCOVERED
RCM-01428,content/com/github/veithen/daemon/daemon-0.6.1.buildspec,a62ab646825c3f2b028e8851a85383c36f745d8afd9f3bd521f7bb26b5e5d765,com.github.veithen.daemon,daemon,0.6.1,mvn,mvn,17,https://github.com/veithen/${artifactId}.git,${version},,mvn clean package -Prelease -DskipTests -Dmaven.javadoc.skip -Dgpg.skip,,true,false,DISCOVERED
RCM-01434,content/com/github/veithen/maven/eclipse-settings-maven-plugin/eclipse-settings-maven-plugin-0.3.0.buildspec,76e47d28f8f9b309047f9ff5125ba4c177957964ebaf3e7cbd76f47af314ee8f,com.github.veithen.maven,eclipse-settings-maven-plugin,0.3.0,mvn,mvn,11,https://github.com/veithen/${artifactId}.git,${version},,mvn clean package -Prelease -DskipTests -Dmaven.javadoc.skip -Dgpg.skip,,true,false,DISCOVERED
RCM-01435,content/com/github/veithen/maven/hermetic-maven-plugin/hermetic-maven-plugin-0.7.0.buildspec,d8f752359faca8d1705d18b6aa0b2bf02bf46194417f250a23e73edb4446cf00,com.github.veithen.maven,hermetic-maven-plugin,0.7.0,mvn,mvn,11,https://github.com/veithen/${artifactId}.git,${version},,mvn clean package -Prelease -DskipTests -Dmaven.javadoc.skip -Dgpg.skip,,true,false,DISCOVERED
RCM-01439,content/com/github/veithen/maven/jacoco-report-maven-plugin/jacoco-report-maven-plugin-0.4.0.buildspec,97e4fa669100d120c773831a72150096b3f236b3d5cf4c0fcd4c6c2531a4fd9f,com.github.veithen.maven,jacoco-report-maven-plugin,0.4.0,mvn,mvn,11,https://github.com/veithen/${artifactId}.git,${version},,mvn clean package -Prelease -DskipTests -Dmaven.javadoc.skip -Dgpg.skip,,true,false,DISCOVERED
RCM-01441,content/com/github/veithen/maven/java-format-maven-plugin/java-format-maven-plugin-0.2.0.buildspec,20dcd81cacb8bf605a517ab0edd9bbc0659f84c38436418d2472f516537e9a9e,com.github.veithen.maven,java-format-maven-plugin,0.2.0,mvn,mvn,11,https://github.com/veithen/${artifactId}.git,${version},,mvn clean package -Prelease -DskipTests -Dmaven.javadoc.skip -Dgpg.skip,,true,false,DISCOVERED
RCM-01442,content/com/github/veithen/maven/p2-maven-connector/p2-maven-connector-0.6.0.buildspec,9c729a9340a9937a1c997a964ebd7b2335af7e92223414dc81275855248703a2,com.github.veithen.maven,p2-maven-connector,0.6.0,mvn,mvn,11,https://github.com/veithen/${artifactId}.git,${version},,mvn clean package -Prelease -DskipTests -Dmaven.javadoc.skip -Dgpg.skip,,true,false,DISCOVERED
RCM-01448,content/com/github/veithen/maven/resolver-proxy-maven-plugin/resolver-proxy-maven-plugin-0.6.0.buildspec,edc26eacc9dc74820f80b517f8b16367ee7e90f697f08c0d5e5fb69afe3d1da5,com.github.veithen.maven,resolver-proxy-maven-plugin,0.6.0,mvn,mvn,21,https://github.com/veithen/${artifactId}.git,${version},,mvn clean package -Prelease -DskipTests -Dmaven.javadoc.skip -Dgpg.skip,,true,false,DISCOVERED
RCM-01449,content/com/github/veithen/maven/wsimport-maven-plugin/wsimport-maven-plugin-0.3.0.buildspec,ceabb712c9fe58f90679d5e8f673c1309aaa6e20b31b81f5378c45c74b452565,com.github.veithen.maven,wsimport-maven-plugin,0.3.0,mvn,mvn,17,https://github.com/veithen/${artifactId}.git,${version},,mvn clean package -Prelease -DskipTests -Dmaven.javadoc.skip -Dgpg.skip,,true,false,DISCOVERED
RCM-01451,content/com/github/veithen/maven/xjc-maven-plugin/xjc-maven-plugin-0.2.1.buildspec,11b2fa688a7cf2191541f01948ddb266bdb40c904678b98844d2e36585439709,com.github.veithen.maven,xjc-maven-plugin,0.2.1,mvn,mvn,17,https://github.com/veithen/${artifactId}.git,${version},,mvn clean package -Prelease -DskipTests -Dmaven.javadoc.skip -Dgpg.skip,,true,false,DISCOVERED
RCM-01474,content/com/github/veithen/phos/phos-0.4.1.buildspec,a197968073405d52776201369c8f26f884b41037807e18defdf4f4de6a8378fd,com.github.veithen.phos,phos,0.4.1,mvn,mvn,21,https://github.com/veithen/${artifactId}.git,${version},,mvn clean package -Prelease -DskipTests -Dmaven.javadoc.skip -Dgpg.skip,,true,false,DISCOVERED
RCM-01476,content/com/github/waffle/waffle/waffle-3.5.0.buildspec,731cfc2ed628bce1f90cca15c4c8e18cfa831cc2a0e85669d59b7f83cd5330eb,com.github.waffle,waffle,3.5.0,mvn-3.9.9,mvn-3.9.9,22,https://github.com/waffle/waffle.git,${artifactId}-${version},,mvn -f Source/JNA -Prelease clean package -DskipTests -Dmaven.javadoc.skip -Dgpg.skip,,true,false,DISCOVERED
RCM-01483,content/com/google/code/gson/gson-2.13.2-rc1.buildspec,96cc8bab0b6bc1a106916c08e83cbef5026b3a26445a695ae660bed819f7f541,com.google.code.gson,gson-parent,2.13.2-rc1,mvn-3.9.11,mvn-3.9.11,17,https://github.com/google/gson.git,${artifactId}-${version},,mvn clean package -Prelease -DskipTests -Dmaven.javadoc.skip -Dgpg.skip -Dbuildinfo.ignore=,,true,false,DISCOVERED
RCM-01518,content/com/google/guava/guava-33.4.4-jre.buildspec,aa596631032d23d9456f3c156385193a56fbf589e1b66e60d71ceda41a4f3f4d,com.google.guava,guava,33.4.4-jre,mvn-3.9.9,mvn-3.9.9,11,https://github.com/google/${artifactId}.git,v$(echo,,mvn clean verify -Psonatype-oss-release -DskipTests -Dmaven.javadoc.skip -Dgpg.skip,,true,false,DISCOVERED
RCM-01533,content/com/google/mug/mug-10.1.1.buildspec,095501267f73b7baafed9aa7bca91ec368e2401a8676d3cfcff42b656fbb2e8b,com.google.mug,mug-root,10.1.1,mvn-3.9.12,mvn-3.9.12,24,https://github.com/google/mug.git,${artifactId}-${version},,mvn clean verify -Prelease -DskipTests -Dmaven.javadoc.skip -Dgpg.skip -pl !mug-safesql-java16tests,,true,false,DISCOVERED
RCM-01559,content/com/hibegin/common-dao/common-dao-1.0.47.buildspec,b813ba63f36db5996260ad70d12ab86dc47957d70b73fd1795e2fc989d204e41,com.hibegin,common-dao,1.0.47,mvn-3.9.11,mvn-3.9.11,11,https://github.com/94fzb/common-dao,v${version},,mvn clean package -DskipTests -Dmaven.javadoc.skip -Dgpg.skip,,true,false,DISCOVERED
RCM-01646,content/com/hibegin/zrlog-base/zrlog-base-3.2.61.buildspec,f3a98ffb01603ea140c1b06584ae1659da8fbe8aeaf0a03813a5e09be0c83d8d,com.hibegin,zrlog-base,3.2.61,mvn-3.9.11,mvn-3.9.11,21,https://github.com/zrlog-extensions/zrlog-base,v${version},,mvn -Papache-release clean package -DskipTests -Dmaven.javadoc.skip -Dgpg.skip,,true,false,DISCOVERED
RCM-01684,content/com/homeofthewizard/gcp-secretmanager-maven-plugin/gcp-secretmanager-maven-plugin-1.0.0-beta.buildspec,b7d6ba9096a76866c7c581b51b936d72c6fa7578635903a5717b7bdcb0fa6246,com.homeofthewizard,gcp-secretmanager-maven-plugin,1.0.0-beta,mvn-3.9.11,mvn-3.9.11,21,https://github.com/homeofthewizard/gcp-secretmanager-maven-plugin.git,v${version},,mvn -Ppublication clean package -DskipTests -Dmaven.javadoc.skip -Dgpg.skip,,true,false,DISCOVERED
RCM-01685,content/com/homeofthewizard/spring-bridge-maven-plugin/spring-bridge-maven-plugin-1.0.0-alpha.buildspec,642355df8c11c81a013a1e7649cafa64f16a52de98c230def86a265044931b20,com.homeofthewizard,spring-bridge-maven-plugin,1.0.0-alpha,mvn,mvn,17,https://github.com/homeofthewizard/${artifactId}.git,${version},,mvn -Ppublication clean package -DskipTests -Dmaven.javadoc.skip -Dgpg.skip,,true,false,DISCOVERED
RCM-01688,content/com/homeofthewizard/vault-maven-plugin/vault-maven-plugin-1.1.7.buildspec,611cb4ed9d2e239fe02bfe29568d77377f0b9977102b1abd4bfe513c32efa64e,com.homeofthewizard,vault-maven-plugin,1.1.7,mvn,mvn,11,https://github.com/homeofthewizard/${artifactId}.git,${artifactId}-${version},,"mvn -Papache-release,deploy clean package -DskipTests -Dmaven.javadoc.skip -Dgpg.skip",,true,false,DISCOVERED
RCM-01690,content/com/innoq/junit5-logging-extension/junit5-logging-extension-0.2.0.buildspec,4db1a949e122860e57bbd96096de59a5da5811e6424ec10cfb27ee02bb1e5e2d,com.innoq,junit5-logging-extension,0.2.0,mvn,mvn,8,https://github.com/innoq/${artifactId}.git,${version},,mvn -Prelease clean package -DskipTests -Dmaven.javadoc.skip -Dgpg.skip,,true,false,DISCOVERED
RCM-01691,content/com/io7m/abstand/com.io7m.abstand-1.0.0-beta0001.buildspec,32e96b49f1cd7d773291165028cb8a05ff83881ed986ee5bbd733865175232db,com.io7m.abstand,com.io7m.abstand,1.0.0-beta0001,mvn-3.9.3,mvn-3.9.3,21,https://github.com/io7m/$(echo,${artifactId}-${version},,mvn -DskipTests clean package,,true,false,DISCOVERED
RCM-01700,content/com/io7m/anethum/com.io7m.anethum-1.1.1.buildspec,f118c207c1fbdcac6689bdb5f00ea83d800257331eb7a8d962cdda6fac6aa98c,com.io7m.anethum,com.io7m.anethum,1.1.1,mvn-3.9.3,mvn-3.9.3,21,https://github.com/io7m/$(echo,${artifactId}-${version},,mvn -DskipTests clean package,,true,false,DISCOVERED
RCM-01710,content/com/io7m/blackthorne/com.io7m.blackthorne-2.0.0-beta0001.buildspec,f74fae3660741cef5edf1d4d531e8ffa86855cc8ce9fe4dfcbf8f3964ca19bb5,com.io7m.blackthorne,com.io7m.blackthorne,2.0.0-beta0001,mvn-3.9.3,mvn-3.9.3,17.0.8,https://github.com/io7m/$(echo,${artifactId}-${version},,mvn -DskipTests clean package,,true,false,DISCOVERED
RCM-01715,content/com/io7m/calino/com.io7m.calino-1.0.0.buildspec,5c5fffdd62a6d8259b18ecf7895ec02977bd9eb7d498aad400f9ff57f17e2add,com.io7m.calino,com.io7m.calino,1.0.0,mvn-3.9.12,mvn-3.9.12,25,https://github.com/io7m/$(echo,${artifactId}-${version},,mvn -DskipTests clean package -Dassembly.skipAssembly -pl !com.io7m.calino.specification,,true,false,DISCOVERED
RCM-01719,content/com/io7m/canonmill/com.io7m.canonmill-1.0.0-beta0001.buildspec,17af83c0a08fba29f998b49bfe39268157427c25a4029d88d9d03ae5558e1d61,com.io7m.canonmill,com.io7m.canonmill,1.0.0-beta0001,mvn-3.9.3,mvn-3.9.3,17.0.8,https://github.com/io7m/$(echo,${artifactId}-${version},,mvn -DskipTests clean package -Dassembly.skipAssembly,,true,false,DISCOVERED
RCM-01726,content/com/io7m/cardant/com.io7m.cardant-1.0.0-beta0002.buildspec,0e3f5c68dfee106553af9928c0a0d41e289594c30517b4d0c3011ad9d39c5601,com.io7m.cardant,com.io7m.cardant,1.0.0-beta0002,mvn-3.9.3,mvn-3.9.3,21,https://github.com/io7m/$(echo,${artifactId}-${version},,mvn -Dio7m.release -Pio7m-oci-image -Dio7m.quickBuild -DbuildNumber=bd84bd5f917f1b4f489915a3b2e00570b999c265 clean package,,true,false,DISCOVERED
RCM-01729,content/com/io7m/cedarbridge/com.io7m.cedarbridge-2.0.0.buildspec,cf60034066747458907bc7844ca1ce26665520081a9c25460c0c66d3714fd59e,com.io7m.cedarbridge,com.io7m.cedarbridge,2.0.0,mvn-3.9.3,mvn-3.9.3,21,https://github.com/io7m/$(echo,${artifactId}-${version},,mvn -DskipTests clean package -Dassembly.skipAssembly,,true,false,DISCOVERED
RCM-01733,content/com/io7m/certusine/com.io7m.certusine-3.1.0.buildspec,52e6687d0ee7d1d6e28ba942d072f1a88e140dd34277a89703dcce37537702b5,com.io7m.certusine,com.io7m.certusine,3.1.0,mvn-3.9.8,mvn-3.9.8,21,https://github.com/io7m/$(echo,${artifactId}-${version},,mvn -DskipTests clean package -Dassembly.skipAssembly -Dcyclonedx.skip,,true,false,DISCOVERED
RCM-01736,content/com/io7m/chione/com.io7m.chione-0.0.2.buildspec,25c20c58461d9b371c971a6c99fc62dc3e6715d87ac8b51362b6d79612f36b1c,com.io7m.chione,com.io7m.chione,0.0.2,mvn-3.9.3,mvn-3.9.3,17.0.7,https://github.com/io7m/$(echo,${artifactId}-${version},,mvn -DskipTests clean package,,true,false,DISCOVERED
RCM-01738,content/com/io7m/claypot/com.io7m.claypot-0.0.8.buildspec,dfe78fbad5010bd0d0e035500c4fe688778660578eff9aad891aab57e8ca69b1,com.io7m.claypot,com.io7m.claypot,0.0.8,mvn-3.9.3,mvn-3.9.3,17.0.4.1,https://github.com/io7m/$(echo,${artifactId}-${version},,mvn -DskipTests clean package,,true,false,DISCOVERED
RCM-01741,content/com/io7m/cxbutton/com.io7m.cxbutton-0.0.5.buildspec,fece6976149d18d446214b6efd1e9f0039b9eb3dd1754f7c3d8dda31d01753b8,com.io7m.cxbutton,com.io7m.cxbutton,0.0.5,mvn-3.9.3,mvn-3.9.3,17.0.5,https://github.com/io7m/$(echo,${artifactId}-${version},,mvn -DskipTests clean package,,true,false,DISCOVERED
RCM-01744,content/com/io7m/digal/com.io7m.digal-0.0.2.buildspec,6e13c2039cfb58603c01a17cb57c0386c79612f0aad25d45282ba2a2588a8447,com.io7m.digal,com.io7m.digal,0.0.2,mvn-3.9.3,mvn-3.9.3,17.0.5,https://github.com/io7m/$(echo,${artifactId}-${version},,mvn -DskipTests clean package,,true,false,DISCOVERED
RCM-01749,content/com/io7m/dixmont/com.io7m.dixmont-0.0.1.buildspec,381f051bae9044e12d78f58bc930829bfa8fd9d29acc8801ca361ee7caa25665,com.io7m.dixmont,com.io7m.dixmont,0.0.1,mvn-3.9.3,mvn-3.9.3,17.0.1,https://github.com/io7m/$(echo,${artifactId}-${version},,mvn -DskipTests clean package,,true,false,DISCOVERED
RCM-01757,content/com/io7m/ervilla/com.io7m.ervilla-0.0.2.buildspec,3d869950a46234e5bafdd9fccea1146407973727bbc1c6b50f93bbd56a11f8ee,com.io7m.ervilla,com.io7m.ervilla,0.0.2,mvn-3.9.3,mvn-3.9.3,17.0.7,https://github.com/io7m/$(echo,${artifactId}-${version},,mvn -DskipTests clean package,,true,false,DISCOVERED
RCM-01767,content/com/io7m/genevan/com.io7m.genevan-1.0.0.buildspec,799fa1973b37f9f9f890cd2843e724e67ef33e723d89d8a3e48ed909c044f128,com.io7m.genevan,com.io7m.genevan,1.0.0,mvn-3.9.3,mvn-3.9.3,21,https://github.com/io7m/$(echo,${artifactId}-${version},,mvn -DskipTests clean package,,true,false,DISCOVERED
RCM-01770,content/com/io7m/gtyrell/com.io7m.gtyrell-3.1.0.buildspec,248940eae445c248cba521a94237a1ec249d3c8e54dde1da6941a9831226c64f,com.io7m.gtyrell,com.io7m.gtyrell,3.1.0,mvn-3.9.3,mvn-3.9.3,17.0.7,https://github.com/io7m/$(echo,895799b,,mvn -DskipTests clean package,,true,false,DISCOVERED
RCM-01783,content/com/io7m/hibiscus/com.io7m.hibiscus-1.0.0.buildspec,a54d8daf9a000de796ee306aa16e7448f9786eab0b0fedef7dd2ef980d326a1d,com.io7m.hibiscus,com.io7m.hibiscus,1.0.0,mvn-3.9.3,mvn-3.9.3,21,https://github.com/io7m/$(echo,${artifactId}-${version},,mvn -DskipTests clean package,,true,false,DISCOVERED
RCM-01786,content/com/io7m/idstore/com.io7m.idstore-2.0.0.buildspec,7b4e6a3c94634e86784712bce2e6724f4cbf6b817b8a765c86873f250344e9d5,com.io7m.idstore,com.io7m.idstore,2.0.0,mvn-3.9.4,mvn-3.9.4,21,https://github.com/io7m/$(echo,${artifactId}-${version},,mvn -DskipTests clean package -Dbuildinfo.ignore=,,true,false,DISCOVERED
RCM-01789,content/com/io7m/ieee754b16/com.io7m.ieee754b16-3.0.1.buildspec,892c42467eaf9502d01c1fee1d217b6f7b5f1522e19c7d61c68222cbdfd3815d,com.io7m.ieee754b16,com.io7m.ieee754b16,3.0.1,mvn-3.9.3,mvn-3.9.3,21,https://github.com/io7m/$(echo,${artifactId}-${version},,mvn -DskipTests clean package -Dassembly.skipAssembly,,true,false,DISCOVERED
RCM-01790,content/com/io7m/immutables-style/com.io7m.immutables-style-1.0.0.buildspec,49183f06020e381c852f62fe9b6ac75f5175be27541afba35ec549e1a447a3c7,com.io7m.immutables-style,com.io7m.immutables-style,1.0.0,mvn-3.9.3,mvn-3.9.3,21,https://github.com/io7m/$(echo,${artifactId}-${version},,mvn -DskipTests clean package,,true,false,DISCOVERED
RCM-01794,content/com/io7m/jade/com.io7m.jade-1.1.0.buildspec,811a0a54957eed4eca9cc63da3e67178719c99a7fdce8f703aa776886d2e13e5,com.io7m.jade,com.io7m.jade,1.1.0,mvn-3.8.5,mvn-3.8.5,21,https://github.com/io7m/$(echo,${artifactId}-${version},,mvn -DskipTests clean package,,true,false,DISCOVERED
RCM-01795,content/com/io7m/jaffirm/com.io7m.jaffirm-3.0.3.buildspec,ad383dcf2f98d867d85c854a9141189aac91cb902b974ce6bf10f52b30d0a680,com.io7m.jaffirm,com.io7m.jaffirm,3.0.3,mvn-3.9.3,mvn-3.9.3,11.0.6,https://github.com/io7m/$(echo,${artifactId}-${version},,mvn -DskipTests clean package -Dassembly.skipAssembly,,true,false,DISCOVERED
RCM-01800,content/com/io7m/jattribute/com.io7m.jattribute-1.0.0.buildspec,a45bb0c273419e23ceee5f2924bb372d9c6882d902118a7701bdbe02a99ef0f9,com.io7m.jattribute,com.io7m.jattribute,1.0.0,mvn-3.9.3,mvn-3.9.3,21,https://github.com/io7m/$(echo,${artifactId}-${version},,mvn -DskipTests clean package,,true,false,DISCOVERED
RCM-01804,content/com/io7m/jbssio/com.io7m.jbssio-1.0.0.buildspec,f70f46a9cc9a83286f362f559606a53ce8bb8a417ad7cd1b77197efb8f876b7b,com.io7m.jbssio,com.io7m.jbssio,1.0.0,mvn-3.9.3,mvn-3.9.3,14.0.2,https://github.com/io7m/$(echo,1a1ddec108bf1864ec81191500eb03468d6b00d3,,mvn -DskipTests clean package,,true,false,DISCOVERED
RCM-01815,content/com/io7m/jcolorspace/com.io7m.jcolorspace-0.0.3.buildspec,c5a2f21c0074196688415a58b5d95e52508cc527a07ecd88898b18895644c8b8,com.io7m.jcolorspace,com.io7m.jcolorspace,0.0.3,mvn-3.9.3,mvn-3.9.3,17.0.3,https://github.com/io7m/$(echo,${artifactId}-${version},,mvn -DskipTests clean package,,true,false,DISCOVERED
RCM-01818,content/com/io7m/jcoords/com.io7m.jcoords-3.0.0.buildspec,be4de4ea7f52bc805f0d5a70255f3ca98717f110c8fb10c88b894bd4814fa3d1,com.io7m.jcoords,com.io7m.jcoords,3.0.0,mvn-3.9.3,mvn-3.9.3,21,https://github.com/io7m/$(echo,${artifactId}-${version},,mvn -DskipTests clean package -Dassembly.skipAssembly,,true,false,DISCOVERED
RCM-01819,content/com/io7m/jdeferthrow/com.io7m.jdeferthrow-1.0.0.buildspec,7a5ea59cae225f9f48b5a49f643ae5a314315b4fc505a412a5f328cde47827eb,com.io7m.jdeferthrow,com.io7m.jdeferthrow,1.0.0,mvn-3.9.3,mvn-3.9.3,17.0.3,https://github.com/io7m/$(echo,${artifactId}-${version},,mvn -DskipTests clean package,,true,false,DISCOVERED
RCM-01824,content/com/io7m/jdownload/com.io7m.jdownload-1.0.0.buildspec,f64681eb0bd3a7270da3b4c788cda22a35c550f47e19b8c3032a12d456e1a703,com.io7m.jdownload,com.io7m.jdownload,1.0.0,mvn-3.9.3,mvn-3.9.3,21,https://github.com/io7m/$(echo,${artifactId}-${version},,mvn -DskipTests clean package,,true,false,DISCOVERED
RCM-01825,content/com/io7m/jequality/com.io7m.jequality-3.0.0.buildspec,29b55422622253cb3057402488e56096f2bfce790f736f0c5883e91a78becae9,com.io7m.jequality,com.io7m.jequality,3.0.0,mvn-3.9.3,mvn-3.9.3,17.0.3,https://github.com/io7m/$(echo,${artifactId}-${version},,mvn -DskipTests clean package -Dassembly.skipAssembly,,true,false,DISCOVERED
RCM-01827,content/com/io7m/jeucreader/com.io7m.jeucreader-3.0.0.buildspec,17b54bc0075d96c69b42dea400c98d7f2b77ebff813f174063ec542ce4d4e4f9,com.io7m.jeucreader,com.io7m.jeucreader,3.0.0,mvn-3.9.3,mvn-3.9.3,17.0.3,https://github.com/io7m/$(echo,${artifactId}-${version},,mvn -DskipTests clean package -Dassembly.skipAssembly,,true,false,DISCOVERED
RCM-01829,content/com/io7m/jfsm/com.io7m.jfsm-2.0.0.buildspec,602b712fd08b6ff34247bff91e2c16abe526c6bec78a07228cc11760d0e711d7,com.io7m.jfsm,com.io7m.jfsm,2.0.0,mvn-3.9.3,mvn-3.9.3,17.0.3,https://github.com/io7m/$(echo,${artifactId}-${version},,mvn -DskipTests clean package -Dassembly.skipAssembly,,true,false,DISCOVERED
RCM-01831,content/com/io7m/jintegers/com.io7m.jintegers-3.0.0.buildspec,7001f76c6ba54158c3c0a43630dd5e52666160d1fd81dcf3cebc4377e7c39c84,com.io7m.jintegers,com.io7m.jintegers,3.0.0,mvn-3.9.3,mvn-3.9.3,17.0.3,https://github.com/io7m/$(echo,${artifactId}-${version},,mvn -DskipTests clean package -Dassembly.skipAssembly,,true,false,DISCOVERED
RCM-01833,content/com/io7m/jinterp/com.io7m.jinterp-2.0.1.buildspec,8411b5ccd05ae6ce179d804bf783ab5659045f5ed5e2c35ed79e2359a8604f2b,com.io7m.jinterp,com.io7m.jinterp,2.0.1,mvn-3.9.3,mvn-3.9.3,21,https://github.com/io7m/$(echo,${artifactId}-${version},,mvn -DskipTests clean package,,true,false,DISCOVERED
RCM-01834,content/com/io7m/jlexing/com.io7m.jlexing-3.2.0.buildspec,fd6cc427cbd97a2e16eee8ea565995c23c1918e56ea9c076091bdf2dca364cd7,com.io7m.jlexing,com.io7m.jlexing,3.2.0,mvn-3.9.3,mvn-3.9.3,21,https://github.com/io7m/$(echo,${artifactId}-${version},,mvn -DskipTests clean package,,true,false,DISCOVERED
RCM-01837,content/com/io7m/jmulticlose/com.io7m.jmulticlose-1.1.0.buildspec,9fb66d429e754742d5f274e051577143702def63047a772462af215c25b38710,com.io7m.jmulticlose,com.io7m.jmulticlose,1.1.0,mvn-3.9.3,mvn-3.9.3,17.0.8,https://github.com/io7m/$(echo,${artifactId}-${version},,mvn -DskipTests clean package,,true,false,DISCOVERED
RCM-01841,content/com/io7m/jmurmur/com.io7m.jmurmur-2.0.0.buildspec,717e849811844ea8e16cb868d7cc315a7b64a470fcee749601aca6ab83b6582c,com.io7m.jmurmur,com.io7m.jmurmur,2.0.0,mvn-3.9.3,mvn-3.9.3,17.0.3,https://github.com/io7m/$(echo,${artifactId}-${version},,mvn -DskipTests clean package -Dassembly.skipAssembly,,true,false,DISCOVERED
RCM-01843,content/com/io7m/jmutnum/com.io7m.jmutnum-4.0.1.buildspec,184506bdffae202534acbb6fbe4a96dc252f4d3372354fc41be5738dbc6d4f97,com.io7m.jmutnum,com.io7m.jmutnum,4.0.1,mvn-3.9.3,mvn-3.9.3,21,https://github.com/io7m/$(echo,${artifactId}-${version},,mvn -DskipTests clean package,,true,false,DISCOVERED
RCM-01844,content/com/io7m/jnfp/com.io7m.jnfp-3.0.0.buildspec,2033976a140416d428fa4903012e094d6b74b0dbb55c7fee1182c683830b575f,com.io7m.jnfp,com.io7m.jnfp,3.0.0,mvn-3.9.3,mvn-3.9.3,17.0.3,https://github.com/io7m/$(echo,${artifactId}-${version},,mvn -DskipTests clean package -Dassembly.skipAssembly,,true,false,DISCOVERED
RCM-01847,content/com/io7m/jnoisetype/com.io7m.jnoisetype-0.0.5.buildspec,403fa23dd4f15cd8823e17fdc0b3621ddc16af8886bc301d7017fedfdc7df772,com.io7m.jnoisetype,com.io7m.jnoisetype,0.0.5,mvn-3.9.3,mvn-3.9.3,17.0.3,https://github.com/io7m/$(echo,${artifactId}-${version},,mvn -DskipTests clean package -Dassembly.skipAssembly,,true,false,DISCOVERED
RCM-01848,content/com/io7m/jobj/com.io7m.jobj-1.0.0.buildspec,53756923f48a65272fe45b7dd7bfcb5959fa28c8e68522084d33cf42584dd090,com.io7m.jobj,com.io7m.jobj,1.0.0,mvn-3.9.3,mvn-3.9.3,21,https://github.com/io7m/$(echo,${artifactId}-${version},,mvn -DskipTests clean package,,true,false,DISCOVERED
RCM-01850,content/com/io7m/jodist/com.io7m.jodist-2.0.1.buildspec,f6c70c6074b0dafb5dfaa12b6a8cbad6c5fd6818836c6f265b47fdccb1edcb66,com.io7m.jodist,com.io7m.jodist,2.0.1,mvn-3.9.3,mvn-3.9.3,21,https://github.com/io7m/$(echo,${artifactId}-${version},,mvn -DskipTests clean package,,true,false,DISCOVERED
RCM-01853,content/com/io7m/jorchard/com.io7m.jorchard-2.0.2.buildspec,2512767aea50ac8284ed107dae41a8b0c156b03b80e1fa4f3d95d870cb5063c4,com.io7m.jorchard,com.io7m.jorchard,2.0.2,mvn-3.9.3,mvn-3.9.3,21,https://github.com/io7m/$(echo,${artifactId}-${version},,mvn -DskipTests clean package -Dassembly.skipAssembly,,true,false,DISCOVERED
RCM-01854,content/com/io7m/jpita/com.io7m.jpita-2.0.0.buildspec,177ab171c3fe6c5a270ee4efcfc3fe64c325d49b649128843eed4a0819b59561,com.io7m.jpita,com.io7m.jpita,2.0.0,mvn-3.9.3,mvn-3.9.3,17.0.3,https://github.com/io7m/$(echo,${artifactId}-${version},,mvn -DskipTests clean package -Dassembly.skipAssembly,,true,false,DISCOVERED
RCM-01855,content/com/io7m/jpplib/com.io7m.jpplib-1.0.0.buildspec,aaafcfc13ec7af915be2da345dd3ddec9660da2f3f913307e05598b1940347af,com.io7m.jpplib,com.io7m.jpplib,1.0.0,mvn-3.9.3,mvn-3.9.3,21,https://github.com/io7m/$(echo,${artifactId}-${version},,mvn -DskipTests clean package,,true,false,DISCOVERED
RCM-01857,content/com/io7m/jproperties/com.io7m.jproperties-3.1.0.buildspec,d3522fa0c57e968a40401b00aaa08a38291d6eb0ee659d5c65c78327f4fdc3e1,com.io7m.jproperties,com.io7m.jproperties,3.1.0,mvn-3.9.3,mvn-3.9.3,17.0.3,https://github.com/io7m/$(echo,ab485925b5a9f3b9eec5f58c6b856d5218c210f7,,mvn -DskipTests clean package -Dassembly.skipAssembly,,true,false,DISCOVERED
RCM-01860,content/com/io7m/jptbox/com.io7m.jptbox-2.0.0.buildspec,f5d10e404a78e18ae643e537975a08106edca3f8bade075e70e724aeac790d64,com.io7m.jptbox,com.io7m.jptbox,2.0.0,mvn-3.9.3,mvn-3.9.3,17.0.3,https://github.com/io7m/$(echo,${artifactId}-${version},,mvn -DskipTests clean package -Dassembly.skipAssembly,,true,false,DISCOVERED
RCM-01861,content/com/io7m/jpuddle/com.io7m.jpuddle-0.5.0.buildspec,413019c5aae7f674221a03ae0371179103941e51a359e7dbf8d5323673e0efbe,com.io7m.jpuddle,com.io7m.jpuddle,0.5.0,mvn-3.9.3,mvn-3.9.3,17.0.3,https://github.com/io7m/$(echo,${artifactId}-${version},,mvn -DskipTests clean package -Dassembly.skipAssembly,,true,false,DISCOVERED
RCM-01863,content/com/io7m/jqpage/com.io7m.jqpage-0.0.2.buildspec,1194fe26f349a26dbc71dbcb22ff0d6f2b052c22a07c610121403978dce02214,com.io7m.jqpage,com.io7m.jqpage,0.0.2,mvn-3.9.3,mvn-3.9.3,17.0.4.1,https://github.com/io7m/$(echo,${artifactId}-${version},,mvn -DskipTests clean package,,true,false,DISCOVERED
RCM-01867,content/com/io7m/jranges/com.io7m.jranges-6.0.0.buildspec,362e86b7446110c5d0a11648a534d84abc1fa4d344e72758dd2d2ff7975dd2fb,com.io7m.jranges,com.io7m.jranges,6.0.0,mvn-3.9.3,mvn-3.9.3,21,https://github.com/io7m/$(echo,${artifactId}-${version},,mvn -DskipTests clean package -Dassembly.skipAssembly,,true,false,DISCOVERED
RCM-01868,content/com/io7m/jregions/com.io7m.jregions-3.0.0.buildspec,650d7511d6b383666a2117978d86a5ea1910ea40c474229f9bfe977150a59082,com.io7m.jregions,com.io7m.jregions,3.0.0,mvn-3.9.3,mvn-3.9.3,14.0.2,https://github.com/io7m/$(echo,4be2c0f5bc3b8a8d9416e64d9166a687b11df749,,mvn -DskipTests clean package -Dassembly.skipAssembly,,true,false,DISCOVERED
RCM-01874,content/com/io7m/jsamplebuffer/com.io7m.jsamplebuffer-0.0.4.buildspec,7bcae229fe74d6fb6f6f2f482d568064b815760ab6917792d60f89fb65836575,com.io7m.jsamplebuffer,com.io7m.jsamplebuffer,0.0.4,mvn-3.9.3,mvn-3.9.3,17.0.6,https://github.com/io7m/$(echo,${artifactId}-${version},,mvn -DskipTests clean package -Dassembly.skipAssembly,,true,false,DISCOVERED
RCM-01878,content/com/io7m/jserial/com.io7m.jserial-1.0.0.buildspec,baf1c64d706c5149c1f70d19ef2d151ee456260441eb35930e4d19d336a11871,com.io7m.jserial,com.io7m.jserial,1.0.0,mvn-3.9.3,mvn-3.9.3,21,https://github.com/io7m/$(echo,${artifactId}-${version},,mvn -DskipTests clean package -Dassembly.skipAssembly,,true,false,DISCOVERED
RCM-01885,content/com/io7m/jsx/com.io7m.jsx-4.0.0.buildspec,e23bf91ffa451d8be70e68ea259f99eb1794193813ca6ae8057e5706d47cf9b3,com.io7m.jsx,com.io7m.jsx,4.0.0,mvn-3.9.3,mvn-3.9.3,21,https://github.com/io7m/$(echo,${artifactId}-${version},,mvn -DskipTests clean package,,true,false,DISCOVERED
RCM-01886,content/com/io7m/jtensors/com.io7m.jtensors-11.0.0.buildspec,848289e841f0a78b20f7f792d98aeec87696ac9665c26126448e9086d97975d3,com.io7m.jtensors,com.io7m.jtensors,11.0.0,mvn-3.9.3,mvn-3.9.3,21,https://github.com/io7m/$(echo,${artifactId}-${version},,mvn -DskipTests clean package -Dbuildinfo.ignore=,,true,false,DISCOVERED
RCM-01887,content/com/io7m/junreachable/com.io7m.junreachable-4.0.1.buildspec,aee7b411d689f4a5e4999b89ce259afc35136e7d27c6ca2aa05f217709dc8845,com.io7m.junreachable,com.io7m.junreachable,4.0.1,mvn-3.9.3,mvn-3.9.3,21,https://github.com/io7m/$(echo,${artifactId}-${version},,mvn -DskipTests clean package,,true,false,DISCOVERED
RCM-01890,content/com/io7m/junsigned/com.io7m.junsigned-4.0.0.buildspec,3dcff714b17ceb636b9df087bbe027337b8ed1d18b49ba2925de1db1a1b56156,com.io7m.junsigned,com.io7m.junsigned,4.0.0,mvn-3.9.3,mvn-3.9.3,21,https://github.com/io7m/$(echo,${artifactId}-${version},,mvn -DskipTests clean package -Dassembly.skipAssembly,,true,false,DISCOVERED
RCM-01891,content/com/io7m/jvindicator/com.io7m.jvindicator-0.0.1.buildspec,d7c7ec80ccfc758f05139c9c37c5cbc8aec8a87fd5c6f0f4c44df30e7b8810e1,com.io7m.jvindicator,com.io7m.jvindicator,0.0.1,mvn-3.9.3,mvn-3.9.3,17.0.4.1,https://github.com/io7m/$(echo,${artifactId}-${version},,mvn -DskipTests clean package,,true,false,DISCOVERED
RCM-01894,content/com/io7m/jwheatsheaf/com.io7m.jwheatsheaf-2.0.0.buildspec,16b99f9eb0c115d322b4e4636edce0c1606a60f56e1d0d7cc9e660e31194871e,com.io7m.jwheatsheaf,com.io7m.jwheatsheaf,2.0.0,mvn-3.9.3,mvn-3.9.3,11.0.6,https://github.com/io7m/$(echo,9742489eea8f060e25d323a3957a91ee8af7a52c,,mvn -DskipTests clean package -Dassembly.skipAssembly,,true,false,DISCOVERED
RCM-01899,content/com/io7m/jxe/com.io7m.jxe-1.0.0.buildspec,405aff5d05eaf861ba1235aa844b1dabaae05ff0d0a33198c544d9671e63bd99,com.io7m.jxe,com.io7m.jxe,1.0.0,mvn-3.9.3,mvn-3.9.3,14.0.2,https://github.com/io7m/$(echo,c901ae4cc736680969048a7938c87e162a64205f,,mvn -DskipTests clean package -Dassembly.skipAssembly,,true,false,DISCOVERED
RCM-01907,content/com/io7m/jxtrand/com.io7m.jxtrand-2.1.0.buildspec,78e8938a7214b23d2c6d08aabfe51ff4c562a0341fc18496172de1d3c985fd5f,com.io7m.jxtrand,com.io7m.jxtrand,2.1.0,mvn-3.9.3,mvn-3.9.3,21,https://github.com/io7m/$(echo,${artifactId}-${version},,mvn -DskipTests clean package,,true,false,DISCOVERED
RCM-01909,content/com/io7m/kabstand/com.io7m.kabstand-1.0.0.buildspec,082581c39e6e3bc6231121d7d8a16985ac725f6a15aff668f6759614920627db,com.io7m.kabstand,com.io7m.kabstand,1.0.0,mvn-3.9.3,mvn-3.9.3,21,https://github.com/io7m/$(echo,${artifactId}-${version},,mvn -DskipTests clean package,,true,false,DISCOVERED
RCM-01914,content/com/io7m/lanark/com.io7m.lanark-1.2.0.buildspec,6e31281ace9f4fcadd7f51805f072ee7eeba2616ba6effaedce84d618abc9c52,com.io7m.lanark,com.io7m.lanark,1.2.0,mvn-3.9.3,mvn-3.9.3,21,https://github.com/io7m/$(echo,${artifactId}-${version},,mvn -DskipTests clean package,,true,false,DISCOVERED
RCM-01916,content/com/io7m/looseleaf/com.io7m.looseleaf-0.0.2.buildspec,200f1ddcdf3eb7615387cef02390ccf38782f3bd168aea70a3ac2eb96504b9be,com.io7m.looseleaf,com.io7m.looseleaf,0.0.2,mvn-3.9.3,mvn-3.9.3,17.0.3,https://github.com/io7m/$(echo,${artifactId}-${version},,mvn -DskipTests clean package -Dassembly.skipAssembly,,true,false,DISCOVERED
RCM-01930,content/com/io7m/medrina/com.io7m.medrina-1.0.0.buildspec,9033c4bc1d50784ab7fb3f1593339fdd69b1ac641e7803db2cb0bfd71d05340c,com.io7m.medrina,com.io7m.medrina,1.0.0,mvn-3.9.3,mvn-3.9.3,21,https://github.com/io7m/$(echo,${artifactId}-${version},,mvn -DskipTests clean package -Dassembly.skipAssembly,,true,false,DISCOVERED
RCM-01932,content/com/io7m/mesquida/com.io7m.mesquida-0.0.1.buildspec,e0290b6058a0f3ea5d910575558d16d89867648da7f1eddce2c76ead08eb80f4,com.io7m.mesquida,com.io7m.mesquida,0.0.1,mvn-3.9.3,mvn-3.9.3,17.0.7,https://github.com/io7m/$(echo,${artifactId}-${version},,mvn -DskipTests clean package -Dassembly.skipAssembly,,true,false,DISCOVERED
RCM-01936,content/com/io7m/mime2045/com.io7m.mime2045-1.0.1.buildspec,507fd7ac60ebd158041141914904a65ae9e8f1f43ef23e4d5480aa9ef8045c11,com.io7m.mime2045,com.io7m.mime2045,1.0.1,mvn-3.9.3,mvn-3.9.3,21,https://github.com/io7m/$(echo,${artifactId}-${version},,mvn -DskipTests clean package,,true,false,DISCOVERED
RCM-01940,content/com/io7m/percentpass/com.io7m.percentpass-0.0.2.buildspec,a5cd8cce4d5933224aeb11787b4c662ce28ef232f532bc86d1aab239728d2bc7,com.io7m.percentpass,com.io7m.percentpass,0.0.2,mvn-3.9.3,mvn-3.9.3,17.0.3,https://github.com/io7m/$(echo,${artifactId}-${version},,mvn -DskipTests clean package,,true,false,DISCOVERED
RCM-01957,content/com/io7m/primogenitor/com.io7m.primogenitor-6.3.0.buildspec,a84943ed409f147136a46574bca54635ef80a3eebdc627dc54f103bf052ab80e,com.io7m.primogenitor,com.io7m.primogenitor,6.3.0,mvn-3.9.3,mvn-3.9.3,17,https://github.com/io7m/$(echo,ec8c74b3122b0c60a757202aa895f5b34bff670e,,mvn -Dio7m.api.previousVersion=0.0.0 -DskipTests clean package,,true,false,DISCOVERED
RCM-01988,content/com/io7m/quarrel/com.io7m.quarrel-1.0.0-beta0001.buildspec,44a7210b3ffec9cb81a2f9783fff661b63af93c9afb748dc2029ac7f89949af9,com.io7m.quarrel,com.io7m.quarrel,1.0.0-beta0001,mvn-3.9.3,mvn-3.9.3,17.0.7,https://github.com/io7m/$(echo,${artifactId}-${version},,mvn -DskipTests clean package -Dassembly.skipAssembly,,true,false,DISCOVERED
RCM-02005,content/com/io7m/quixote/com.io7m.quixote-1.3.0.buildspec,f532ae759a15914acc13724fe85d4ce96b5ad0ab40955b0da37151625f1a91c3,com.io7m.quixote,com.io7m.quixote,1.3.0,mvn-3.9.3,mvn-3.9.3,21,https://github.com/io7m/$(echo,${artifactId}-${version},,mvn -DskipTests clean package,,true,false,DISCOVERED
RCM-02008,content/com/io7m/repetoir/com.io7m.repetoir-1.0.1.buildspec,8c987505cd855dc710f137a736bc34d77f5d27871488dca4a385e8c8fbbd3166,com.io7m.repetoir,com.io7m.repetoir,1.0.1,mvn-3.9.3,mvn-3.9.3,21,https://github.com/io7m/$(echo,${artifactId}-${version},,mvn -DskipTests clean package,,true,false,DISCOVERED
RCM-02009,content/com/io7m/scando/com.io7m.scando-1.0.0.buildspec,5ed5f2cbc7c3129c831ecd709adec7b6aab383a9e4ca8d65139b28038825d4a6,com.io7m.scando,com.io7m.scando,1.0.0,mvn-3.9.3,mvn-3.9.3,17.0.7,https://github.com/io7m/$(echo,${artifactId}-${version},,mvn -DskipTests clean package,,true,false,DISCOVERED
RCM-02010,content/com/io7m/seltzer/com.io7m.seltzer-1.0.1.buildspec,5430439407c08ed82bd59e21042ec6812308af7bc7bbc9453aa9b5009da3c1d6,com.io7m.seltzer,com.io7m.seltzer,1.0.1,mvn-3.9.3,mvn-3.9.3,21,https://github.com/io7m/$(echo,${artifactId}-${version},,mvn -DskipTests clean package,,true,false,DISCOVERED
RCM-02014,content/com/io7m/stmp/string-template-maven-plugin-2.0.0.buildspec,c689d1e020831714665f58ab900985b950a34531ac004d480e0716e357958b6c,com.io7m.stmp,string-template-maven-plugin,2.0.0,mvn-3.9.3,mvn-3.9.3,21,https://github.com/io7m/${artifactId}.git,com.io7m.${artifactId}-${version},,mvn -DskipTests clean package,,true,false,DISCOVERED
RCM-02015,content/com/io7m/streamtime/com.io7m.streamtime-0.0.1.buildspec,2718476c3c833d726394c323f1c20108ddaccb513d62abaceb15307984c1ea09,com.io7m.streamtime,com.io7m.streamtime,0.0.1,mvn-3.9.3,mvn-3.9.3,17.0.7,https://github.com/io7m/$(echo,${artifactId}-${version},,mvn -DskipTests clean package,,true,false,DISCOVERED
RCM-02017,content/com/io7m/sunburst/com.io7m.sunburst-0.0.6.buildspec,f3d0e1677b03f370f840739df4fe845498c6fd31e8bdd9ddf5da2be383faf610,com.io7m.sunburst,com.io7m.sunburst,0.0.6,mvn-3.9.3,mvn-3.9.3,17.0.7,https://github.com/io7m/$(echo,${artifactId}-${version},,mvn -DskipTests clean package,,true,false,DISCOVERED
RCM-02021,content/com/io7m/tabla/com.io7m.tabla-1.0.0.buildspec,8466f3a72705724c875e7e21882bc956a43b574a0a9261704969e42db603212e,com.io7m.tabla,com.io7m.tabla,1.0.0,mvn-3.9.3,mvn-3.9.3,21,https://github.com/io7m/$(echo,${artifactId}-${version},,mvn -DskipTests clean package,,true,false,DISCOVERED
RCM-02023,content/com/io7m/taskrecorder/com.io7m.taskrecorder-0.0.2.buildspec,e81b4b3df028ed97f8dc284b87488506604782c5c2472c9c830509120649fdc3,com.io7m.taskrecorder,com.io7m.taskrecorder,0.0.2,mvn-3.9.3,mvn-3.9.3,17.0.6,https://github.com/io7m/$(echo,${artifactId}-${version},,mvn -DskipTests clean package,,true,false,DISCOVERED
RCM-02025,content/com/io7m/tavella/com.io7m.tavella-0.0.2.buildspec,2c58e75a623716b23ca7e3963992d3b049aaec5fdea8ef2aceb4d0d3c3473438,com.io7m.tavella,com.io7m.tavella,0.0.2,mvn-3.9.3,mvn-3.9.3,21,https://github.com/io7m/$(echo,${artifactId}-${version},,mvn -DskipTests clean package,,true,false,DISCOVERED
RCM-02027,content/com/io7m/timehack6435126/com.io7m.timehack6435126-3.0.1.buildspec,e3f300a6d314948898468a276660995c1b1617acba6af5a5fb7f544259f7deb3,com.io7m.timehack6435126,com.io7m.timehack6435126,3.0.1,mvn-3.9.3,mvn-3.9.3,21,https://github.com/io7m/$(echo,${artifactId}-${version},,mvn -DskipTests clean package -Dassembly.skipAssembly,,true,false,DISCOVERED
RCM-02038,content/com/io7m/trasco/com.io7m.trasco-1.1.0.buildspec,d6733c7d36a49d20d315b5abba763d7d5bdcbd2361a60c64961fd3b60786f36e,com.io7m.trasco,com.io7m.trasco,1.1.0,mvn-3.9.3,mvn-3.9.3,17.0.8,https://github.com/io7m/$(echo,${artifactId}-${version},,mvn -DskipTests clean package,,true,false,DISCOVERED
RCM-02046,content/com/io7m/verdant/com.io7m.verdant-1.0.1.buildspec,8d0bd0fb80b5f70b9ad4a249cb249f73957323ca684a369f54de49293c328eb1,com.io7m.verdant,com.io7m.verdant,1.0.1,mvn-3.9.3,mvn-3.9.3,21,https://github.com/io7m/$(echo,${artifactId}-${version},,mvn -DskipTests clean package,,true,false,DISCOVERED
RCM-02051,content/com/io7m/verona/com.io7m.verona-1.0.1.buildspec,898dbe767959834f21af3c0147d68b0cdf094244196bb095d26ab10d075e04cf,com.io7m.verona,com.io7m.verona,1.0.1,mvn-3.9.3,mvn-3.9.3,21,https://github.com/io7m/$(echo,${artifactId}-${version},,mvn -DskipTests clean package,,true,false,DISCOVERED
RCM-02058,content/com/io7m/wendover/com.io7m.wendover-1.0.2.buildspec,5e0bc47df204aa917dc9df9b5ff5add6a32ffd57d3c23c906e3fc82380595f57,com.io7m.wendover,com.io7m.wendover,1.0.2,mvn-3.9.3,mvn-3.9.3,21,https://github.com/io7m/$(echo,${artifactId}-${version},,mvn -DskipTests clean package,,true,false,DISCOVERED
RCM-02065,content/com/io7m/xoanon/com.io7m.xoanon-1.0.0.buildspec,f1a8bb934e01dda50d952df1b2a22ed24c9908eb59e692f8f6abfea159dad727,com.io7m.xoanon,com.io7m.xoanon,1.0.0,mvn-3.9.3,mvn-3.9.3,21,https://github.com/io7m/$(echo,${artifactId}-${version},,mvn -DskipTests clean package,,true,false,DISCOVERED
RCM-02077,content/com/io7m/xstructural/com.io7m.xstructural-2.1.0.buildspec,5534f2e636a199b8a73887c05b51f0886ba0c6980e6c640f041563d992dd859a,com.io7m.xstructural,com.io7m.xstructural,2.1.0,mvn-3.9.12,mvn-3.9.12,21,https://github.com/io7m/$(echo,${artifactId}-${version},,mvn -DskipTests clean package -Dassembly.skipAssembly,,true,false,DISCOVERED
RCM-02079,content/com/io7m/zelador/com.io7m.zelador-1.0.0.buildspec,1c3f100c324e7a53f7c83ff498413cbcce2fa37ee64c1803a00adefa38a5b46c,com.io7m.zelador,com.io7m.zelador,1.0.0,mvn-3.9.3,mvn-3.9.3,21,https://github.com/io7m/$(echo,${artifactId}-${version},,mvn -DskipTests clean package,,true,false,DISCOVERED
RCM-02086,content/com/newmediaworks/nmw-oss-parent/nmw-oss-parent-1.20.1.buildspec,0059ed2ce2f6768925fb2b7eab1fb3deedac479cad4be794b71d80beab2def19,com.newmediaworks,nmw-oss-parent,1.20.1,mvn-3.9.3,mvn-3.9.3,11,https://github.com/newmediaworks/nmw-oss-parent.git,${artifactId}-${version},,mvn -Prelease clean package -DskipTests -Dmaven.javadoc.skip -Dgpg.skip,,true,false,DISCOVERED
RCM-02093,content/com/ongres/scram/scram-aggregator-3.4.buildspec,a861f4462bc713ac810c9573bbd6fbc2d2a4702787760056d41c973c2fff9d8d,com.ongres.scram,scram-aggregator,3.4,mvn-3.9.11,mvn-3.9.11,25,https://github.com/ongres/scram.git,${version},,mvn clean package -P release -DskipTests -Dmaven.javadoc.skip -Dgpg.skip,,true,false,DISCOVERED
RCM-02094,content/com/ongres/stringprep/stringprep-aggregator-2.2.buildspec,d13dba012b01d23525a54a4ffbd740a33fc573a2821c14007c7ebba57d0b65f4,com.ongres.stringprep,stringprep-aggregator,2.2,mvn-3.9.8,mvn-3.9.8,21,https://github.com/ongres/stringprep.git,${version},,mvn clean package -P release -DskipTests -Dmaven.javadoc.skip -Dgpg.skip,,true,false,DISCOVERED
RCM-02100,content/com/sap/ai/sdk/sdk-1.13.0.buildspec,9995649e701d6ca8894b428fed11837d98c27edf77cc94663daae4e73990ac4f,com.sap.ai.sdk,sdk-parent,1.13.0,mvn-3.9.11,mvn-3.9.11,17,https://github.com/SAP/ai-sdk-java.git,rel/${version},,SHELL mvn clean package -DskipTests -Dspotless.skip && mvn -Drelease package -DskipTests -Dmaven.javadoc.skip -Dgpg.skip -Dspotless.skip -Dbuildinfo.detect.skip=false,,false,true,DISCOVERED
RCM-02117,content/com/semanticcms/semanticcms-all/semanticcms-all-1.14.0.buildspec,78d07aeeb0b7cf999cc81ae430b2579815767c8514aa156bdf971f6fa8f354c1,com.semanticcms,semanticcms-all,1.14.0,mvn-3.9.3,mvn-3.9.3,17,https://github.com/ao-apps/semanticcms-all.git,${artifactId}-${version},,mvn -Prelease clean package -DskipTests -Dmaven.javadoc.skip -Dgpg.skip,,true,false,DISCOVERED
RCM-02114,content/com/semanticcms/semanticcms-all-book/semanticcms-all-book-1.22.0.buildspec,10d2109a3a8e31f7ef02b37b9ab23d75f9e07f6f3d1cd3bb975022f4d5340f46,com.semanticcms,semanticcms-all-book,1.22.0,mvn-3.9.3,mvn-3.9.3,21,https://github.com/ao-apps/semanticcms-all.git,${artifactId}-${version},,mvn -f book -Prelease clean package -DskipTests -Dmaven.javadoc.skip -Dgpg.skip,,true,false,DISCOVERED
RCM-02126,content/com/semanticcms/semanticcms-bom/semanticcms-bom-1.22.0.buildspec,425ea46765bc5908642c587b5858afa0b369083da66aaa80538e6f7a774c5d4e,com.semanticcms,semanticcms-bom,1.22.0,mvn-3.9.3,mvn-3.9.3,17,https://github.com/ao-apps/semanticcms-bom.git,${artifactId}-${version},,mvn -Prelease clean package -DskipTests -Dmaven.javadoc.skip -Dgpg.skip,,true,false,DISCOVERED
RCM-02121,content/com/semanticcms/semanticcms-bom-book/semanticcms-bom-book-1.14.0.buildspec,6c271144a94b59eb2ca6acfa0859a894d47a29c7c81edecd51dfa73918afffa6,com.semanticcms,semanticcms-bom-book,1.14.0,mvn-3.9.3,mvn-3.9.3,17,https://github.com/ao-apps/semanticcms-bom.git,${artifactId}-${version},,mvn -f book -Prelease clean package -DskipTests -Dmaven.javadoc.skip -Dgpg.skip,,true,false,DISCOVERED
RCM-02132,content/com/semanticcms/semanticcms-core-all/semanticcms-core-all-1.10.0.buildspec,115a6a0e1c78ab512eb217d7a94fd00ee06a706b8c3299187bf4fc2879dc13ed,com.semanticcms,semanticcms-core-all,1.10.0,mvn-3.9.3,mvn-3.9.3,17,https://github.com/ao-apps/semanticcms-core-all.git,${artifactId}-${version},,mvn -Prelease clean package -DskipTests -Dmaven.javadoc.skip -Dgpg.skip,,true,false,DISCOVERED
RCM-02129,content/com/semanticcms/semanticcms-core-all-book/semanticcms-core-all-book-1.10.0.buildspec,de040c817ff232298673a84a2c8f8d5442bfd18df25abbc461b0b8b5ac3dec46,com.semanticcms,semanticcms-core-all-book,1.10.0,mvn-3.9.3,mvn-3.9.3,17,https://github.com/ao-apps/semanticcms-core-all.git,${artifactId}-${version},,mvn -f book -Prelease clean package -DskipTests -Dmaven.javadoc.skip -Dgpg.skip,,true,false,DISCOVERED
RCM-02139,content/com/semanticcms/semanticcms-core-bom/semanticcms-core-bom-1.22.0.buildspec,f2d6e58272069c05a3da835d86b904aea2129256c5dd225afa5d54ebc92989e6,com.semanticcms,semanticcms-core-bom,1.22.0,mvn-3.9.3,mvn-3.9.3,17,https://github.com/ao-apps/semanticcms-core-bom.git,${artifactId}-${version},,mvn -Prelease clean package -DskipTests -Dmaven.javadoc.skip -Dgpg.skip,,true,false,DISCOVERED
RCM-02137,content/com/semanticcms/semanticcms-core-bom-book/semanticcms-core-bom-book-2.0.1.buildspec,86b399293a6e996e6e26c0a0f4ab2d151d151ae3fc162f2cac898b361c2841f5,com.semanticcms,semanticcms-core-bom-book,2.0.1,mvn-3.9.3,mvn-3.9.3,21,https://github.com/ao-apps/semanticcms-core-bom.git,${artifactId}-${version},,mvn -f book -Prelease clean package -DskipTests -Dmaven.javadoc.skip -Dgpg.skip,,true,false,DISCOVERED
RCM-02143,content/com/semanticcms/semanticcms-core-breadcrumblist-json-ld/semanticcms-core-breadcrumblist-json-ld-1.5.0.buildspec,aa4058198aa6f55bd8990dff786a639b7cee91cfd9a437e788ccbf51b22ae1bd,com.semanticcms,semanticcms-core-breadcrumblist-json-ld,1.5.0,mvn-3.9.3,mvn-3.9.3,17,https://github.com/ao-apps/semanticcms-core-breadcrumblist-json-ld.git,${artifactId}-${version},,mvn -Prelease clean package -DskipTests -Dmaven.javadoc.skip -Dgpg.skip,,true,false,DISCOVERED
RCM-02141,content/com/semanticcms/semanticcms-core-breadcrumblist-json-ld-book/semanticcms-core-breadcrumblist-json-ld-book-1.5.0.buildspec,bb5545064d0b08454f45b4993ea8e94ad929c96634867f4317e8f0fbe8480e03,com.semanticcms,semanticcms-core-breadcrumblist-json-ld-book,1.5.0,mvn-3.9.3,mvn-3.9.3,17,https://github.com/ao-apps/semanticcms-core-breadcrumblist-json-ld.git,${artifactId}-${version},,mvn -f book -Prelease clean package -DskipTests -Dmaven.javadoc.skip -Dgpg.skip,,true,false,DISCOVERED
RCM-02148,content/com/semanticcms/semanticcms-core-docs/semanticcms-core-docs-1.10.0.buildspec,60ef145e4aaaed9818c2a04c1e35a5d1258bf528f78294d351699fb79286e10e,com.semanticcms,semanticcms-core-docs,1.10.0,mvn-3.9.3,mvn-3.9.3,17,https://github.com/ao-apps/semanticcms-core-docs.git,${artifactId}-${version},,mvn -Prelease clean package -DskipTests -Dmaven.javadoc.skip -Dgpg.skip,,true,false,DISCOVERED
RCM-02147,content/com/semanticcms/semanticcms-core-docs-book/semanticcms-core-docs-book-2.0.1.buildspec,cf0ea0d51ad4e3c734c232ac100307ed9e4e7e2243c30bfd4a3823adf1f325d4,com.semanticcms,semanticcms-core-docs-book,2.0.1,mvn-3.9.3,mvn-3.9.3,21,https://github.com/ao-apps/semanticcms-core-docs.git,${artifactId}-${version},,mvn -f book -Prelease clean package -DskipTests -Dmaven.javadoc.skip -Dgpg.skip,,true,false,DISCOVERED
RCM-02154,content/com/semanticcms/semanticcms-news-all/semanticcms-news-all-1.22.0.buildspec,65694c0ffed4ed36f3d8f52a76ddc3232a5f2a250f862188c70708aa91692168,com.semanticcms,semanticcms-news-all,1.22.0,mvn-3.9.3,mvn-3.9.3,21,https://github.com/ao-apps/semanticcms-news-all.git,${artifactId}-${version},,mvn -Prelease clean package -DskipTests -Dmaven.javadoc.skip -Dgpg.skip,,true,false,DISCOVERED
RCM-02151,content/com/semanticcms/semanticcms-news-all-book/semanticcms-news-all-book-1.22.0.buildspec,1f7c42a59ad126b94310242df5b727c80997fab77a0a80e2e0508f501422107f,com.semanticcms,semanticcms-news-all-book,1.22.0,mvn-3.9.3,mvn-3.9.3,21,https://github.com/ao-apps/semanticcms-news-all.git,${artifactId}-${version},,mvn -f book -Prelease clean package -DskipTests -Dmaven.javadoc.skip -Dgpg.skip,,true,false,DISCOVERED
RCM-02177,content/com/semanticcms/semanticcms-parent/semanticcms-parent-2.0.1.buildspec,95e83d00d01d9ce957e731c082a41fc21b06a3fe1db02f8f9c433d1e62e3d271,com.semanticcms,semanticcms-parent,2.0.1,mvn-3.9.3,mvn-3.9.3,11,https://github.com/ao-apps/semanticcms-parent.git,${artifactId}-${version},,mvn -Prelease clean package -DskipTests -Dmaven.javadoc.skip -Dgpg.skip,,true,false,DISCOVERED
RCM-02170,content/com/semanticcms/semanticcms-parent-book/semanticcms-parent-book-2.1.0.buildspec,7f99e8d07e2f1999f38421e41a9b85b5de643e074a58f597723b54f88390bf84,com.semanticcms,semanticcms-parent-book,2.1.0,mvn-3.9.3,mvn-3.9.3,21,https://github.com/ao-apps/semanticcms-parent.git,${artifactId}-${version},,mvn -f book -Prelease clean package -DskipTests -Dmaven.javadoc.skip -Dgpg.skip,,true,false,DISCOVERED
RCM-02184,content/com/semanticcms/semanticcms-tag-reference/semanticcms-tag-reference-1.10.2.buildspec,e182a12544c6c132d6e28fbb7d4b03033bfc0df5ea2255bc744dcd2a6f045f45,com.semanticcms,semanticcms-tag-reference,1.10.2,mvn-3.9.2,mvn-3.9.2,17,https://github.com/ao-apps/${artifactId}.git,${artifactId}-${version},,mvn -Prelease clean package -DskipTests -Dmaven.javadoc.skip -Dgpg.skip,,true,false,DISCOVERED
RCM-02181,content/com/semanticcms/semanticcms-tag-reference-book/semanticcms-tag-reference-book-2.0.0.buildspec,b7148dfd0d50533644d7c2fbc87c4a2979b82665d0125e977e5757df6d291484,com.semanticcms,semanticcms-tag-reference-book,2.0.0,mvn-3.9.2,mvn-3.9.2,21,https://github.com/ao-apps/semanticcms-tag-reference.git,${artifactId}-${version},,mvn -f book -Prelease clean package -DskipTests -Dmaven.javadoc.skip -Dgpg.skip,,true,false,DISCOVERED
RCM-02258,content/com/spotify/github-client/github-client-0.4.9.buildspec,2c67a968f1488705d837d57f2fe65c9b57b2bfb278336c8305a01f3a75bf3f62,com.spotify,github-client,0.4.9,mvn-3.9.9,mvn-3.9.9,11,https://github.com/spotify/github-java-client.git,v${version},,"mvn -Pdeploy,coverage clean package -DskipTests -Dmaven.javadoc.skip -Dgpg.skip",,true,false,DISCOVERED
RCM-02189,content/com/spotify/fmt-maven-plugin/fmt-maven-plugin-2.21.buildspec,ca525cd41334c8e8fc65fb8b32484b1b74b7087f141340e12d05ad0f68f3275e,com.spotify.fmt,fmt-maven-plugin,2.21,mvn,mvn,17,https://github.com/spotify/${artifactId}.git,${version},,mvn -Prelease clean package -DskipTests -Dmaven.javadoc.skip -Dgpg.skip,,true,false,DISCOVERED
RCM-02299,content/com/taobao/arthas/arthas-3.7.3.buildspec,07135bf51c63f4f9e4b4ef2a1ab5ad66974aae61c00ac30e5f109cf55e54ffd0,com.taobao.arthas,arthas-all,3.7.3,mvn,mvn,11,https://github.com/alibaba/arthas.git,${artifactId}-${version},,mvn -Pfull clean package -DskipTests -Drpm.disabled -pl -arthas-vmtool,,true,false,DISCOVERED
RCM-02309,content/com/vladsch/flexmark/flexmark-java/flexmark-java-0.64.6.buildspec,48656cd54fa18817f100b7be7d08b89ecb1908c0c4ecd612181b61ac2fd6ea65,com.vladsch.flexmark,flexmark-java,0.64.6,mvn,mvn,11,https://github.com/vsch/${artifactId}.git,${version},,mvn -Pdeploy clean package -DskipTests -Dmaven.javadoc.skip -Dgpg.skip -Dbuildinfo.detect.skip=false,,true,false,DISCOVERED
RCM-06468,content/org/apache/commons/commons-beanutils/commons-beanutils-1.11.0.buildspec,daa8fe93441f2c8bb9c319db5b8745499e2590820d7ed5c2e91479fe4d4ca5b5,commons-beanutils,commons-beanutils,1.11.0,mvn,mvn,21,https://github.com/apache/${artifactId}.git,rel/${artifactId}-${version},,mvn clean verify -DskipTests -Dgpg.skip -Dmaven.javadoc.skip -Dbuildinfo.ignore=,,true,false,DISCOVERED
RCM-06476,content/org/apache/commons/commons-cli/commons-cli-1.7.0.buildspec,097e3efbff5296cd0b3afa5359dc1f29a3508bdad02f290fa9230b0111b060a6,commons-cli,commons-cli,1.7.0,mvn,mvn,17,https://github.com/apache/commons-cli.git,rel/${artifactId}-${version},,mvn clean verify -DskipTests -Dgpg.skip -Dmaven.javadoc.skip -Dbuildinfo.ignore=,,true,false,DISCOVERED
RCM-06479,content/org/apache/commons/commons-codec/commons-codec-1.16.1.buildspec,898f80f26b27c475c7e7f79f8e4ec604eab66fbfbd474f8234a893452fdd3dcb,commons-codec,commons-codec,1.16.1,mvn,mvn,21,https://github.com/apache/commons-codec.git,rel/${artifactId}-${version},,mvn clean package -DskipTests -Dmaven.javadoc.skip -Dgpg.skip -Dbuildinfo.ignore=*/*.spdx.json,,true,false,DISCOVERED
RCM-06493,content/org/apache/commons/commons-daemon/commons-daemon-1.4.1.buildspec,45c1b01d96a34ad0c74adab9bc5149c432476c4f3c2e6e8080b3ba097f3e3232,commons-daemon,commons-daemon,1.4.1,mvn,mvn,23,https://github.com/apache/commons-daemon.git,${artifactId}-${version},,mvn clean verify -Prelease -Dcommons.release.isDistModule=false -DskipTests -Dgpg.skip -Dbuildinfo.ignore=,,true,false,DISCOVERED
RCM-06507,content/org/apache/commons/commons-fileupload/commons-fileupload-1.6.0.buildspec,c94d22d67fbcaf7c2c40a05b21dc27319f475648819ad976017285956b08ba16,commons-fileupload,commons-fileupload,1.6.0,mvn,mvn,21,https://github.com/apache/commons-fileupload.git,rel/commons-fileupload-${version},,mvn clean verify -DskipTests -Dgpg.skip -Dmaven.javadoc.skip -Dbuildinfo.ignore=,,true,false,DISCOVERED
RCM-06517,content/org/apache/commons/commons-io/commons-io-2.21.0.buildspec,c66871a3d5c37b4118ccdeccd2c4821b598e2a787ac2a5fe2a15bf61128afeab,commons-io,commons-io,2.21.0,mvn,mvn,21,https://github.com/apache/commons-io.git,rel/${artifactId}-${version},,mvn clean package -DskipTests -Dmaven.javadoc.skip -Dgpg.skip -Dbuildinfo.ignore=*/*.spdx.json,,true,false,DISCOVERED
RCM-06539,content/org/apache/commons/commons-logging/commons-logging/commons-logging-1.3.4.buildspec,de349112af7a3f2280b0e0c2caf1570e68b732399780fafec677e3c856519538,commons-logging,commons-logging,1.3.4,mvn,mvn,17,https://github.com/apache/${artifactId},rel/${artifactId}-${version},,mvn clean package -DskipTests -Dmaven.javadoc.skip -Dgpg.skip -Dcommons.spdx.version=0.7.1 -Dspdx.skip,,true,false,DISCOVERED
RCM-06592,content/org/apache/commons/net/commons-net-3.13.0.buildspec,7e737c9f97ab347f6466de4044c317bf3ac676ef5999e8a78ed6dde2b9f7029b,commons-net,commons-net,3.13.0,mvn-3.9.12,mvn-3.9.12,21,https://github.com/apache/${artifactId}.git,rel/${artifactId}-${version},,mvn -Prelease clean:clean package -DskipTests -Dmaven.javadoc.skip -Dgpg.skip -Dcyclonedx.skip -Dcommons.release.dryRun -Dcommons.release.isDistModule -Dbuildinfo.ignore=,,true,false,DISCOVERED
RCM-06560,content/org/apache/commons/commons-validator/commons-validator-1.10.1.buildspec,6df40b069e180bf88a3dceaad7ad28e1f5ff1e07fc87d86632e5a99f1b30785b,commons-validator,commons-validator,1.10.1,mvn,mvn,21,https://github.com/apache/commons-validator.git,rel/${artifactId}-${version},,mvn clean package -DskipTests -Dmaven.javadoc.skip -Dgpg.skip -Dbuildinfo.ignore=*/*.spdx.json,,true,false,DISCOVERED
RCM-02315,content/cool/klass/klass-0.5.0.buildspec,592d3313ab76da08430c6c0b72d4565376d96345b79062990eb98a48a968f923,cool.klass,klass,0.5.0,mvn-3.9.9,mvn-3.9.9,17,https://github.com/liftwizard/${artifactId}.git,${version},,mvn -T 1 -Pdeploy clean verify -DskipTests -Dmaven.javadoc.skip -Dgpg.skip,,true,false,DISCOVERED
RCM-02324,content/de/cuioss/cui-java-tools/cui-java-tools-2.6.2.buildspec,504929cfcd55ea500a41d79f3ba1ab127a35ed7a97cdebc0741b6fc443d90847,de.cuioss,cui-java-tools,2.6.2,mvn-3.9.9,mvn-3.9.9,21,https://github.com/cuioss/${artifactId}.git,${version},,mvn -Prelease clean package -DskipTests -Dmaven.javadoc.skip -Dgpg.skip -Dbuildinfo.detect.skip=false,,true,false,DISCOVERED
RCM-02353,content/de/cuioss/cui-parent-pom/cui-parent-pom-1.1.8.buildspec,cbaa77f81e3d0469a220f6c562078f6425a605b56285a21c1458977d2f5d19af,de.cuioss,cui-parent-pom,1.1.8,mvn-3.9.9,mvn-3.9.9,21,https://github.com/cuioss/${artifactId}.git,${version},,mvn -Prelease-pom clean package -DskipTests -Dmaven.javadoc.skip -Dgpg.skip -Dbuildinfo.detect.skip=false,,true,false,DISCOVERED
RCM-02403,content/de/gematik/pki/gemLibPki/gemLibPki-3.1.3.buildspec,96619f40ce02898edb04b002a727111ec6967fac1ddb1373feb42c7e888c30b7,de.gematik.pki,gemLibPki,3.1.3,mvn,mvn,17,https://github.com/gematik/ref-GemLibPki.git,${version},,mvn clean package -DskipTests -Dmaven.javadoc.skip,,true,false,DISCOVERED
RCM-02411,content/de/gematik/pki/gemlibpki-old/gemLibPki-0.9.1.buildspec,43ed30adfa82e9b3d7693a8894d5c9804f668c1b9a23820b88197de6b6cce861,de.gematik.pki.gemlibpki,gemLibPki,0.9.1,mvn,mvn,17,https://github.com/gematik/ref-GemLibPki.git,${version},,mvn clean package -DskipTests -Dmaven.javadoc.skip,,true,false,DISCOVERED
RCM-02414,content/de/jflex/jflex-1.9.0.buildspec,b50fc966d7b724ff7cb49138e94012c1670a0904ae16498a367343f9059a7126,de.jflex,jflex-parent,1.9.0,mvn,mvn,19,https://github.com/jflex-de/jflex.git,v${version},,mvn -Prelease clean package -DskipTests -Dmaven.javadoc.skip -Dgpg.skip,,true,false,DISCOVERED
RCM-02421,content/de/knightsoft-net/gwt-commons-codec/gwt-commons-codec-1.20.0-0.buildspec,9536e8fa863e812c23d752f81cf6ffc9681d1ec87730673b44c13a96e0536756,de.knightsoft-net,gwt-commons-codec,1.20.0-0,mvn,mvn,21,https://gitlab.com/ManfredTremmel/gwt-commons-codec.git,v${version},,mvn -Prelease clean package -DskipTests -Dmaven.javadoc.skip -Dgpg.skip -Dcommons.release.dryRun -Dcommons.release.isDistModule=false -Dspdx.skip,,true,false,DISCOVERED
RCM-02427,content/de/knightsoft-net/gwt-commons-lang3/gwt-commons-lang3-3.19.0-0.buildspec,a677de0dcf937871c1aa49ba13ce8e92a0d28c8fe7a8cb694df528f82c921bb5,de.knightsoft-net,gwt-commons-lang3,3.19.0-0,mvn,mvn,21,https://gitlab.com/ManfredTremmel/gwt-commons-lang3.git,v${version},,mvn -Prelease clean package -DskipTests -Dmaven.javadoc.skip -Dgpg.skip -Dcommons.release.dryRun -Dcommons.release.isDistModule=false -Dcommons.spdx.version=0.7.1 -Dspdx.skip,,true,false,DISCOVERED
RCM-02430,content/de/knightsoft-net/gwt-commons-validator/gwt-commons-validator-1.10.1-0.buildspec,6b076991b67ee6d0669130534ad634f7081f132ca98a649e26d83567d3988f12,de.knightsoft-net,gwt-commons-validator,1.10.1-0,mvn,mvn,21,https://gitlab.com/ManfredTremmel/gwt-commons-validator.git,v${version},,mvn -Prelease clean package -DskipTests -Dmaven.javadoc.skip -Dgpg.skip -Dcommons.release.dryRun -Dcommons.release.isDistModule=false -Dcommons.spdx.version=0.7.1 -Dspdx.skip,,true,false,DISCOVERED
RCM-02434,content/de/unentscheidbar/migratedb/migratedb-0.2.0.buildspec,14420228e7d4eab52b1c16aa77aac1bb63f5a9e3f2298f448e714efad3ad8153,de.unentscheidbar,migratedb,0.2.0,mvn,mvn,11,https://unentscheidbar.de/gitea/hussdl/migratedb.git,v${version},,mvn clean package -DskipTests,,true,false,DISCOVERED
RCM-02444,content/dev/aspectj/aspectj-maven-plugin/aspectj-maven-plugin-1.14.1.buildspec,d4c3d9705788e617c2b58d53c43e60e67190cfd59f07bd3b25c7645b0c292d3b,dev.aspectj,aspectj-maven-plugin,1.14.1,mvn-3.9.11,mvn-3.9.11,8,https://github.com/dev-aspectj/aspectj-maven-plugin.git,${artifactId}-${version},,mvn -Prelease-sign-artifacts clean package -DskipTests -Dmaven.javadoc.skip -Dgpg.skip -Dbuildinfo.detect.skip=false,,true,false,DISCOVERED
RCM-02448,content/dev/cdevents/cdevents-sdk-java/cdevents-sdk-java-0.3.1.buildspec,7ca62aec4e540650b2687c7e0f63d50e4b4b5e474db4cc939c6587d2edc62472,dev.cdevents,cdevents-sdk-java,0.3.1,mvn-3.9.3,mvn-3.9.3,11,https://github.com/cdevents/sdk-java.git,v${version},,mvn -Drelease clean package -DskipTests -Dmaven.javadoc.skip -Dgpg.skip,,true,false,DISCOVERED
RCM-02502,content/dev/langchain4j/langchain4j-1.17.2.buildspec,5ca81cd67852b2f7d975595c84d64fd13ec594ddacc2031f88d67f3435b0a929,dev.langchain4j,langchain4j,1.17.2,mvn-3.9.16,mvn-3.9.16,25,https://github.com/langchain4j/langchain4j.git,${version},,SHELL mvn -ntp package -DskipTests -Dmaven.javadoc.skip -Dgpg.skip -Dspotless.skip -Dbuildinfo.skipModules=,,false,true,DISCOVERED
RCM-02454,content/dev/langchain4j/cdi/langchain4j-cdi-1.3.2.buildspec,36e8f2e8560d7e6c96e104a8acf2458a427283fe44da5bd2f866f624262a34aa,dev.langchain4j.cdi,langchain4j-cdi-parent,1.3.2,mvn-3.9.12,mvn-3.9.12,21,https://github.com/langchain4j/langchain4j-cdi.git,${version},,mvn -ntp clean package -DskipTests -Dmaven.javadoc.skip -Dgpg.skip -Dspotless.skip -Dbuildinfo.detect.skip=false -DperformRelease,,true,false,DISCOVERED
RCM-02516,content/dev/sigstore/sigstore-maven-plugin/sigstore-maven-plugin-0.4.0.buildspec,d010c3d3da1de11f6a6385265dbca7c862a097cc1dc17ea3c07a048f9d57c9f5,dev.sigstore,sigstore-maven-plugin,0.4.0,mvn,mvn,11,https://github.com/sigstore/sigstore-maven-plugin.git,${artifactId}-${version},,mvn -Prelease clean package -DskipTests -Dmaven.javadoc.skip -Dgpg.skip,,true,false,DISCOVERED
RCM-02522,content/eu/europa/ec/joinup/sat/jdplus-benchmarking/jdplus-benchmarking-2.2.0.buildspec,c73abc0af5dccf05a6dd07962283af0b4d15806d38c085551cc34d29dcabd83a,eu.europa.ec.joinup.sat,jdplus-benchmarking,2.2.0,mvn-3.9.11,mvn-3.9.11,21,https://github.com/jdemetra/jdplus-benchmarking.git,v${version},,mvn -Pbase-deploy clean package -DskipTests -Dmaven.javadoc.skip -Dgpg.skip,,true,false,DISCOVERED
RCM-02523,content/eu/europa/ec/joinup/sat/jdplus-experimental/jdplus-experimental-1.0.2.buildspec,116cedee0c1823be55be681665b93d1ce7654e28c6455c84ec74508f2f7037ce,eu.europa.ec.joinup.sat,jdplus-experimental,1.0.2,mvn,mvn,21,https://github.com/jdemetra/jdplus-experimental.git,v${version},,mvn -Pbase-deploy clean package -DskipTests -Dmaven.javadoc.skip -Dgpg.skip,,true,false,DISCOVERED
RCM-02526,content/eu/europa/ec/joinup/sat/jdplus-incubator/jdplus-incubator-2.2.0.buildspec,920c51f228b522462b30793568762d185e780fd72453db064375d98ddbd8b606,eu.europa.ec.joinup.sat,jdplus-incubator,2.2.0,mvn,mvn,21,https://github.com/jdemetra/jdplus-incubator.git,v${version},,mvn -Pbase-deploy clean package -DskipTests -Dmaven.javadoc.skip -Dgpg.skip,,true,false,DISCOVERED
RCM-02539,content/eu/europa/ec/joinup/sat/jdplus-main/jdplus-main-3.6.0.buildspec,cdf05e72eab8516718f9b7793e664aa000d25b36b62d9f17b3705a90d77b284a,eu.europa.ec.joinup.sat,jdplus-main,3.6.0,mvn-3.9.9,mvn-3.9.9,21,https://github.com/jdemetra/jdplus-main.git,v${version},,mvn -Pbase-deploy clean package -DskipTests -Dmaven.javadoc.skip -Dgpg.skip,,true,false,DISCOVERED
RCM-02542,content/eu/europa/ec/joinup/sat/jdplus-nowcasting/jdplus-nowcasting-2.0.0.buildspec,cd46cb68f9eba9d2e628ee70154415a304f7d609f3603eb2bbb0ab9379f0e8ef,eu.europa.ec.joinup.sat,jdplus-nowcasting,2.0.0,mvn,mvn,21,https://github.com/jdemetra/jdplus-nowcasting.git,v${version},,mvn -Pbase-deploy clean package -DskipTests -Dmaven.javadoc.skip -Dgpg.skip,,true,false,DISCOVERED
RCM-02543,content/eu/europa/ec/joinup/sat/jwsacruncher/jwsacruncher-2.2.5.buildspec,de36271f903b83b51f375129543325973718d966c3ff7d694db313462525b2ed,eu.europa.ec.joinup.sat,jwsacruncher,2.2.5,mvn,mvn,21,https://github.com/jdemetra/jwsacruncher.git,v${version},,mvn -Pbase-deploy clean package -DskipTests -Dmaven.javadoc.skip -Dgpg.skip,,true,false,DISCOVERED
RCM-02550,content/eu/europa/ted/eforms/eforms-core-java/eforms-core-java-1.1.0.buildspec,80cd311faab263b351486ccf34b886915c8521466cf90e828036632181e3a041,eu.europa.ted.eforms,eforms-core-java,1.1.0,mvn,mvn,11,https://github.com/OP-TED/eforms-core-java.git,${version},,mvn -Prelease clean package -DskipTests -Dmaven.javadoc.skip -Dgpg.skip,,true,false,DISCOVERED
RCM-02571,content/eu/europa/ted/eforms/eforms-sdk/eforms-sdk-1.12.0.buildspec,88231fb9a63f729027b06929ba4271a1ecfe3e9afdf8c9952a1e89f67ca840d5,eu.europa.ted.eforms,eforms-sdk,1.12.0,mvn,mvn,11,https://github.com/OP-TED/eForms-SDK.git,${version},,mvn -Prelease clean package -DskipTests -Dmaven.javadoc.skip -Dgpg.skip,,true,false,DISCOVERED
RCM-02559,content/eu/europa/ted/eforms/eforms-sdk-analyzer/eforms-sdk-analyzer-1.14.0.buildspec,b6c88f24acbea95aa085668314fb80e8a9b1f32c5a45a5bdc2a41768f3f91a03,eu.europa.ted.eforms,eforms-sdk-analyzer,1.14.0,mvn,mvn,11,https://github.com/OP-TED/eforms-sdk-analyzer.git,${version},,mvn -Prelease clean package -DskipTests -Dmaven.javadoc.skip -Dgpg.skip,,true,false,DISCOVERED
RCM-02615,content/eu/europa/ted/eforms/efx-toolkit-java/efx-toolkit-java-2.0.0-alpha.5.buildspec,e0baf97d1e8c838ef5f3aecd98c54df090cf1f73ebcc91eafb9c0aa54e26015f,eu.europa.ted.eforms,efx-toolkit-java,2.0.0-alpha.5,mvn,mvn,11,https://github.com/OP-TED/${artifactId}.git,${version},,mvn -Prelease clean package -DskipTests -Dmaven.javadoc.skip -Dgpg.skip,,true,false,DISCOVERED
RCM-02620,content/eu/maveniverse/maven/bom-builder/bom-builder-1.0.2.buildspec,3a6e7877162faafa2c4bd0d60d5336293b8247a8d9422299a6b7f2c6d9fca364,eu.maveniverse.maven.bom-builder,bom-builder,1.0.2,mvn-3.9.8,mvn-3.9.8,21,https://github.com/maveniverse/${artifactId}-maven-plugin.git,release-${version},,mvn -Pmaveniverse-release clean package -DskipTests -Dmaven.javadoc.skip -Dgpg.skip -Denforcer.skip,,true,false,DISCOVERED
RCM-02631,content/eu/maveniverse/maven/checksum/checksum-0.1.0.buildspec,cd9c0bc9004e64a5bbcbf355336728f82b663bab856b264c56a6717ab1945096,eu.maveniverse.maven.checksum,checksum,0.1.0,mvn-3.9.12,mvn-3.9.12,21,https://github.com/maveniverse/${artifactId}.git,release-${version},,mvn -Pmaveniverse-release clean package -DskipTests -Dmaven.javadoc.skip -Dgpg.skip -Denforcer.skip,,true,false,DISCOVERED
RCM-02641,content/eu/maveniverse/maven/domtrip/domtrip-1.0.0.buildspec,4ebc836f9ef557614734e294f9a4afd88cfc737e66d8d47676d632651aa9dacb,eu.maveniverse.maven.domtrip,domtrip,1.0.0,mvn-3.9.12,mvn-3.9.12,21,https://github.com/maveniverse/${artifactId}.git,${version},,mvn -Pmaveniverse-release clean package -DskipTests -Dmaven.javadoc.skip -Dgpg.skip -Denforcer.skip,,true,false,DISCOVERED
RCM-02653,content/eu/maveniverse/maven/heimdall/heimdall-0.1.2.buildspec,9c9a40c99aa4409d40195eb46eba9b0cc8aa6fdd3bf8194bfa207270dd195259,eu.maveniverse.maven.heimdall,heimdall,0.1.2,mvn-3.9.9,mvn-3.9.9,21,https://github.com/maveniverse/${artifactId}.git,release-${version},,mvn -Pmaveniverse-release clean package -DskipTests -Dmaven.javadoc.skip -Dgpg.skip -Denforcer.skip,,true,false,DISCOVERED
RCM-02659,content/eu/maveniverse/maven/ipfs/ipfs-0.2.0.buildspec,918f18512ad00b657bb4ddf72a697f4b03be6b84d0d10ddd9efab95684b678d1,eu.maveniverse.maven.ipfs,ipfs,0.2.0,mvn-3.9.12,mvn-3.9.12,21,https://github.com/maveniverse/${artifactId}.git,release-${version},,mvn -Pmaveniverse-release clean package -DskipTests -Dmaven.javadoc.skip -Dgpg.skip -Denforcer.skip,,true,false,DISCOVERED
RCM-02666,content/eu/maveniverse/maven/mase/mase/mase-1.0.2.buildspec,1030aa2065a6d0bbb6f71f244d57f72b90970d0ea2800dc02ba5f48d81e13887,eu.maveniverse.maven.mase,mase,1.0.2,mvn-3.9.5,mvn-3.9.5,21,https://github.com/maveniverse/mase.git,release-${version},,mvn -Pmaveniverse-release clean package -DskipTests -Dmaven.javadoc.skip -Dgpg.skip,,true,false,DISCOVERED
RCM-02670,content/eu/maveniverse/maven/maven-boms/maven-boms-3.9.12-01.buildspec,9b3cb3ca47933713533d632e2865fb981af4ae68aa615932c75fca0b2496aad4,eu.maveniverse.maven.maven-boms,maven-boms,3.9.12-01,mvn-3.9.11,mvn-3.9.11,21,https://github.com/maveniverse/${artifactId}.git,maven-${version},,mvn -Pmaveniverse-release clean package -DskipTests -Dmaven.javadoc.skip -Dgpg.skip -Denforcer.skip,,true,false,DISCOVERED
RCM-02733,content/eu/maveniverse/maven/mima/mima-2.4.45.buildspec,5adefc8f68e13ce9c2ab37af2e9b0ae7b9b85580ecd42ecf2ccf0888ea47a8aa,eu.maveniverse.maven.mima,mima,2.4.45,mvn-3.9.14,mvn-3.9.14,21,https://github.com/maveniverse/${artifactId}.git,release-${version},,mvn -Pmaveniverse-release clean package -DskipTests -Dmaven.javadoc.skip -Dgpg.skip -Denforcer.skip,,true,false,DISCOVERED
RCM-02748,content/eu/maveniverse/maven/mimir/mimir-0.10.3.buildspec,3ae93b911d17852c64340e25e753e4ca836aeed9361c8facc1c80d5b9fa3bb94,eu.maveniverse.maven.mimir,mimir,0.10.3,mvn-3.9.1,mvn-3.9.1,21,https://github.com/maveniverse/${artifactId}.git,release-${version},,mvn -Pmaveniverse-release clean package -DskipTests -Dmaven.javadoc.skip -Dgpg.skip -Denforcer.skip,,true,false,DISCOVERED
RCM-02805,content/eu/maveniverse/maven/nisse/nisse-0.4.5.buildspec,6999182ff00ef3efa83cf9008404def9598a28b0a134baf9e2815156f17ea1cf,eu.maveniverse.maven.nisse,nisse,0.4.5,mvn-3.9.8,mvn-3.9.8,21,https://github.com/maveniverse/${artifactId}.git,release-${version},,mvn -Pmaveniverse-release clean package -DskipTests -Dgpg.skip -Denforcer.skip,,true,false,DISCOVERED
RCM-02865,content/eu/maveniverse/maven/njord/njord-0.9.8.buildspec,d7c0aab77afc4b14d6f66b37f4006784dd2c50eba09de38fe30077a34b66863e,eu.maveniverse.maven.njord,njord,0.9.8,mvn-3.9.9,mvn-3.9.9,21,https://github.com/maveniverse/${artifactId}.git,release-${version},,mvn -Pmaveniverse-release clean package -DskipTests -Dgpg.skip -Denforcer.skip,,true,false,DISCOVERED
RCM-02870,content/eu/maveniverse/maven/scalpel/scalpel-0.3.1.buildspec,b87d2df6909d97284046eb2f7e9f62dd7134c58116191f74ff060596d5c74894,eu.maveniverse.maven.scalpel,scalpel,0.3.1,mvn-3.9.12,mvn-3.9.12,21,https://github.com/maveniverse/scalpel.git,${version},,mvn -Pmaveniverse-release clean package -DskipTests -Dmaven.javadoc.skip -Dgpg.skip,,true,false,DISCOVERED
RCM-02877,content/eu/maveniverse/maven/shared/shared/shared-0.1.0.buildspec,09d94e4dbeb82fce836a94fa96b9a3cf49cb49a67298181da698b47e249e1ff3,eu.maveniverse.maven.shared,shared,0.1.0,mvn-3.9.9,mvn-3.9.9,21,https://github.com/maveniverse/maven-${artifactId}.git,release-${version},,mvn -Pmaveniverse-release clean package -DskipTests -Dgpg.skip -Denforcer.skip,,true,false,DISCOVERED
RCM-02985,content/eu/maveniverse/maven/toolbox/toolbox-0.3.2.buildspec,7fad32d2e572ed82bfd5d96418cf3436db16b282b9eaceddc83b7067d11c61eb,eu.maveniverse.maven.toolbox,toolbox,0.3.2,mvn-3.9.9,mvn-3.9.9,21,https://github.com/maveniverse/toolbox.git,release-${version},,mvn -Pmaveniverse-release clean package -DskipTests -Dmaven.javadoc.skip -Dgpg.skip,,true,false,DISCOVERED
RCM-03010,content/eu/maveniverse/maven/toolrunner/toolrunner-0.2.0.buildspec,c356d76ea5e4c282eeebc63e4723be527d66898bb6d0b1c5ce7a540ecef1f605,eu.maveniverse.maven.toolrunner,toolrunner,0.2.0,mvn-3.9.12,mvn-3.9.12,21,https://github.com/maveniverse/${artifactId}.git,release-${version},,mvn -Pmaveniverse-release clean package -DskipTests -Dmaven.javadoc.skip -Dgpg.skip -Denforcer.skip,,true,false,DISCOVERED
RCM-03019,content/eu/maveniverse/maven/zippy/zippy-0.1.1.buildspec,733a344542fa054f42015af847d3f87aeaacf1f2b64096d4ac3588561c75ec72,eu.maveniverse.maven.zippy,zippy,0.1.1,mvn-3.9.9,mvn-3.9.9,21,https://github.com/maveniverse/zippy.git,release-${version},,mvn -Pmaveniverse-release clean package -DskipTests -Dmaven.javadoc.skip -Dgpg.skip,,true,false,DISCOVERED
RCM-03102,content/fr/inria/gforge/spoon/spoon-core/spoon-core-10.4.3-beta-21.buildspec,e36d9087d408a03cefa51993e50b1bde889dd23f8021dd095b16a8704599542f,fr.inria.gforge.spoon,spoon-core,10.4.3-beta-21,mvn,mvn,11,https://github.com/inria/spoon.git,v${version},,mvn -f spoon-pom -Prelease clean package -DskipDepClean -DskipTests -Dmaven.javadoc.skip -Dgpg.skip,,true,false,DISCOVERED
RCM-03211,content/fr/marcwrobel/jbanking/jbanking-4.1.0.buildspec,024ebdef105b1a1e91af507f31bedad9af930740c0a28ee3653175aa882a2ca1,fr.marcwrobel,jbanking,4.1.0,mvn-3.8.6,mvn-3.8.6,17,https://github.com/marcwrobel/jbanking.git,v${version},,mvn -Prelease clean package -DskipTests -Dmaven.javadoc.skip -Dgpg.skip -Dcyclonedx.skip,,true,false,DISCOVERED
RCM-03216,content/fr/vidal/oss/atom-jaxb-1.1.0.buildspec,e2ae301a37795b9a3406920a074c5cd6b00cb06f052a5c8b7a5887b8656580c9,fr.vidal.oss,atom-jaxb,1.1.0,mvn,mvn,8,https://github.com/vidal-community/atom-jaxb.git,v${version},,mvn -Prelease clean verify -DskipTests -Dmaven.javadoc.skip -Dgpg.skip,,true,false,DISCOVERED
RCM-03220,content/fr/vidal/oss/atom-jaxb-2.1.0.buildspec,84fc3aa3f4d7401d04e808461a53386007903c8cbf0ea13b76514d90c3f22d96,fr.vidal.oss,atom-jaxb-parent,2.1.0,mvn,mvn,11,https://github.com/vidal-community/atom-jaxb.git,v${version},,mvn -Prelease clean verify -DskipTests -Dmaven.javadoc.skip -Dgpg.skip,,true,false,DISCOVERED
RCM-03399,content/io/airlift/airbase/airbase-333.buildspec,c6bf8c042c8b323cd26a500706b25caae0ac8b3a4f9b17d3c7b1d0d2f4808ec9,io.airlift,airbase,333,mvn-3.9.9,mvn-3.9.9,24,https://github.com/airlift/airbase.git,${version},,mvn clean package -DskipTests -Dmaven.javadoc.skip -Dgpg.skip,,true,false,DISCOVERED
RCM-03465,content/io/avaje/applog/avaje-applog-1.1.buildspec,eb25619eaac87986917cfb2f0e0d71d0bd253a296c715daa4c9b30a719954f47,io.avaje,avaje-applog,1.1,mvn,mvn,21,https://github.com/avaje/avaje-applog.git,${version},,mvn -Pcentral clean package -DskipTests -Dmaven.javadoc.skip -Dgpg.skip,,true,false,DISCOVERED
RCM-03475,content/io/avaje/config/avaje-config-5.0-RC2.buildspec,e979a06d8585ba0744f0b60935f7b29459b34f96fa9823676a4b53811adfa097,io.avaje,avaje-config,5.0-RC2,mvn-3.9.11,mvn-3.9.11,21,https://github.com/avaje/avaje-config.git,${version},,mvn -f ${artifactId} -Pcentral clean package -DskipTests -Dmaven.javadoc.skip -Dgpg.skip,,true,false,DISCOVERED
RCM-03479,content/io/avaje/config-toml/avaje-config-toml-4.1.buildspec,c08f50d5911ea0783f11d482de4efa169a30fb2ec5eab784c86ab3dc09f47a1c,io.avaje,avaje-config-toml,4.1,mvn-3.9.9,mvn-3.9.9,24,https://github.com/avaje/avaje-config.git,${version},,mvn -f ${artifactId} -Pcentral clean package -DskipTests -Dmaven.javadoc.skip -Dgpg.skip,,true,false,DISCOVERED
RCM-03518,content/io/avaje/http/avaje-http-3.6-RC2.buildspec,8a79ef60c4b9317cc95d7a6492846f12fd6b08c02b80e09fc2e5ee794e0868ba,io.avaje,avaje-http-parent,3.6-RC2,mvn,mvn,25,https://github.com/avaje/avaje-http.git,${version},,mvn -Pcentral clean package -DskipTests -Dmaven.javadoc.skip -Dgpg.skip,,true,false,DISCOVERED
RCM-03568,content/io/avaje/inject/avaje-inject-11.6-RC4.buildspec,8363cdea5b1ea3bb14595557aa7353f1c9663aca592ffdf535bf26da2b4a63f2,io.avaje,avaje-inject-parent,11.6-RC4,mvn,mvn,21,https://github.com/avaje/avaje-inject.git,${version},,mvn -Pcentral clean package -DskipTests -Dmaven.javadoc.skip -Dgpg.skip,,true,false,DISCOVERED
RCM-03620,content/io/avaje/jex/avaje-jex-3.0-RC14.buildspec,658f82c370f15f5e3320dab3d315b061d83f2fa1a8c34e8090b838283c44cd9c,io.avaje,avaje-jex-parent,3.0-RC14,mvn,mvn,21,https://github.com/avaje/avaje-jex.git,${artifactId}-${version},,mvn -Pcentral clean package -DskipTests -Dmaven.javadoc.skip -Dgpg.skip,,true,false,DISCOVERED
RCM-03669,content/io/avaje/jsonb/avaje-jsonb-3.0-RC1.buildspec,239e082e208f0b13d6b7bd00a433cc634c0125a3bea14ce6fff8b18228b7a5d9,io.avaje,avaje-jsonb-parent,3.0-RC1,mvn,mvn,21,https://github.com/avaje/avaje-jsonb.git,dfe3f7bd5ba320aee7ae4c2e021aaf71aa363846,,mvn -Pcentral clean package -DskipTests -Dmaven.javadoc.skip -Dgpg.skip,,true,false,DISCOVERED
RCM-03733,content/io/avaje/logback-encoder/avaje-logback-encoder-0.12.buildspec,8147df7c16c55dd743cd6cbf6db27ea61467c87cfbb7f7eb6a94b5b2c42579f9,io.avaje,avaje-logback-encoder,0.12,mvn,mvn,21,https://github.com/avaje/avaje-logback-encoder.git,${version},,mvn -Pcentral clean package -DskipTests -Dmaven.javadoc.skip -Dgpg.skip,,true,false,DISCOVERED
RCM-03767,content/io/avaje/metrics/avaje-metrics-9.8.buildspec,68dd5b8e0ef4ee7b53b228bfce3110d6fa7545462f8501df8a3befe086d76fcb,io.avaje,avaje-metrics-parent,9.8,mvn,mvn,21,https://github.com/avaje/avaje-metrics.git,${version},,mvn -Pcentral clean package -DskipTests -Dmaven.javadoc.skip -Dgpg.skip,,true,false,DISCOVERED
RCM-03779,content/io/avaje/prisms/avaje-prisms-1.36.buildspec,b826170087f8f8e09fc43404844ea86d79ab54dc7cccce7cc2a395899714d957,io.avaje,avaje-prisms-parent,1.36,mvn,mvn,21,https://github.com/avaje/avaje-prisms.git,${version},,mvn -Pcentral clean package -DskipTests -Dmaven.javadoc.skip -Dgpg.skip,,true,false,DISCOVERED
RCM-03797,content/io/avaje/provides-maven-plugin/avaje-provides-maven-plugin-2.2.buildspec,dfba1811ecccb15b48ef2922d9d8c60fd7442160f945b9d1c0b6d19822d46dec,io.avaje,avaje-provides-maven-plugin,2.2,mvn,mvn,24,https://github.com/avaje/avaje-provides-plugin.git,${version},,mvn -Pcentral clean package -DskipTests -Dmaven.javadoc.skip -Dgpg.skip,,true,false,DISCOVERED
RCM-03801,content/io/avaje/sigma/avaje-sigma-1.0.buildspec,de12c755b2c08a83b2d417b336feddab6ffd372cb12084a8af0ea05207c62c8b,io.avaje,avaje-sigma-parent,1.0,mvn,mvn,21,https://github.com/avaje/avaje-sigma.git,${version},,mvn -Pcentral clean package -DskipTests -Dmaven.javadoc.skip -Dgpg.skip,,true,false,DISCOVERED
RCM-03805,content/io/avaje/spi/avaje-spi-2.13.buildspec,011cabb01c774ae9df4d71b2671a1f51c8333ca8e0f6c321bc443e292fd37129,io.avaje,avaje-spi-parent,2.13,mvn,mvn,24,https://github.com/avaje/avaje-spi-service.git,${version},,mvn -Pcentral clean package -DskipTests -Dmaven.javadoc.skip -Dgpg.skip,,true,false,DISCOVERED
RCM-03829,content/io/avaje/validator/avaje-validator-2.17-RC1.buildspec,7c131acb16a54cc0710288e5322cd079b570e01486b579ddc006f669e2e66fe8,io.avaje,avaje-validator-parent,2.17-RC1,mvn,mvn,25,https://github.com/avaje/avaje-validator.git,${version},,mvn -Pcentral clean package -DskipTests -Dmaven.javadoc.skip -Dgpg.skip,,true,false,DISCOVERED
RCM-03842,content/io/cucumber/ci-environment/ci-environment-14.0.0.buildspec,ce394d67ef389d8663cb859d5770fc504c3ea9c3b00f5c996892dd05c1603af8,io.cucumber,ci-environment,14.0.0,mvn-3.9.12,mvn-3.9.12,21,https://github.com/cucumber/ci-environment.git,v${version},,mvn -f java -Psign-source-javadoc clean package -DskipTests -Dmaven.javadoc.skip -Dgpg.skip,,true,false,DISCOVERED
RCM-03854,content/io/cucumber/compatibility-kit/compatibility-kit-29.1.1.buildspec,96c9a30e38b2e9289ab3f7b7ffefec1cd914ad3c85fa79e1a7b9e17775d27c01,io.cucumber,compatibility-kit,29.1.1,mvn-3.9.12,mvn-3.9.12,21,https://github.com/cucumber/${artifactId}.git,v${version},,mvn -f java -Psign-source-javadoc clean package -DskipTests -Dmaven.javadoc.skip -Dgpg.skip,,true,false,DISCOVERED
RCM-03871,content/io/cucumber/cucumber-expressions/cucumber-expressions-19.0.0.buildspec,a19479e8217660cd12fc33833f8b3f87677fd63dd71564f4dc6ed638640cec95,io.cucumber,cucumber-expressions,19.0.0,mvn-3.9.12,mvn-3.9.12,21,https://github.com/cucumber/${artifactId}.git,v${version},,mvn -f java/pom.xml -Psign-source-javadoc clean package -DskipTests -Dmaven.javadoc.skip -Dgpg.skip,,true,false,DISCOVERED
RCM-03879,content/io/cucumber/cucumber-json-formatter/cucumber-json-formatter-0.3.0.buildspec,0bd853ea31006c1c5b1b433ee14a165b562397b1fdf5b8468a7c2dec5f1f550e,io.cucumber,cucumber-json-formatter,0.3.0,mvn,mvn,17,https://github.com/cucumber/${artifactId}.git,v${version},,mvn -f java/pom.xml -Psign-source-javadoc clean package -DskipTests -Dmaven.javadoc.skip -Dgpg.skip,,true,false,DISCOVERED
RCM-03904,content/io/cucumber/cucumber-jvm/cucumber-jvm-7.21.1.buildspec,bd7099a160df507f03ad87c1560c44877a8a348ca9000d3001c7663f9ac1041a,io.cucumber,cucumber-jvm,7.21.1,mvn,mvn,17,https://github.com/cucumber/${artifactId}.git,v${version},,mvn -Psign-source-javadoc clean package -DskipTests -Dmaven.javadoc.skip -Dgpg.skip,,true,false,DISCOVERED
RCM-03935,content/io/cucumber/gherkin/gherkin-26.2.0.buildspec,8ebe7b29cb431a97725c0de5f33c3d6daa78eac63e98a1eaa8fed50b3ca78483,io.cucumber,gherkin,26.2.0,mvn,mvn,11,https://github.com/cucumber/${artifactId}.git,v${version},,mvn -f java/pom.xml -Psign-source-javadoc clean package -DskipTests -Dmaven.javadoc.skip -Dgpg.skip,,true,false,DISCOVERED
RCM-03970,content/io/cucumber/gherkin-utils/gherkin-utils-12.0.1.buildspec,5538a2facaa264616414cdac3ac5d1fcbcdf88a1ff7db2b0009fac38d9dd4688,io.cucumber,gherkin-utils,12.0.1,mvn-3.9.12,mvn-3.9.12,21,https://github.com/cucumber/${artifactId}.git,v${version},,mvn -f java/pom.xml -Psign-source-javadoc clean package -DskipTests -Dmaven.javadoc.skip -Dgpg.skip,,true,false,DISCOVERED
RCM-04008,content/io/cucumber/html-formatter/html-formatter-24.0.0.buildspec,88631ba55f6fb00371179b2ec1b1351b0a09e798982d98458527218a377f2f9a,io.cucumber,html-formatter,24.0.0,mvn-3.9.12,mvn-3.9.12,21,https://github.com/cucumber/${artifactId}.git,v${version},,mvn -f java/pom.xml -Psign-source-javadoc clean package -DskipTests -Dmaven.javadoc.skip -Dgpg.skip,,true,false,DISCOVERED
RCM-04025,content/io/cucumber/junit-xml-formatter/junit-xml-formatter-0.7.0.buildspec,c3a7e77f9413840e034a4144cfa3bf0ab667c9445ef2a8e1eb87942558bcbad1,io.cucumber,junit-xml-formatter,0.7.0,mvn,mvn,11,https://github.com/cucumber/cucumber-${artifactId}.git,v${version},,mvn -f java/pom.xml -Psign-source-javadoc clean package -DskipTests -Dmaven.javadoc.skip -Dgpg.skip,,true,false,DISCOVERED
RCM-04066,content/io/cucumber/messages/messages-34.0.0.buildspec,df6fbf41d77fc3dbe78d8ffc2db5fdd06989753081bc2b1832f35ec1f4e96e41,io.cucumber,messages,34.0.0,mvn-3.9.11,mvn-3.9.11,21,https://github.com/cucumber/${artifactId}.git,v${version},,mvn -f java/pom.xml -Psign-source-javadoc clean package -DskipTests -Dmaven.javadoc.skip -Dgpg.skip,,true,false,DISCOVERED
RCM-04079,content/io/cucumber/messages-ndjson/messages-ndjson-0.4.1.buildspec,22117d8d0dd31aa8c0b03333a896415330bdfa3ec84e0d4dd6d01b822551c033,io.cucumber,messages-ndjson,0.4.1,mvn-3.9.12,mvn-3.9.12,21,https://github.com/cucumber/${artifactId}.git,v${version},,mvn -f java/pom.xml -Psign-source-javadoc clean package -DskipTests -Dmaven.javadoc.skip -Dgpg.skip,,true,false,DISCOVERED
RCM-04094,content/io/cucumber/pretty-formatter/pretty-formatter-3.2.0.buildspec,99a97f7c5db7b196729227a3fefbf11547ec7b2535bf94a83a5695888cd1ea9e,io.cucumber,pretty-formatter,3.2.0,mvn-3.9.12,mvn-3.9.12,21,https://github.com/cucumber/${artifactId}.git,v${version},,mvn -f java/pom.xml -Psign-source-javadoc clean package -DskipTests -Dmaven.javadoc.skip -Dgpg.skip,,true,false,DISCOVERED
RCM-04098,content/io/cucumber/query/query-12.1.1.buildspec,e722c10818f7326caf851c5a4a8967fc7a5d5793ec39c58bbc399fe83ba3511e,io.cucumber,query,12.1.1,mvn,mvn,11,https://github.com/cucumber/${artifactId}.git,v${version},,mvn -f java/pom.xml -Psign-source-javadoc clean package -DskipTests -Dmaven.javadoc.skip -Dgpg.skip,,true,false,DISCOVERED
RCM-04143,content/io/cucumber/tag-expressions/tag-expressions-9.1.0.buildspec,a497afbe580e303f2dbb7cebe356ceefab33dead8b5c4b78898f640a06c4f96f,io.cucumber,tag-expressions,9.1.0,mvn-3.9.12,mvn-3.9.12,21,https://github.com/cucumber/${artifactId}.git,v${version},,mvn -f java/pom.xml -Psign-source-javadoc clean package -DskipTests -Dmaven.javadoc.skip -Dgpg.skip,,true,false,DISCOVERED
RCM-04146,content/io/cucumber/teamcity-formatter/teamcity-formatter-0.2.0.buildspec,4e28a79cf5f65c6fb251f52bd3286f60318a1046500dffddb658d7be068592bd,io.cucumber,teamcity-formatter,0.2.0,mvn,mvn,17,https://github.com/cucumber/${artifactId}.git,v${version},,mvn -f java/pom.xml -Psign-source-javadoc clean package -DskipTests -Dmaven.javadoc.skip -Dgpg.skip,,true,false,DISCOVERED
RCM-04149,content/io/cucumber/testng-xml-formatter/testng-xml-formatter-0.2.0.buildspec,c40fbdcf004e357633f8da0fdf441064bc3f9e202c130ec0de9df42f3b4b233f,io.cucumber,testng-xml-formatter,0.2.0,mvn,mvn,11,https://github.com/cucumber/${artifactId}.git,v${version},,mvn -f java/pom.xml -Psign-source-javadoc clean package -DskipTests -Dmaven.javadoc.skip -Dgpg.skip,,true,false,DISCOVERED
RCM-04157,content/io/cucumber/usage-formatter/usage-formatter-0.1.0.buildspec,6eaf28092681a1eaf870497f65eb10d3843b485860ac9933994dec51e80fdb59,io.cucumber,usage-formatter,0.1.0,mvn-3.9.12,mvn-3.9.12,17,https://github.com/cucumber/${artifactId}.git,v${version},,mvn -f java/pom.xml -Psign-source-javadoc clean package -DskipTests -Dmaven.javadoc.skip -Dgpg.skip,,true,false,DISCOVERED
RCM-04231,content/io/dropwizard/core/dropwizard-4.0.0-beta.2.buildspec,be8713bc66b6a0c91f84a47499b6fb529959a7ef7ea3e1517a6afea88bd61225,io.dropwizard,dropwizard-project,4.0.0-beta.2,mvn,mvn,11,https://github.com/dropwizard/dropwizard.git,v${version},,mvn clean package -Prelease -DskipTests -Dmaven.javadoc.skip -Dgpg.skip -Dpgpverify.skip -Dcyclonedx.skip,,true,false,DISCOVERED
RCM-04319,content/io/dropwizard/metrics/dropwizard-metrics-4.1.34.buildspec,c67f6a2550822b00b3d280fae915f8874b17f4e24eb759916435d8f277ed1671,io.dropwizard.metrics,metrics-parent,4.1.34,mvn,mvn,8,https://github.com/dropwizard/metrics.git,v${version},,mvn -Prelease-sign-artifacts clean package -DskipTests -Dmaven.javadoc.skip -Dgpg.skip -Dcyclonedx.skip,,true,false,DISCOVERED
RCM-04368,content/io/dropwizard/metrics/okhttp/metrics-okhttp-0.5.0-rc.1.buildspec,99564002751b4357e2326f576245b4ae44f0f91a723a2f3d60d966dfd9d4a16f,io.dropwizard.metrics.okhttp,metrics-okhttp-parent,0.5.0-rc.1,mvn-3.9.6,mvn-3.9.6,21,https://github.com/dropwizard/metrics-okhttp.git,v0.5.0-rc1,,mvn -Prelease-sign-artifacts clean package -DskipTests -Dmaven.javadoc.skip -Dgpg.skip -Dcyclonedx.skip,,true,false,DISCOVERED
RCM-04276,content/io/dropwizard/metrics5/dropwizard-metrics-5.0.0-rc21.buildspec,e204a2d5bf3801df2a2fba3c3ea454e97442c29b989204ccd21eaa9fabf30da9,io.dropwizard.metrics5,metrics-parent,5.0.0-rc21,mvn,mvn,17,https://github.com/dropwizard/metrics.git,v${version},,mvn -Prelease-sign-artifacts clean package -DskipTests -Dmaven.javadoc.skip -Dgpg.skip -Dcyclonedx.skip,,true,false,DISCOVERED
RCM-04387,content/io/dropwizard/modules/parent/module-parent-4.0.0-rc.2.buildspec,0441286bdc938343d68e0932265bdc58a4de296c0b51cb63b6602125ac42e3d6,io.dropwizard.modules,module-parent,4.0.0-rc.2,mvn,mvn,11,https://github.com/dropwizard/module-parent.git,${artifactId}-${version},,mvn -Prelease clean verify -DskipTests -Dmaven.javadoc.skip -Dgpg.skip,,true,false,DISCOVERED
RCM-04398,content/io/dwpbank/movewp3/microservice-security-autoconfiguration/microservice-security-autoconfiguration-3.0.2.buildspec,7381e4464bf312667c972ce7b3a5027f727aba5ecd51e261707870090b97166d,io.dwpbank.movewp3,microservice-security-autoconfiguration,3.0.2,mvn,mvn,17.0.8,https://github.com/movewp3/${artifactId}.git,v${version},,mvn -Pdeploy clean package -DskipTests -Dmaven.javadoc.skip -Dgpg.skip,,true,false,DISCOVERED
RCM-04414,content/io/fabric8/docker-maven-plugin/docker-maven-plugin-0.43.0.buildspec,675eb84b0141f5d5be9dc13be382f11ba0679cb578a98a31918bc3bb77d690bb,io.fabric8,docker-maven-plugin,0.43.0,mvn,mvn,11,https://github.com/fabric8io/${artifactId}.git,v${version},,mvn clean package source:jar -DskipTests -Dmaven.javadoc.skip -Dgpg.skip,,true,false,DISCOVERED
RCM-04459,content/io/fabric8/kubernetes-client/kubernetes-client-6.4.0.buildspec,0e6d0461da59bffb14379064ab2cd732143916b0bd88b28d5c57e9ec3511d269,io.fabric8,kubernetes-client-project,6.4.0,mvn,mvn,8,https://github.com/fabric8io/kubernetes-client.git,v${version},,mvn -Prelease clean package -DskipTests -Dmaven.javadoc.skip -Dgpg.skip,,true,false,DISCOVERED
RCM-04485,content/io/github/albertus82/jface-utils/jface-utils-19.0.4.buildspec,04ae355e57b0dde61a8c4aa35178dd005f8ff3877d110792d422164b69bfa41b,io.github.albertus82,jface-utils,19.0.4,mvn-3.8.5,mvn-3.8.5,11,https://github.com/albertus82/${artifactId}.git,v${version},,mvn -Papache-release clean package -DskipTests -Dmaven.javadoc.skip -Dgpg.skip,,true,false,DISCOVERED
RCM-04493,content/io/github/albertus82/unexepack/unexepack-0.1.1.buildspec,82d19e2445abe3b93aff34150c9ce1e9d0cf93a0711738b68751d44957a143c1,io.github.albertus82,unexepack,0.1.1,mvn,mvn,17,https://github.com/albertus82/unEXEPACK.git,v${version},,mvn -Papache-release clean package -DskipTests -Dmaven.javadoc.skip -Dgpg.skip,,true,false,DISCOVERED
RCM-04539,content/io/github/cbarlin/aru/aru-0.9.1.buildspec,1c05b4290bb0288e32985a6969346e49b62f6a9d46996a1c455c975919d3e088,io.github.cbarlin,aru-parent,0.9.1,mvn,mvn,26,https://github.com/cbarlin/advanced-record-utils,${version},,mvn clean package -Prelease -DskipTests -Dmaven.javadoc.skip -Dgpg.skip,,true,false,DISCOVERED
RCM-04607,content/io/github/chains-project/maven-lockfile/maven-lockfile-5.2.3.buildspec,754e39f65cb3be683a2c461b1338db3974968bbfaf0d3c37a25c76dbb27b9aed,io.github.chains-project,maven-lockfile,5.2.3,mvn-3.9.3,mvn-3.9.3,17,https://github.com/chains-project/${artifactId}.git,v${version},,mvn -Ppublication clean package -DskipTests -Dmaven.javadoc.skip -Dgpg.skip,,true,false,DISCOVERED
RCM-04634,content/io/github/derkrischan/jpdftest/jpdftest-0.10.0.buildspec,29c5279044936fb158ee9946b6d648f06e41fa4d11c07e57e62a053d2a6b5b4e,io.github.derkrischan,jpdftest,0.10.0,mvn,mvn,7,https://github.com/derKrischan/${artifactId}.git,${artifactId}-${version},,mvn clean package -Psonatype-oss-release -DskipTests -Dmaven.javadoc.skip -Dgpg.skip,,true,false,DISCOVERED
RCM-04643,content/io/github/git-commit-id/git-commit-id-maven-plugin-9.0.0.buildspec,b6550a8e83b7b8da904dff50b2194a4c13825fc3cd2d63ed18caad7dc59321cb,io.github.git-commit-id,git-commit-id-maven-plugin,9.0.0,mvn,mvn,21,https://github.com/git-commit-id/${artifactId}.git,v${version},,mvn clean package -DskipTests -Dmaven.javadoc.skip -Dgpg.skip -Dskip,,true,false,DISCOVERED
RCM-04646,content/io/github/gls-athena/athena-0.0.12.buildspec,f341bd9bca2b031a30da2392c725ee734d125924f71ce4ad1a0c2eb763c99108,io.github.gls-athena,athena-parent,0.0.12,mvn,mvn,21,https://github.com/gls-athena/athena-parent,v$version,,mvn clean package -Prelease -DskipTests --batch-mode -Dmaven.javadoc.skip=true,,true,false,DISCOVERED
RCM-04654,content/io/github/hboutemy/sigstore-maven-plugin/sigstore-maven-plugin-1.0.0-beta-3.buildspec,903badaa29cdda3c7eafd488ad67a4d6904210cfa0e0c859bff8eca78b3aa0ec,io.github.hboutemy,sigstore-maven-plugin,1.0.0-beta-3,mvn,mvn,11,https://github.com/hboutemy/${artifactId}.git,${artifactId}-${version},,mvn clean package source:jar -DskipTests -Dmaven.javadoc.skip -Dgpg.skip,,true,false,DISCOVERED
RCM-04656,content/io/github/jmkeyes/curator-kubernetes-ensemble-provider/curator-kubernetes-ensemble-provider-0.3.1.buildspec,ee64a57af9a0981288c991dfe27ee0e5eeb03871246ff94982fe339b079d50b4,io.github.jmkeyes,curator-kubernetes-ensemble-provider,0.3.1,mvn-3.9.9,mvn-3.9.9,17,https://github.com/jmkeyes/${artifactId}.git,${version},,mvn -Pmaven-central clean package -DskipTests -Dmaven.javadoc.skip -Dgpg.skip,,true,false,DISCOVERED
RCM-04658,content/io/github/jmkeyes/httpclient-proxy-protocol/httpclient-proxy-protocol-0.3.0.buildspec,76eab409a8727a2e037462999af8596d87422e509b5d4920d80501d2cab6b999,io.github.jmkeyes,httpclient-proxy-protocol,0.3.0,mvn-3.9.9,mvn-3.9.9,17,https://github.com/jmkeyes/${artifactId}.git,${version},,mvn -Pmaven-central clean package -DskipTests -Dmaven.javadoc.skip -Dgpg.skip,,true,false,DISCOVERED
RCM-04667,content/io/github/jmkeyes/opensaml-message-converter/opensaml-message-converter-2.0.0.buildspec,cb96adea6ab3223272b4b41d59166f1f6e8a87e75bad3b589aef0f04960dfb90,io.github.jmkeyes,opensaml-message-converter,2.0.0,mvn-3.9.9,mvn-3.9.9,17,https://github.com/jmkeyes/${artifactId}.git,${version},,mvn -Pmaven-central clean package -DskipTests -Dmaven.javadoc.skip -Dgpg.skip,,true,false,DISCOVERED
RCM-04672,content/io/github/jmkeyes/thrift-spring-boot-starter/thrift-spring-boot-starter-2.0.0.buildspec,69060abe233ed3ba580d20d1fb193fad06cea2a1962c598cf43ad07ce7c036d0,io.github.jmkeyes,thrift-spring-boot-starter,2.0.0,mvn-3.9.9,mvn-3.9.9,17,https://github.com/jmkeyes/${artifactId}.git,${version},,mvn -Pmaven-central clean package -DskipTests -Dmaven.javadoc.skip -Dgpg.skip,,true,false,DISCOVERED
RCM-04674,content/io/github/kbuntrock/openapi-maven-plugin/openapi-maven-plugin-0.0.28.buildspec,af74118100dbb64e06d37a1733de43419769d96da79466e7337ca7990e53b868,io.github.kbuntrock,openapi-maven-plugin,0.0.28,mvn-3.9.9,mvn-3.9.9,17,https://github.com/kbuntrock/${artifactId}.git,${version},,mvn clean package -Pprerelease -DskipTests -f openapi-maven-plugin,,true,false,DISCOVERED
RCM-04691,content/io/github/ollama4j/ollama4j-1.1.5.buildspec,20c5a7d77ce6aca8bf83f12152aa3df43cc57819e31d14aa19b44107765f782f,io.github.ollama4j,ollama4j,1.1.5,mvn,mvn,21,https://github.com/ollama4j/ollama4j.git,${version},,mvn -Papache-release clean package -DskipTests -Dmaven.javadoc.skip -Dgpg.skip,,true,false,DISCOVERED
RCM-04699,content/io/github/rockcrafters/plugins/rockcraft-parent-1.1.3.buildspec,60442c23bd951f7a5e77f16ce7064e05be50051d0ebcdb0a6f76a83191309600,io.github.rockcrafters,rockcraft-parent,1.1.3,mvn,mvn,8,https://github.com/rockcrafters/java-rockcraft-plugins.git,${version},,mvn -Papache-release clean package -DskipTests -Dmaven.javadoc.skip -Dgpg.skip,,true,false,DISCOVERED
RCM-04705,content/io/github/rosestack/test/test-0.0.10.buildspec,318dcdc4c3d6ef2067761406d53b27aace536bcc3c79963a22d0797f10b4a08b,io.github.rosestack,test,0.0.10,mvn-3.9.9,mvn-3.9.9,8,https://github.com/rosestack/.github.git,v${version},,mvn -Prelease clean source:jar package -DskipTests -Dmaven.javadoc.skip -Dgpg.skip,,true,false,DISCOVERED
RCM-04719,content/io/github/sebastian-toepfer/ddd/domain-driven-desgin/domain-driven-desgin-0.7.0.buildspec,d06a8161fa56fec6b5da2f6b0a7f5ef7f0f74d1c3b3d06242a6bab9ba29df25b,io.github.sebastian-toepfer.ddd,domain-driven-desgin,0.7.0,mvn-3.8.5,mvn-3.8.5,17,https://github.com/sebastian-toepfer/${artifactId}.git,${version},,"mvn -Pci,ossrh clean package -DskipTests -Dmaven.javadoc.skip -Dgpg.skip",,true,false,DISCOVERED
RCM-04733,content/io/github/sebastian-toepfer/json-schema/json-schema/json-schema-0.1.2.buildspec,c8b39d8bbd5745fa14cbc575ceda86c2ca902d2e4a9f3c4c39a750b059f72dd2,io.github.sebastian-toepfer.json-schema,json-schema,0.1.2,mvn-3.8.5,mvn-3.8.5,17,https://github.com/sebastian-toepfer/${artifactId}.git,${version},,mvn clean package -DskipTests -Dmaven.javadoc.skip -Dgpg.skip,,true,false,DISCOVERED
RCM-04723,content/io/github/sebastian-toepfer/json/rpc/json-printable-maven-plugin/json-printable-maven-plugin-0.2.1.buildspec,f35b4ecc3861c243143b82882d060da755b0368d466807b5b5952f17b771eb1e,io.github.sebastian-toepfer.json.rpc,json-printable-maven-plugin,0.2.1,mvn-3.8.5,mvn-3.8.5,17,https://github.com/sebastian-toepfer/${artifactId}.git,${version},,mvn clean package -Possrh -DskipTests -Dmaven.javadoc.skip -Dgpg.skip,,true,false,DISCOVERED
RCM-04726,content/io/github/sebastian-toepfer/json/rpc/json-rpc/json-rpc-0.7.0.buildspec,24564c1746c60f8535fe8b4c901aa7831fb389a908ee7cc6629748b784263692,io.github.sebastian-toepfer.json.rpc,json-rpc,0.7.0,mvn-3.8.5,mvn-3.8.5,17,https://github.com/sebastian-toepfer/${artifactId}.git,${version},,mvn -P!full clean package -DskipTests -Dmaven.javadoc.skip -Dgpg.skip,,true,false,DISCOVERED
RCM-04747,content/io/github/shanqiang-sq/jstream/jstream-1.0.26.buildspec,0f6c9cf07d0cf6628b50cf4fff8730c6931ce31ca076f2705fc22709670f027e,io.github.shanqiang-sq,jstream,1.0.26,mvn,mvn,8,https://github.com/shanqiang-sq/jstream,jstream-root-${version},,mvn -Papache-release clean package -DskipTests -Dmaven.javadoc.skip -Dgpg.skip,,true,false,DISCOVERED
RCM-04766,content/io/github/zlika/reproducible-build-maven-plugin/reproducible-build-maven-plugin-0.16.buildspec,55d36251c98895789b419dfb8566f417b77515aea62702cc01a601dcbfced1b6,io.github.zlika,reproducible-build-maven-plugin,0.16,mvn,mvn,8,https://github.com/Zlika/reproducible-build-maven-plugin.git,v${version},,mvn clean package -Prelease -DskipTests -Dmaven.javadoc.skip -Dgpg.skip,,true,false,DISCOVERED
RCM-04810,content/io/jooby/jooby-3.4.0.buildspec,35240f6c1719553451930a51a34fc540c4c722b79d2388899b0955c4ae8e47db,io.jooby,jooby,3.4.0,mvn-3.9.3,mvn-3.9.3,17,https://github.com/jooby-project/${artifactId}.git,v${version},,mvn -Psource clean package -DskipTests -Dmaven.javadoc.skip -Dbuildinfo.skipModules=,,true,false,DISCOVERED
RCM-04861,content/io/jstach/jstachio/jstachio-1.3.0.buildspec,f642bbd423febdee6d5c0413afc621f0a00d65d564be42f606688b0bddcf0fef,io.jstach,jstachio,1.3.0,mvn-3.9.2,mvn-3.9.2,17,https://github.com/jstachio/${artifactId}.git,v${version},,bin/rebuild.sh,,true,false,DISCOVERED
RCM-04853,content/io/jstach/ezkv/ezkv-0.3.0.buildspec,c297028467c5dc7cf3e05d397d232fcdf3b4694f5c53c3afa56f488fcfac4639,io.jstach.ezkv,ezkv-maven-parent,0.3.0,mvn-3.9.9,mvn-3.9.9,21.0.2,https://github.com/jstachio/ezkv.git,v${version},,bin/rebuild.sh,,true,false,DISCOVERED
RCM-04869,content/io/jstach/pistachio/pistachio-maven-parent/pistachio-maven-parent-0.1.0.buildspec,ea8ecc87a8af56e7daf5bcba524d76994a93d8f3bd32676a18362cad2e3964f5,io.jstach.pistachio,pistachio-maven-parent,0.1.0,mvn-3.9.4,mvn-3.9.4,18,https://github.com/jstachio/pistachio.git,${artifactId}-${version},,mvn -Papache-release clean package -DskipTests -Dmaven.javadoc.skip -Dgpg.skip,,true,false,DISCOVERED
RCM-04880,content/io/jstach/rainbowgum/rainbowgum-0.7.1.buildspec,f4b26759ee3e306efe626ba95a2e9dbe01f54895b5d14d83e1a5b9760f4a6e92,io.jstach.rainbowgum,rainbowgum-maven-parent,0.7.1,mvn-3.9.9,mvn-3.9.9,21.0.2,https://github.com/jstachio/rainbowgum.git,v${version},,bin/rebuild.sh,,true,false,DISCOVERED
RCM-04970,content/io/liftwizard/liftwizard-2.1.6.buildspec,7bc2e65eec6681535c65a6d1d89376b14c05cdd90783af6ff2c71fd79c88d96c,io.liftwizard,liftwizard,2.1.6,mvn,mvn,17,https://github.com/motlin/${artifactId}.git,${version},,mvn -Pdeploy clean verify -DskipTests -Dmaven.javadoc.skip -Dgpg.skip,,true,false,DISCOVERED
RCM-05001,content/io/micronaut/build/micronaut-maven-plugin/micronaut-maven-plugin-3.4.0-RC1.buildspec,34c810c8a45c1376ffc1484f9b050f233e2464bffaed9deb5c6434d3cc0a0cee,io.micronaut.build,micronaut-maven-plugin,3.4.0-RC1,mvn,mvn,8,https://github.com/micronaut-projects/${artifactId}.git,v${version},,mvn -Prelease clean package -DskipTests -Dmaven.javadoc.skip -Dgpg.skip,,true,false,DISCOVERED
RCM-05014,content/io/micronaut/maven/micronaut-maven-plugin/micronaut-maven-plugin-4.0.0-M6.buildspec,fcd2e0cc1a4a9ded9d7d9ed4baed21740c468a368bb883caa8afcabbdf43db31,io.micronaut.maven,micronaut-maven-plugin,4.0.0-M6,mvn,mvn,17,https://github.com/micronaut-projects/${artifactId}.git,v${version},,mvn -Prelease clean package -DskipTests -Dmaven.javadoc.skip -Dgpg.skip,,true,false,DISCOVERED
RCM-05250,content/io/quarkus/quarkus-3.37.4.buildspec,2ec158d92ebf3c98afb72b3518d3339cb9ca4fd00ca4f402a2c9047e5dc44bac,io.quarkus,quarkus-project,3.37.4,mvn-3.9.11,mvn-3.9.11,21,https://github.com/quarkusio/quarkus.git,${version},,mvn -Djava.version=,,true,false,DISCOVERED
RCM-05268,content/io/repaint/maven/tiles-maven-plugin/tiles-maven-plugin-2.44.buildspec,95785a79d0fcc6a82e3bd4f17a22a755fee804da26be84224dda5f70eb7ff68d,io.repaint.maven,tiles-maven-plugin,2.44,mvn-3.9.11,mvn-3.9.11,26,https://github.com/repaint-io/maven-tiles,${artifactId}-${version},,mvn clean verify -DskipTests -Dmaven.javadoc.skip -Dgpg.skip,,true,false,DISCOVERED
RCM-05282,content/io/smallrye/jandex/jandex-3.2.3-RC1.buildspec,f718947e73d03e7ccdb2e6560249254ed809faa2521c014d7a3f5bc8ab61aa9d,io.smallrye,jandex-parent,3.2.3-RC1,mvn,mvn,21,https://github.com/smallrye/jandex.git,${version},,mvn clean package -DskipTests -Dmaven.javadoc.skip -Dgpg.skip -Denv.JAVA_HOME=/usr,,true,false,DISCOVERED
RCM-05296,content/io/takari/incrementalbuild/incrementalbuild-1.0.2.buildspec,9dd38eed0e003e8675cbcaf81646bf7165edb182503105749a82938b429a914d,io.takari,io.takari.incrementalbuild,1.0.2,mvn,mvn,21,https://github.com/takari/${artifactId}.git,${artifactId}-${version},,mvn clean package -DskipTests -Dmaven.javadoc.skip -Dgpg.skip -Dbuildinfo.detect.skip=false -Dbuildinfo.skipModules=,,true,false,DISCOVERED
RCM-05336,content/io/takari/takari-archiver/takari-archiver-2.0.0.buildspec,9ff30c599f0f44931766a1c5abcd7a86770295f23a9c5f8f526f1e9107a6829b,io.takari,takari-archiver,2.0.0,mvn-3.9.12,mvn-3.9.12,25,https://github.com/takari/provisio-archiver.git,${artifactId}-${version},,mvn clean package -DskipTests -Dmaven.javadoc.skip -Dgpg.skip -Dbuildinfo.detect.skip=false -Dbuildinfo.skipModules=,,true,false,DISCOVERED
RCM-05300,content/io/takari/maven/maven-timeline/maven-timeline-2.0.0.buildspec,7143cc0ff6b8e09977ba7978bcd83c686ee49adae4d8439ecf6bdf94abfbc4e1,io.takari.maven,maven-timeline,2.0.0,mvn-3.9.9,mvn-3.9.9,11,https://github.com/takari/maven-timeline.git,${artifactId}-${version},,mvn -Papache-release clean package -DskipTests -Dmaven.javadoc.skip -Dgpg.skip,,true,false,DISCOVERED
RCM-05325,content/io/takari/maven/takari-smart-builder/takari-smart-builder-1.1.1.buildspec,0bd62ce6d134787ecdfc4b21d730b99f61864c0fa2afb02af789d3995e395041,io.takari.maven,takari-smart-builder,1.1.1,mvn-3.9.12,mvn-3.9.12,21,https://github.com/takari/takari-smart-builder.git,${artifactId}-${version},,mvn clean package -DskipTests -Dmaven.javadoc.skip -Dgpg.skip,,true,false,DISCOVERED
RCM-05307,content/io/takari/maven/plugins/takari-lifecycle-plugin/takari-lifecycle-plugin-2.1.6.buildspec,b428c2d98c43c6f2fd094f3b80f1450948561fd4af2bb87499c978efffe1780c,io.takari.maven.plugins,takari-lifecycle-plugin,2.1.6,mvn,mvn,11,https://github.com/takari/takari-lifecycle.git,takari-lifecycle-${version},,mvn clean package -DskipTests -Dmaven.javadoc.skip -Dgpg.skip -Dbuildinfo.detect.skip=false -Dbuildinfo.skipModules=,,true,false,DISCOVERED
RCM-05317,content/io/takari/maven/plugins/takari-plugin-testing/takari-plugin-testing-3.0.4.buildspec,0a6c79472c08b525c9bc910eeb096b3a1d1b4ffa4bcd5928b9c17bf0fe078dc8,io.takari.maven.plugins,takari-plugin-testing-project,3.0.4,mvn,mvn,11,https://github.com/takari/takari-plugin-testing-project.git,takari-plugin-testing-${version},,mvn clean package -DskipTests -Dmaven.javadoc.skip -Dgpg.skip -Dbuildinfo.detect.skip=false -Dbuildinfo.skipModules=,,true,false,DISCOVERED
RCM-05346,content/io/telicent/jena/jena-kafka/jena-kafka-2.1.1.buildspec,6c37c911899f19ec3de56e4e2a6147a8ba63cdc40b8e92562159bae29026a0d9,io.telicent.jena,jena-kafka,2.1.1,mvn-3.9.8,mvn-3.9.8,17,https://github.com/telicent-oss/jena-fuseki-kafka,${version},,mvn clean package -DskipTests -Dmaven.javadoc.skip -Dgpg.skip,,true,false,DISCOVERED
RCM-05373,content/io/telicent/jena/rdf-abac/rdf-abac-1.0.0.buildspec,7699d0678c85e69b38051d6a013d8baca084933340540f147e4e6e980723520d,io.telicent.jena,rdf-abac,1.0.0,mvn-3.9.6,mvn-3.9.6,17,https://github.com/telicent-oss/rdf-abac,${version},,mvn -Papache-release clean package -DskipTests -Dmaven.javadoc.skip -Dgpg.skip,,true,false,DISCOVERED
RCM-05436,content/io/telicent/smart-caches/graph/scg-base/scg-base-0.83.9.buildspec,3dd3a390397fdc6efb2c8c0cad863e4fc7934728d93a74440440c3cc8368b4db,io.telicent.smart-caches.graph,scg-base,0.83.9,mvn,mvn,21,https://github.com/Telicent-oss/smart-cache-graph,${version},,mvn -Papache-release clean package -DskipTests -Dmaven.javadoc.skip -Dgpg.skip,,true,false,DISCOVERED
RCM-05474,content/io/trino/trino-456.buildspec,1775e1d5a2b678b35bc19e3949b240b6a26cbce34f0bac6e73024a973ca56506,io.trino,trino-root,456,mvn-3.9.8,mvn-3.9.8,22,https://github.com/trinodb/trino.git,${version},,SHELL mvn -b singlethreaded -Duser.timezone=${timezone} -Poss-release clean package -DskipTests -Dmaven.javadoc.skip -Dgpg.skip -Dcheckstyle.skip,,false,true,DISCOVERED
RCM-05502,content/io/wcm/io.wcm.caconfig/wcm-caconfig-editor-1.7.4.buildspec,81e631e5d072e6ff409993d109d52c126e11bfae1baf8b269c9eb3cae80fd7ae,io.wcm,io.wcm.caconfig.editor.parent,1.7.4,mvn,mvn,8,https://github.com/wcm-io/wcm-io-caconfig.git,${artifactId}-${version},,mvn -f editor/pom.xml -Pio.wcm clean package -DskipTests -Dmaven.javadoc.skip -Dmaven.buildNumber.skip -DbuildNumber=919782b4 -Dtimestamp=2020-07-10T20:43:39+02:00,,true,false,DISCOVERED
RCM-05496,content/io/wcm/io.wcm.caconfig/wcm-caconfig-editor-1.16.10.buildspec,ccac5eb0974ec87e3e5487187db7379a88ceff7aeebb8655bcf6a604c24b709a,io.wcm,io.wcm.caconfig.editor.root,1.16.10,mvn-3.9.12,mvn-3.9.12,21,https://github.com/wcm-io/io.wcm.caconfig.editor.git,${version},,mvn -Pio.wcm package -DskipTests -Dmaven.javadoc.skip -Dmaven.buildNumber.skip,,true,false,DISCOVERED
RCM-05509,content/io/wcm/io.wcm.handler/commons/io.wcm.handler.commons-2.0.0.buildspec,78fb8ede019d8d259f38b07b716ed4b4ec08f7baab02cac755a66d8e3293e387,io.wcm,io.wcm.handler.commons,2.0.0,mvn-3.9.4,mvn-3.9.4,11,https://github.com/wcm-io/${artifactId}.git,${version},,mvn -Papache-release clean package -DskipTests -Dmaven.javadoc.skip -Dgpg.skip -Dtimestamp=$timestamp,,true,false,DISCOVERED
RCM-05531,content/io/wcm/io.wcm.handler/link/wcm-link-1.5.4.buildspec,6add776c4a0326549ed0a39300062fcfc43ee64f799c05c27e768c2c9e246235,io.wcm,io.wcm.handler.link,1.5.4,mvn,mvn,8,https://github.com/wcm-io/wcm-io-handler.git,${artifactId}-${version},,mvn -f link/pom.xml -Pio.wcm clean package -DskipTests -Dmaven.javadoc.skip -Dmaven.buildNumber.skip -DbuildNumber=42fe502d -Dtimestamp=2020-07-10T21:01:22+02:00,,true,false,DISCOVERED
RCM-05538,content/io/wcm/io.wcm.handler/media/wcm-media-1.11.6.buildspec,f6a6ef2900269d8aba9acd563bfadf63fe76b89b2cf538e66a262435c53bfee1,io.wcm,io.wcm.handler.media,1.11.6,mvn-3.9.8,mvn-3.9.8,11,https://github.com/wcm-io/${artifactId}.git,${version},,mvn -Pio.wcm clean package -DskipTests -Dmaven.javadoc.skip -Dtimestamp=${timestamp},,true,false,DISCOVERED
RCM-05589,content/io/wcm/io.wcm.handler/richtext/wcm-richtext-1.5.6.buildspec,26147919e9a698d5e49ee9b1edd9d95951983886caf7b987f6f545847033df61,io.wcm,io.wcm.handler.richtext,1.5.6,mvn-3.9.4,mvn-3.9.4,11,https://github.com/wcm-io/${artifactId}.git,${version},,mvn -Pio.wcm clean package -DskipTests -Dmaven.javadoc.skip -Dtimestamp=${timestamp},,true,false,DISCOVERED
RCM-05669,content/io/wcm/tooling/wcm-parent_toplevel-1.7.0.buildspec,484614327ac191fb3b045e24d00a08b580b82a9417b877578439fb9168248d65,io.wcm,io.wcm.parent_toplevel,1.7.0,mvn,mvn,8,https://github.com/wcm-io/${artifactId}.git,${version},,mvn -Pio.wcm clean package -DskipTests,,true,false,DISCOVERED
RCM-05604,content/io/wcm/io.wcm.wcm/commons/wcm-commons-1.9.0.buildspec,92d1e7358d03e9711311357f58d74be8347ae0a6db17fadbcbd02ba7cd6ab6d0,io.wcm,io.wcm.wcm.commons,1.9.0,mvn,mvn,11,https://github.com/wcm-io/wcm-io-wcm.git,${artifactId}-${version},,mvn -f commons/pom.xml -Pio.wcm clean package -DskipTests -Dmaven.buildNumber.skip -DbuildNumber=${buildNumber} -Dtimestamp=${timestamp},,true,false,DISCOVERED
RCM-05609,content/io/wcm/io.wcm.wcm/parsys/wcm-parsys-1.6.6.buildspec,2e1c14252e1a2ee942f713436cc9435c4fd6e6e0e65741c456c74dda3fcd76a1,io.wcm,io.wcm.wcm.parsys,1.6.6,mvn-3.9.12,mvn-3.9.12,11,https://github.com/wcm-io/io.wcm.wcm.parsys.git,${version},,mvn -Pio.wcm clean package -DskipTests -Dmaven.buildNumber.skip -DbuildNumber=${buildNumber} -Dtimestamp=${timestamp},,true,false,DISCOVERED
RCM-05618,content/io/wcm/io.wcm.wcm/ui/clientlibs/wcm-ui-clientlibs-1.2.2.buildspec,505353acbfdb34539eef064daa1b9253ffc78c9ae617dc0ad969d0ac2877bbe3,io.wcm,io.wcm.wcm.ui.clientlibs,1.2.2,mvn,mvn,11,https://github.com/wcm-io/wcm-io-wcm.git,${artifactId}-${version},,mvn -f ui/clientlibs/pom.xml -Pio.wcm clean package -DskipTests -Dmaven.javadoc.skip -Dtimestamp=${timestamp},,true,false,DISCOVERED
RCM-05624,content/io/wcm/io.wcm.wcm/ui/granite/wcm-ui-granite-1.7.2.buildspec,1dbad4caac73986c879d6358d157e15ec99e1f8158c1aae4933676c367549a15,io.wcm,io.wcm.wcm.ui.granite,1.7.2,mvn,mvn,11,https://github.com/wcm-io/wcm-io-wcm.git,${artifactId}-${version},,mvn -f ui/granite/pom.xml -Pio.wcm clean package -DskipTests -Dmaven.buildNumber.skip -DbuildNumber=${buildNumber} -Dtimestamp=${timestamp},,true,false,DISCOVERED
RCM-05630,content/io/wcm/maven/plugins/cq-maven-plugin/cq-maven-plugin-1.2.2.buildspec,14999437e5dac514289caf0d760692580222c9892d9be29c6ce3421e80358dbf,io.wcm.maven.plugins,cq-maven-plugin,1.2.2,mvn-3.9.9,mvn-3.9.9,21,https://github.com/wcm-io/${groupId}.${artifactId}.git,${version},,mvn -Pio.wcm clean package -DskipTests -Dmaven.buildNumber.skip,,true,false,DISCOVERED
RCM-05634,content/io/wcm/maven/plugins/nodejs-maven-plugin/nodejs-maven-plugin-3.0.6.buildspec,de959c21bc2f07c5017b67606e05992b41f1b8ae01d58784e55b0f1a2cbc14cf,io.wcm.maven.plugins,nodejs-maven-plugin,3.0.6,mvn,mvn,11,https://github.com/wcm-io/${artifactId}.git,${version},,mvn -Pio.wcm clean package -DskipTests -Dmaven.javadoc.skip,,true,false,DISCOVERED
RCM-05641,content/io/wcm/maven/plugins/sling-initial-content-transform-maven-plugin/sling-initial-content-transform-maven-plugin-1.1.8.buildspec,d091c7dfdaa4259a868602b8ecb6ef2999b5ec9a0afda0527d2e5613c9695fc4,io.wcm.maven.plugins,sling-initial-content-transform-maven-plugin,1.1.8,mvn-3.9.4,mvn-3.9.4,21,https://github.com/wcm-io/io.wcm.maven.plugins.${artifactId}.git,${version},,mvn -Papache-release clean package -DskipTests -Dmaven.javadoc.skip -Dgpg.skip,,true,false,DISCOVERED
RCM-05643,content/io/wcm/tooling/commons/content-package-builder/wcm-content-package-builder-1.6.0.buildspec,ef5826b2e47d70f57d71ae66f7d21bde77820ff5a7d66d9b63ca95243059a2c3,io.wcm.tooling.commons,io.wcm.tooling.commons.content-package-builder,1.6.0,mvn,mvn,11,https://github.com/wcm-io/${artifactId}.git,${version},,mvn -Pio.wcm clean package -DskipTests -Dmaven.javadoc.skip -Dtimestamp=${timestamp},,true,false,DISCOVERED
RCM-05655,content/io/wcm/tooling/commons/crx-packmgr-helper/wcm-crx-packmgr-helper-2.1.2.buildspec,6c5c8a9d78496db62cb8e466928d3f65d30a4c96af6c8e3fb62b7c38e2d5cef0,io.wcm.tooling.commons,io.wcm.tooling.commons.crx-packmgr-helper,2.1.2,mvn,mvn,11,https://github.com/wcm-io/${artifactId}.git,${version},,mvn -Pio.wcm clean package -DskipTests -Dmaven.javadoc.skip,,true,false,DISCOVERED
RCM-05694,content/io/yupiik/bundlebee/bundlebee-1.0.32.buildspec,f19d8fd6501dc5033d6881239c3c9ec397cd4b9d8a45f6069d9db24f30917bbc,io.yupiik,bundlebee,1.0.32,mvn-3.9.12,mvn-3.9.12,21,https://github.com/yupiik/bundlebee.git,${artifactId}-${version},,mvn -Prelease clean package -DskipTests -Dmaven.javadoc.skip -Dgpg.skip,,true,false,DISCOVERED
RCM-05702,content/io/yupiik/fusion/fusion-1.0.25.buildspec,d70df266b480f8cfd40f171712a99cc86c5c6a7985d41d799a686bd04c184b7f,io.yupiik.fusion,fusion,1.0.25,mvn,mvn,21,https://github.com/yupiik/fusion.git,fusion-${version},,mvn -Prelease clean package -DskipTests -Dmaven.javadoc.skip -Dgpg.skip -pl !fusion-documentation,,true,false,DISCOVERED
RCM-05726,content/io/yupiik/maven/plugin/yupiik-tools-maven-plugin-1.2.9.buildspec,d295f708816b5b1aba9d61dc7257e390789ad659f81db9a89c39bc4dfc333df9,io.yupiik.maven,yupiik-tools-maven-plugin-parent,1.2.9,mvn-3.9.9,mvn-3.9.9,21,https://github.com/yupiik/tools-maven-plugin.git,${artifactId}-${version},,mvn -Prelease clean package -DskipTests -Dmaven.javadoc.skip -Dgpg.skip,,true,false,DISCOVERED
RCM-05728,content/it/mulders/mcs/mcs-0.10.1.buildspec,737d84d133d61edbf8a270af65dd2c413957ccf1916c3a8d64950a2176441a95,it.mulders,mcs,0.10.1,mvn-3.9.15,mvn-3.9.15,25,https://github.com/mthmulders/${artifactId}.git,v${version},,mvn -Prelease clean package -DskipTests -Dmaven.javadoc.skip -Dgpg.skip -Dbuildinfo.detect.skip=false,,true,false,DISCOVERED
RCM-05727,content/it/mulders/clocky/clocky/clocky-0.4.16.buildspec,82031e6e5b90d3812d386c9faa7d76cc68d74280d2c3d8dcebfd1db2ccb0b8a1,it.mulders.clocky,clocky,0.4.16,mvn-3.9.15,mvn-3.9.15,11,https://github.com/mthmulders/${artifactId}.git,v${version},,mvn -Prelease clean package -DskipTests -Dmaven.javadoc.skip -Dgpg.skip -Dbuildinfo.detect.skip=false,,true,false,DISCOVERED
RCM-05730,content/it/mulders/puml/puml-parent-0.5.2.buildspec,674acf10a6bb737d474862133d72e8a1d7c0afd73116915a732ad1f76b146c5c,it.mulders.puml,puml-parent,0.5.2,mvn-3.9.16,mvn-3.9.16,21,https://github.com/mthmulders/puml-maven-plugin.git,v0.5.2,,mvn -Prelease clean package -DskipTests -Dmaven.javadoc.skip -Dgpg.skip -Dbuildinfo.detect.skip=false -pl !:plugin-tests,,true,false,DISCOVERED
RCM-05731,content/it/mulders/stryker/pit-dashboard-reporter-0.3.18.buildspec,6318f6017df22f65bd5cb2cfba6e2a1def52c0eaa0ef9df8ab73b1604c459dba,it.mulders.stryker,pit-dashboard-reporter,0.3.18,mvn-3.9.16,mvn-3.9.16,11,https://github.com/mthmulders/pit-stryker-dashboard-reporter.git,v${version},,mvn -Prelease clean package -DskipTests -Dmaven.javadoc.skip -Dgpg.skip -Dbuildinfo.detect.skip=false,,true,false,DISCOVERED
RCM-05734,content/jakarta/activation/jakarta.activation-api/jakarta.activation-api-2.2.0-M1.buildspec,d00bd59cac03c352358d0049d7c2c829de93a12af1e5040741b8e379dd125bfc,jakarta.activation,jakarta.activation-api,2.2.0-M1,mvn-3.9.9,mvn-3.9.9,11,https://github.com/jakartaee/jaf-api.git,${version},,mvn -f api/ clean package -DskipTests -Dmaven.javadoc.skip -Dgpg.skip,,true,false,DISCOVERED
RCM-05736,content/jakarta/annotation/jakarta.annotation-api/jakarta.annotation-api-3.0.0.buildspec,dd4907f8d529b568b34a52e0d9accb7419545fd5ab190ac42322e1763c3fe01c,jakarta.annotation,jakarta.annotation-api,3.0.0,mvn-3.9.9,mvn-3.9.9,18,https://github.com/jakartaee/common-annotations-api.git,${version},,mvn -f api/ clean package -DskipTests -Dmaven.javadoc.skip -Dgpg.skip,,true,false,DISCOVERED
RCM-05741,content/jakarta/mail/jakarta.mail-api/jakarta.mail-api-2.2.0-M1.buildspec,95ddc4b8f26b30be382d2f22a350b075662d137da438e2933aedd688df8c2ccb,jakarta.mail,jakarta.mail-api,2.2.0-M1,mvn-3.9.9,mvn-3.9.9,11,https://github.com/jakartaee/mail-api.git,${version},,mvn -f api/ clean package -DskipTests -Dmaven.javadoc.skip -Dgpg.skip,,true,false,DISCOVERED
RCM-05742,content/jakarta/persistence/jakarta.persistence-api/jakarta.persistence-api-3.2.0-B02.buildspec,9f0e37ee923bb5568857206e223cc386ae2be41052ef33e44cc72edab877737c,jakarta.persistence,jakarta.persistence-api,3.2.0-B02,mvn,mvn,18,https://github.com/jakartaee/persistence.git,3.2-DRAFT01-${version}-RELEASE,,mvn -f api/ clean package -DskipTests -Dmaven.javadoc.skip -Dgpg.skip,,true,false,DISCOVERED
RCM-05755,content/jakarta/servlet/jakarta.servlet-api/jakarta.servlet-api-6.2.0-M1.buildspec,d1f23c1e21148339a40b89e0676598bc048292b914d6c6c26e6d20069c1a1bd7,jakarta.servlet,jakarta.servlet-api,6.2.0-M1,mvn-3.9.11,mvn-3.9.11,21,https://github.com/eclipse-ee4j/servlet-api.git,${version},,mvn -f api/ clean package -DskipTests -Dmaven.javadoc.skip -Dgpg.skip,,true,false,DISCOVERED
RCM-05757,content/jakarta/validation/jakarta.validation-api/jakarta.validation-api-4.0.0-M1.buildspec,7aac0728611d3a226a5729bcc9243a7c4d9e6cd196ee69012d72342b97a608e1,jakarta.validation,jakarta.validation-api,4.0.0-M1,mvn-3.9.11,mvn-3.9.11,25,https://github.com/jakartaee/validation.git,${version},,mvn clean package -DskipTests -Poss-release -Dgpg.skip,,true,false,DISCOVERED
RCM-05773,content/land/oras/oras-java-sdk/oras-java-sdk-0.2.8.buildspec,2f7b65d2f7135e9bfc61247e085e7b73cb87259ee2ab321c1ca22e56b5d60d87,land.oras,oras-java-sdk,0.2.8,mvn-3.9.9,mvn-3.9.9,17,https://github.com/oras-project/oras-java,${version},,"mvn -Prelease,quick-build -DskipTests clean verify -Dgpg.skip -Dsigstore.skip -Dspdx-maven-plugin.version=0.7.4",,true,false,DISCOVERED
RCM-05858,content/net/bytebuddy/byte-buddy-1.18.6-jdk6-jdk5.buildspec,e9dfd7a31749c6e963a272cc88b01e7c39abfdadad377b5b36e8d60edbb2defc,net.bytebuddy,byte-buddy-parent,1.18.6-jdk6-jdk5,mvn-3.9.9,mvn-3.9.9,8,https://github.com/raphw/byte-buddy.git,byte-buddy-${version},,"SHELL mvn -Pextras,gradle-release,multi-release clean package -DskipTests -Dmaven.javadoc.skip -Duser.timezone=Etc/UTC",,false,true,DISCOVERED
RCM-05865,content/net/bzzt/reproducible-builds-jvm-stripper/reproducible-builds-jvm-stripper-0.10.buildspec,b420f99d89b4351e8a981670a78039aeed744b1969dcec31e00a55f58b18107b,net.bzzt,reproducible-builds-jvm-stripper,0.10,mvn,mvn,19,https://github.com/raboof/reproducible-builds-jvm-stripper.git,${artifactId}-${version},,mvn -Prelease clean package -DskipTests -Dmaven.javadoc.skip -Dgpg.skip,,true,false,DISCOVERED
RCM-05868,content/net/jsign/jsign-6.0.buildspec,35ba9b3e201cc7310b8fa3502aa86702eeab2e0361749be5b2e621c786cf74a1,net.jsign,jsign,6.0,mvn,mvn,8,https://github.com/ebourg/${artifactId}.git,${version},,mvn -Prelease clean package -DskipTests -Dmaven.javadoc.skip -Dgpg.skip,,true,false,DISCOVERED
RCM-05875,content/net/nicoulaj/maven/plugins/checksum-maven-plugin/checksum-maven-plugin-1.11.buildspec,e25587acfb06d22a01411d68c8d1e50387dd81ab585322558d3aa0e4a5fcd778,net.nicoulaj.maven.plugins,checksum-maven-plugin,1.11,mvn,mvn,16,https://github.com/nicoulaj/${artifactId}.git,${version},,mvn clean package -DskipTests -Dmaven.javadoc.skip -Dgpg.skip,,true,false,DISCOVERED
RCM-05876,content/net/osslabz/bitcoin-commons/bitcoin-commons-0.2.0.buildspec,c88a384cd39f986e2440c34cbb5ea45d12e1d2083abe25c0b547a2ebf5725f7e,net.osslabz,bitcoin-commons,0.2.0,mvn,mvn,21,https://github.com/osslabz/bitcoin-commons.git,${version},,mvn -Papache-release clean package -DskipTests -Dmaven.javadoc.skip -Dgpg.skip,,true,false,DISCOVERED
RCM-05879,content/net/osslabz/coingecko-java/coingecko-java-1.2.0.buildspec,fa6a07b9a73a5ac4286fde94e769b70b5794cf8e5ad63bb0bf8853221a015c83,net.osslabz,coingecko-java,1.2.0,mvn,mvn,21,https://github.com/osslabz/coingecko-java.git,${version},,mvn -Papache-release clean package -DskipTests -Dmaven.javadoc.skip -Dgpg.skip,,true,false,DISCOVERED
RCM-05884,content/net/osslabz/crypto-commons/crypto-commons-0.4.1.buildspec,cc315d1e57989b21afb21bc3ddbe03804a197c98a716d61b0027ac4c4b9e0c2a,net.osslabz,crypto-commons,0.4.1,mvn,mvn,21,https://github.com/osslabz/crypto-commons.git,${version},,mvn -Papache-release clean package -DskipTests -Dmaven.javadoc.skip -Dgpg.skip,,true,false,DISCOVERED
RCM-05889,content/net/osslabz/electrum-client/electrum-client-0.0.1.buildspec,d1a816fdf05bd06ee107f07c897b7314467743739ebcfe2994c826da6372b4fa,net.osslabz,electrum-client,0.0.1,mvn,mvn,21,https://github.com/osslabz/${artifactId}.git,${version},,mvn -Papache-release clean package -DskipTests -Dmaven.javadoc.skip -Dgpg.skip,,true,false,DISCOVERED
RCM-05896,content/net/osslabz/evm-abi-decode/evm-abi-decoder-0.1.4.buildspec,0ffd95c339f748d824e7ce485270320a7d65836b950dfa27ab7a98abfea740ad,net.osslabz,evm-abi-decoder,0.1.4,mvn,mvn,21,https://github.com/osslabz/evm-abi-decoder.git,${version},,mvn -Papache-release clean package -DskipTests -Dmaven.javadoc.skip -Dgpg.skip,,true,false,DISCOVERED
RCM-05899,content/net/osslabz/jdbc-url-parser/jdbc-url-parser-0.1.0.buildspec,ea065256e2b1ffcfb35a18708227d2c6609fb4f5eefebd148ca869dad5550de1,net.osslabz,jdbc-url-parser,0.1.0,mvn,mvn,21,https://github.com/osslabz/${artifactId}.git,${version},,mvn -Papache-release clean package -DskipTests -Dmaven.javadoc.skip -Dgpg.skip,,true,false,DISCOVERED
RCM-05904,content/net/osslabz/json-rpc-client/json-rpc-client-0.0.7.buildspec,76bf62eafd937fdb8feacb4ff3eab064bf7fea351f6f1386fa3171b46476f83f,net.osslabz,json-rpc-client,0.0.7,mvn-3.9.12,mvn-3.9.12,21,https://github.com/osslabz/${artifactId}.git,${version},,mvn -Papache-release clean package -DskipTests -Dmaven.javadoc.skip -Dgpg.skip,,true,false,DISCOVERED
RCM-05905,content/net/osslabz/lnd-rest-client/lnd-rest-client-1.0.1.buildspec,4ac5600923d2fead42f71467e7d18f372917d055723c063d529f31a0fbbeb5d0,net.osslabz,lnd-rest-client,1.0.1,mvn,mvn,17,https://github.com/osslabz/${artifactId}.git,${version},,mvn -Papache-release clean package -DskipTests -Dmaven.javadoc.skip -Dgpg.skip,,true,false,DISCOVERED
RCM-05906,content/net/osslabz/mexc-client/mexc-client-0.2.0.buildspec,cc32bc15e4a303f0cbf6e8133dd0a45081a260ee70596108bd3d1794a3009d36,net.osslabz,mexc-client,0.2.0,mvn,mvn,21,https://github.com/osslabz/mexc-client.git,${version},,mvn -Papache-release clean package -DskipTests -Dmaven.javadoc.skip -Dgpg.skip,,true,false,DISCOVERED
RCM-05907,content/net/osslabz/paapi5-java-sdk/paapi5-java-sdk-0.0.2.buildspec,7a100d0cb953ddf3eaee142f24ad7fb79354f14e0f22736bc5e5bf897c2f070d,net.osslabz,paapi5-java-sdk,0.0.2,mvn,mvn,21,https://github.com/osslabz/${artifactId}.git,${version},,mvn -Papache-release clean package -DskipTests -Dmaven.javadoc.skip -Dgpg.skip,,true,false,DISCOVERED
RCM-05913,content/net/osslabz/turnstile-siteverify-client/turnstile-siteverify-client-0.4.0.buildspec,8e9aec2ba981c4650ec86066b54a175efb35fdebdc2943425000d0ca47396c1b,net.osslabz,turnstile-siteverify-client,0.4.0,mvn,mvn,21,https://github.com/osslabz/${artifactId}.git,${version},,mvn -Posslabz-release clean package -DskipTests -Dmaven.javadoc.skip -Dgpg.skip,,true,false,DISCOVERED
RCM-05926,content/net/revelc/code/impsort-maven-plugin/impsort-maven-plugin-1.9.0.buildspec,f1528dfcde2b2cd897f204aca7c1dcdbf636690a8cbf5aeae5aca19c10bd283e,net.revelc.code,impsort-maven-plugin,1.9.0,mvn,mvn,17,https://github.com/revelc/${artifactId}.git,${artifactId}-${version},,mvn -Papache-release clean package -DskipTests -Dmaven.javadoc.skip -Dgpg.skip,,true,false,DISCOVERED
RCM-05916,content/net/revelc/code/formatter/formatter-maven-plugin/formatter-maven-plugin-2.26.0.buildspec,7486358f32f16796186ac4eeca05f684ee9c651db6ce4d28562fd6b47a63bea3,net.revelc.code.formatter,formatter-maven-plugin,2.26.0,mvn,mvn,17,https://github.com/revelc/${artifactId}.git,${artifactId}-${version},,mvn -Prevelc-release clean package -DskipTests -Dmaven.javadoc.skip -Dgpg.skip,,true,false,DISCOVERED
RCM-05931,content/net/sf/michael-o/michael-o-parent/michael-o-parent-20.buildspec,18016c0c5dd4cdcc07f108881fc591ab3ee6306202811eed131fe9f7b44b43a7,net.sf.michael-o,michael-o-parent,20,mvn,mvn,17,https://github.com/michael-o/${artifactId}.git,${version},,mvn -Pmichael-o-release clean package -DskipTests -Dmaven.javadoc.skip -Dgpg.skip -Dspotless.skip,,true,false,DISCOVERED
RCM-05934,content/net/sf/michael-o/tomcat/tomcat-authnz-spnego-ad/tomcat-authnz-spnego-ad-4.0.1.buildspec,2fa3c7366fa04bc10439c6c6e612d62be6a6671379a0daffcae9b4b7a299f714,net.sf.michael-o.tomcat,tomcat-authnz-spnego-ad,4.0.1,mvn,mvn,11,https://github.com/michael-o/tomcatspnegoad.git,${version},,mvn -Pmichael-o-release clean package -DskipTests -Dmaven.javadoc.skip -Dgpg.skip,,true,false,DISCOVERED
RCM-05980,content/net/sourceforge/pmd/pmd-7.13.0.buildspec,990ac58588642a5ee30d04b1464703cd7b1a2f4999a12e974e3e3a9f9f2fc0f5,net.sourceforge.pmd,pmd,7.13.0,mvn,mvn,11,https://github.com/pmd/${artifactId}.git,pmd_releases/${version},,mvn -Ppmd-release clean package -DskipTests -Dmaven.javadoc.skip -Dgpg.skip,,true,false,DISCOVERED
RCM-06004,content/net/sourceforge/pmd/pmd-build-tools-config/pmd-build-tools-config-20.buildspec,9fd9564286b5fb20c6b0023aed3d503441ec0c0e2b9d689a12b60ccbae716b2b,net.sourceforge.pmd,pmd-build-tools-config,20,mvn,mvn,18,https://github.com/pmd/build-tools.git,${version},,mvn -Ppmd-release clean package -DskipTests -Dmaven.javadoc.skip -Dgpg.skip,,true,false,DISCOVERED
RCM-06025,content/net/sourceforge/pmd/pmd-designer/pmd-designer-7.19.0.buildspec,3d95dc24a043f37a574b29f2a9ba709833f0ca549a5bd5c8e013a25d6dd48a63,net.sourceforge.pmd,pmd-designer,7.19.0,mvn-3.9.11,mvn-3.9.11,17,https://github.com/pmd/${artifactId}.git,${version},,mvn -Pshading clean package -DskipTests -Dmaven.javadoc.skip -Dgpg.skip,,true,false,DISCOVERED
RCM-06057,content/nl/basjes/codeowners/codeowners-parent/codeowners-parent-1.6.0.buildspec,8c0cc94bde3ce016c60ae105e7bcb591461c21a30a03a86cda14bf5cac4f0871,nl.basjes.codeowners,codeowners-parent,1.6.0,mvn-3.9.5,mvn-3.9.5,21,https://github.com/nielsbasjes/codeowners.git,v${version},,"mvn -Prelease,skipQuality clean verify -DskipTests",,true,false,DISCOVERED
RCM-06062,content/nl/basjes/energy/energy-0.0.1.buildspec,535050b47bb5b53fc3b5f1754de2fc10811c3cb5b9382f0b171a81c8a8c8baa6,nl.basjes.energy,energy-parent,0.0.1,mvn-3.8.7,mvn-3.8.7,17,https://github.com/nielsbasjes/energy.git,v${version},,mvn clean verify -PskipQuality -PpackageForRelease -Dgpg.skip,,true,false,DISCOVERED
RCM-06071,content/nl/basjes/maven/release/conventional-commits-version-policy/conventional-commits-version-policy-1.0.8.buildspec,020b31e16bdde646650a5cf64e7c4ed2d2da53ebda786df00ced4b4cda2115c3,nl.basjes.maven.release,conventional-commits-version-policy,1.0.8,mvn-3.9.9,mvn-3.9.9,21,https://github.com/nielsbasjes/conventional-commits-maven-release.git,v${version},,mvn clean verify -PskipQuality,,true,false,DISCOVERED
RCM-06096,content/nl/basjes/modbus/modbus-schema-parent/modbus-schema-parent-0.6.0.buildspec,05a7dcf48727e3a3474ab5b8e2444481bfc6282bf93c87d84cb288f7b395a581,nl.basjes.modbus,modbus-schema-parent,0.6.0,mvn-3.9.9,mvn-3.9.9,21,https://github.com/nielsbasjes/modbus-schema.git,v${version},,mvn clean verify -PskipQuality,,true,false,DISCOVERED
RCM-06080,content/nl/basjes/modbus/devices/modbus-devices-parent/modbus-devices-parent-0.4.1.buildspec,0a311cd8a2c3dee6686126134d683ee26001917ddbcb2092782945d118ef2bb3,nl.basjes.modbus.devices,modbus-devices-parent,0.4.1,mvn-3.9.9,mvn-3.9.9,21,https://github.com/nielsbasjes/modbus-devices.git,v${version},,mvn clean verify -PskipQuality,,true,false,DISCOVERED
RCM-06102,content/nl/basjes/parse/httpdlog/httpdlog-parser/httpdlog-parser-5.9.0.buildspec,3707e03205598accda4add2e91056f7dbf7bef0744f4a73db2e8ae1b379c5806,nl.basjes.parse.httpdlog,httpdlog-parser,5.9.0,mvn-3.9.1,mvn-3.9.1,17,https://github.com/nielsbasjes/logparser,v${version},,mvn -Prelease clean verify -DskipTests -Dmaven.javadoc.skip -Dgpg.skip,,true,false,DISCOVERED
RCM-06117,content/nl/basjes/parse/useragent/yauaa/yauaa-7.25.0.buildspec,a7ad7651f908c47b4433641158fb0be11a2f17543ad593cf02d4ab728b98d86d,nl.basjes.parse.useragent,yauaa,7.25.0,mvn-3.8.7,mvn-3.8.7,21,https://github.com/nielsbasjes/yauaa.git,v${version},,mvn clean verify -PskipQuality,,true,false,DISCOVERED
RCM-06140,content/nl/basjes/sunspec/sunspec-device-parent/sunspec-device-parent-0.7.1.buildspec,87d6bb5232907a020a0e6e5429fb71c996a02b6737acccf3656c1c9d2cbf4891,nl.basjes.sunspec,sunspec-device-parent,0.7.1,mvn-3.9.9,mvn-3.9.9,21,https://github.com/nielsbasjes/sunspec-device.git,v${version},,mvn clean verify -PskipQuality,,true,false,DISCOVERED
RCM-06192,content/nl/hsac/hsac-fitnesse-fixtures/hsac-fitnesse-fixtures-5.2.21.buildspec,8c57e8fdd38e9133160b0b6790d46df2e8c3864019e1eb14341cda4c7ba7c4c3,nl.hsac,hsac-fitnesse-fixtures,5.2.21,mvn,mvn,8,https://github.com/fhoeben/${artifactId}.git,${version},,mvn clean package -Prelease -Dgpg.skip,,true,false,DISCOVERED
RCM-06255,content/nl/hsac/hsac-fitnesse-pdf/hsac-fitnesse-pdf-0.1.1.buildspec,e49ef2a4d009204880ecbdb7b5d788b14200794d93e619537ca90d1455a3c1d9,nl.hsac,hsac-fitnesse-pdf,0.1.1,mvn-3.9.3,mvn-3.9.3,11,https://github.com/fhoeben/hsac-fitnesse-pdf.git,${version},,mvn clean package -Prelease -DskipTests -Dgpg.skip,,true,false,DISCOVERED
RCM-06263,content/nl/hsac/hsac-fitnesse-plugin/hsac-fitnesse-plugin-1.33.0.buildspec,b94e4068888ffd2d05c1109b05d35a121394b9d543abacc103ed0f6662957a36,nl.hsac,hsac-fitnesse-plugin,1.33.0,mvn,mvn,11,https://github.com/fhoeben/${artifactId}.git,${version},,mvn clean package -Prelease -Dgpg.skip,,true,false,DISCOVERED
RCM-06269,content/org/alluxio/alluxio/alluxio-301.buildspec,ba543d4ba44d7ee1ffd9fa1bb6eb2caab79ba17da0e2f5add9c62b24d9d27de2,org.alluxio,alluxio-parent,301,mvn-3.9.3,mvn-3.9.3,8,https://github.com/alluxio/alluxio.git,e816b77,,"mvn -Prelease,no-webui-linter clean package -DskipTests -Dmaven.javadoc.skip -Dgpg.skip -Dmaven.source.skip",,true,false,DISCOVERED
RCM-06282,content/org/antlr/antlr4/antlr4-4.12.0.buildspec,2b273d545bdd7d952d5ee3bb7a84bd2accc08d271e96e51c21ccdd9675ab1a48,org.antlr,antlr4-master,4.12.0,mvn,mvn,11,https://github.com/antlr/antlr4.git,${version},,mvn -Prelease clean package -DskipTests -Dmaven.javadoc.skip -Dgpg.skip,,true,false,DISCOVERED
RCM-06395,content/org/apache/apache/apache-37.buildspec,ee77ab8506e8dd66b76a7152069d262626630b16a8aea81ebb718c772d43d78f,org.apache,apache,37,mvn-3.9.11,mvn-3.9.11,8,https://github.com/apache/maven-apache-parent.git,${artifactId}-${version},,mvn -Papache-release clean package -DskipTests -Dmaven.javadoc.skip -Dgpg.skip,,true,false,DISCOVERED
RCM-06908,content/org/apache/jdo/jdo-3.2.1.buildspec,d3f087da9de1338f25eef654a5bde908178f865002c23710852e2001d51a1067,org.apache,jdo,3.2.1,mvn,mvn,8,https://github.com/apache/db-jdo.git,v${version},https://archive.apache.org/dist/db/${artifactId}/${version}/${artifactId}-${version}-source-release.zip,mvn -Papache-release clean package -DskipTests -Dmaven.javadoc.skip -Dgpg.skip,,true,false,DISCOVERED
RCM-06293,content/org/apache/accumulo/accumulo-2.1.1.buildspec,70f42270102862766b0c3a4599d68acf4ed9870ef3b203347c0da245e74b1bf3,org.apache.accumulo,accumulo,2.1.1,mvn,mvn,11,https://github.com/apache/${artifactId}.git,rel/${version},,"SHELL mvn -Papache-release,accumulo-release clean package -DskipTests -Dmaven.javadoc.skip -Dgpg.skip -Dwarbucks.skip -DskipFormat -DskipQA",,false,true,DISCOVERED
RCM-06313,content/org/apache/activemq/activemq-5.18.0.buildspec,1f6b95c6fd678a8b8ca0b76a12985559810fd9edafd4e40f75513a0919c151db,org.apache.activemq,activemq-parent,5.18.0,mvn,mvn,11,https://github.com/apache/activemq.git,activemq-${version},,mvn -Papache-release clean package -DskipTests -Dmaven.javadoc.skip -Dgpg.skip,,true,false,DISCOVERED
RCM-06373,content/org/apache/activemq/artemis/artemis-2.53.0.buildspec,2e9e41c6ed149a25b69c69917f15948f08a63316e927a690dbdffecad1bf5d01,org.apache.activemq,artemis-pom,2.53.0,mvn-3.9.3,mvn-3.9.3,25,https://github.com/apache/activemq-artemis.git,${version},,"mvn -Papache-release,release clean verify -DskipTests -Dmaven.javadoc.skip -Dgpg.skip",,true,false,DISCOVERED
RCM-06376,content/org/apache/amoro/amoro-0.7.1-incubating.buildspec,3bd5516832af1e808a456050ecd4aff29fa26d11e7096d3f4aebd5cfe0234e66,org.apache.amoro,amoro-parent,0.7.1-incubating,mvn,mvn,8,https://github.com/apache/amoro.git,v${version},,"mvn -Papache-release,support-all-formats clean package -DskipTests -Dmaven.javadoc.skip -Dgpg.skip  -Djacoco.flink.skip",,true,false,DISCOVERED
RCM-06379,content/org/apache/any23/any23-2.7.buildspec,09e0c707bac4b53af1d5caae376bb0cd2ee548e84443f176a79d53371e2c61c7,org.apache.any23,apache-any23,2.7,mvn,mvn,11,https://github.com/apache/any23.git,any23-${version},,mvn -Papache-release clean package -DskipTests -Dmaven.javadoc.skip -Dgpg.skip -Dossindex.skip,,true,false,DISCOVERED
RCM-06398,content/org/apache/apache/resources/apache-resource-bundles-1.7.buildspec,923383209c8f6527e348ffa737be83c2fe6ec80688353c6c2dc8b0c498c770c5,org.apache.apache.resources,apache-resource-bundles,1.7,mvn,mvn,11,https://github.com/apache/maven-apache-resources.git,${artifactId}-${version},,mvn -Papache-release clean package -DskipTests -Dmaven.javadoc.skip -Dgpg.skip,,true,false,DISCOVERED
RCM-06400,content/org/apache/aries/cdi/aries-cdi-1.1.4.buildspec,13e99214a50623efa9ddc144c8be76d76a8b9c22653ac2fc90b7e81eeac80328,org.apache.aries.cdi,org.apache.aries.cdi,1.1.4,mvn,mvn,8,https://github.com/apache/aries-cdi.git,${artifactId}-${version},,mvn -Papache-release clean package -DskipTests -Dmaven.javadoc.skip -Dgpg.skip,,true,false,DISCOVERED
RCM-06402,content/org/apache/aries/jax-rs/org.apache.aries.jax.rs-2.0.2.buildspec,e16d073bf3c7a6b0e55a3b4ffd8800a2bccc6714693501a0374de38cc1cece22,org.apache.aries.jax.rs,org.apache.aries.jax.rs,2.0.2,mvn-3.8.5,mvn-3.8.5,11,https://github.com/apache/aries-jax-rs-whiteboard.git,${artifactId}-${version},,mvn -Papache-release clean package -DskipTests -Dmaven.javadoc.skip -Dgpg.skip,,true,false,DISCOVERED
RCM-06406,content/org/apache/artemis/artemis-2.53.0.buildspec,2767f4fd8739ba5dc1ca8b9de34acf7bc01be387937c2cfa94d32e48e83aa50e,org.apache.artemis,artemis-project,2.53.0,mvn-3.9.3,mvn-3.9.3,25,https://github.com/apache/artemis.git,${version},,"mvn -Papache-release,release clean verify -DskipTests -Dmaven.javadoc.skip -Dgpg.skip",,true,false,DISCOVERED
RCM-06411,content/org/apache/avro/avro-1.11.3.buildspec,4ecb979331b73bf11d3fc12d7ee40429d96f7f1dee736646e9b3cbbe9b409a21,org.apache.avro,avro-toplevel,1.11.3,mvn,mvn,8,https://github.com/apache/avro.git,release-${version},,SHELL ./build.sh docker,,false,true,DISCOVERED
RCM-06417,content/org/apache/axis2/axis2-1.8.2.buildspec,196c2a7b1ddee46d4cb0ba5a8270498a3ee7a67aa2d424a225535d8d5bf540e5,org.apache.axis2,axis2,1.8.2,mvn,mvn,11,https://github.com/apache/axis-axis2-java-core.git,v${version},,mvn -Papache-release clean package -DskipTests -Dmaven.javadoc.skip -Dgpg.skip,,true,false,DISCOVERED
RCM-06420,content/org/apache/baremaps/baremaps-0.8.1.buildspec,b378b48b86ea088632e9dca694090fa8cf7c375c15042dda19aa92dabf96cc75,org.apache.baremaps,baremaps,0.8.1,mvn,mvn,21,https://github.com/apache/baremaps.git,v${version},,mvn -Papache-release clean package -DskipTests -Dmaven.javadoc.skip -Dgpg.skip -Djava.version=,,true,false,DISCOVERED
RCM-06424,content/org/apache/batchee/batchee-1.0.4.buildspec,c401bc952e0f4808d0bb124a760a907ec6665aa918f86b6fe15393e73753a402,org.apache.batchee,batchee,1.0.4,mvn,mvn,11,https://github.com/apache/geronimo-${artifactId}.git,${artifactId}-${version},,mvn -Papache-release clean package -DskipTests -Dmaven.javadoc.skip -Dgpg.skip -Dbuildinfo.ignore=*/*-tests.jar,,true,false,DISCOVERED
RCM-06458,content/org/apache/commons/bcel/bcel-6.12.0.buildspec,702816168aaa055d084847b7dedbb91717cf463e5e1b551c80a4e5a58b9eaf51,org.apache.bcel,bcel,6.12.0,mvn-3.9.12,mvn-3.9.12,25,https://github.com/apache/commons-${artifactId}.git,rel/commons-${artifactId}-${version},,mvn -Prelease clean package -Dmaven.javadoc.skip -Dgpg.skip -Dspdx.skip -Dcommons.spdx.version=0.7.2 -Dcommons.release.dryRun -Dcommons.release.isDistModule=false,,true,false,DISCOVERED
RCM-06431,content/org/apache/camel/camel/camel-3.22.3.buildspec,ec220985876dd39e6055f791b711aec7cf7eeb58ed06c71c9f075da501c3c004,org.apache.camel,camel,3.22.3,mvn-3.8.5,mvn-3.8.5,11,https://github.com/apache/${artifactId}.git,${artifactId}-${version},https://archive.apache.org/dist/camel//apache-camel/${version}/apache-camel-${version}-src.zip,"mvn -Prelease,hibernate clean package -DskipTests -Dmaven.javadoc.skip -Dgpg.skip -Dskip.yarn",,true,false,DISCOVERED
RCM-06436,content/org/apache/camel/camel-k-runtime/camel-k-runtime-1.10.0.buildspec,1e7afabd132c00b4a51ad97f88b135094320f3a3165be7b9e4973863254e68df,org.apache.camel.k,camel-k-runtime-project,1.10.0,mvn,mvn,11,https://github.com/apache/camel-k-runtime.git,${artifactId}-${version},,mvn -Papache-release clean package -DskipTests -Dmaven.javadoc.skip -Dgpg.skip,,true,false,DISCOVERED
RCM-06464,content/org/apache/commons/commons-beanutils2/commons-beanutils2-2.0.0-M1.buildspec,401dd136e050e8d7e0cc90fedd15edf1b07aadcca05e55f15a138caa4f2f0597,org.apache.commons,commons-beanutils2,2.0.0-M1,mvn,mvn,21,https://github.com/apache/commons-beanutils.git,rel/commons-beanutils-${version},,mvn clean verify -DskipTests -Dgpg.skip -Dmaven.javadoc.skip -Dbuildinfo.ignore=,,true,false,DISCOVERED
RCM-06472,content/org/apache/commons/commons-build-plugin/commons-build-plugin-1.16.0.buildspec,c5ee76e01e2d6ee00cd8a049d06bbe0a9f57139089fd36c0c376d0e7efb80801,org.apache.commons,commons-build-plugin,1.16.0,mvn,mvn,21,https://github.com/apache/commons-build-plugin.git,rel/${artifactId}-${version},,mvn clean package -DskipTests -Dmaven.javadoc.skip -Dgpg.skip,,true,false,DISCOVERED
RCM-06489,content/org/apache/commons/commons-collections4/commons-collections4-4.5.0-M1.buildspec,99305f76db6d3ece811b45cf4331041aa952908b514a1fd1d2cae965994e3de5,org.apache.commons,commons-collections4,4.5.0-M1,mvn,mvn,17,https://github.com/apache/commons-collections.git,rel/commons-collections-${version},,mvn clean verify -DskipTests -Dgpg.skip -Dmaven.javadoc.skip -Dbuildinfo.ignore=,,true,false,DISCOVERED
RCM-06571,content/org/apache/commons/compress/commons-compress-1.27.1.buildspec,96eb531a7d8ae4fdd21ea33fae8511827ea72982f107fc8e4927362dde933849,org.apache.commons,commons-compress,1.27.1,mvn,mvn,17,https://github.com/apache/${artifactId}.git,rel/${artifactId}-${version},,mvn -Prelease clean package package -DskipTests -Dmaven.javadoc.skip -Dgpg.skip -Dcommons.release.dryRun -Dcommons.release.isDistModule=false -Dcommons.spdx.version=0.7.1 -Dspdx.skip -Dcyclonedx.skip,,true,false,DISCOVERED
RCM-06573,content/org/apache/commons/configuration2/commons-configuration2-2.10.0.buildspec,e76db9484d18a87bb8bd6ad07fd53ff0193231851568e55694cc8c64df23baff,org.apache.commons,commons-configuration2,2.10.0,mvn,mvn,21,https://github.com/apache/commons-configuration.git,rel/commons-configuration-${version},,mvn -Prelease clean:clean package -DskipTests -Dmaven.javadoc.skip -Dgpg.skip -Dcyclonedx.skip -Dcommons.release.dryRun -Dcommons.release.isDistModule -Dbuildinfo.ignore=,,true,false,DISCOVERED
RCM-06583,content/org/apache/commons/csv/commons-csv-1.12.0.buildspec,d15b09aa66c2f60f0d4a953d0fa8a34e4100861cfb856114bdff9d4f597400b2,org.apache.commons,commons-csv,1.12.0,mvn,mvn,17,https://github.com/apache/${artifactId}.git,rel/${artifactId}-${version},,mvn -Prelease clean:clean package -DskipTests -Dmaven.javadoc.skip -Dgpg.skip -Dspdx.skip -Dcommons.release.dryRun -Dcommons.release.isDistModule,,true,false,DISCOVERED
RCM-06500,content/org/apache/commons/commons-dbcp2/commons-dbcp2-2.14.0.buildspec,c1c4e0c547131c54e12a9a506607b388f4cfb910b994e1ac57d8104954574a21,org.apache.commons,commons-dbcp2,2.14.0,mvn,mvn,21,https://github.com/apache/commons-dbcp.git,rel/commons-dbcp-${version},,mvn clean verify -DskipTests -Dgpg.skip -Dmaven.javadoc.skip -Dbuildinfo.ignore=,,true,false,DISCOVERED
RCM-06587,content/org/apache/commons/email2/commons-email2-2.0.0-M1.buildspec,4cfefaebbdcf25b089ec10f03f6ed08c9baabad821fac0f2f981bcdc4e93b3aa,org.apache.commons,commons-email2-parent,2.0.0-M1,mvn,mvn,17,https://github.com/apache/commons-email.git,rel/commons-email-${version},,mvn -Prelease clean package -DskipTests -Dmaven.javadoc.skip -Dgpg.skip -Dcommons.release.dryRun -Dcommons.release.isDistModule=false -Dbuildinfo.ignore=,,true,false,DISCOVERED
RCM-06503,content/org/apache/commons/commons-exec/commons-exec-1.6.0.buildspec,18354c12157051ea3c221dbf953a0e2caa2ca0860da73c7364fb63b35506c48a,org.apache.commons,commons-exec,1.6.0,mvn,mvn,17,https://github.com/apache/commons-exec,rel/${artifactId}-${version},,mvn -Prelease clean:clean package -DskipTests -Dmaven.javadoc.skip -Dgpg.skip -Dcyclonedx.skip -Dcommons.release.dryRun -Dcommons.release.isDistModule -Dbuildinfo.ignore=,,true,false,DISCOVERED
RCM-06505,content/org/apache/commons/commons-fileupload2/commons-fileupload2-2.0.0-M4.buildspec,3898dd756b04204631deb6ba1560849c3cea8ccd87af1aea3e338f42b7c48654,org.apache.commons,commons-fileupload2,2.0.0-M4,mvn,mvn,21,https://github.com/apache/commons-fileupload.git,rel/commons-fileupload-${version},,mvn clean verify -DskipTests -Dgpg.skip -Dmaven.javadoc.skip -Dbuildinfo.ignore=,,true,false,DISCOVERED
RCM-06509,content/org/apache/commons/commons-imaging/commons-imaging-1.0.0-alpha5.buildspec,b5226d0eae249c127834c14a8c44d61e08f75836dc8e483bdd3569f0c4ae37c0,org.apache.commons,commons-imaging,1.0.0-alpha5,mvn,mvn,17,https://github.com/apache/commons-imaging.git,rel/commons-imaging-${version},,mvn clean verify -DskipTests -Dgpg.skip -Dmaven.javadoc.skip -Dbuildinfo.ignore=,,true,false,DISCOVERED
RCM-06520,content/org/apache/commons/commons-jcs3/commons-jcs3-3.2.buildspec,783bb37a00bad766152c6c66a5f172aeb28fa8a25d528bb02f052502989d65c4,org.apache.commons,commons-jcs3,3.2,mvn,mvn,8,https://github.com/apache/commons-jcs.git,rel/${artifactId}-${version},,mvn -Papache-release clean package -DskipTests -Dmaven.javadoc.skip -Dgpg.skip,,true,false,DISCOVERED
RCM-06525,content/org/apache/commons/commons-jexl3/commons-jexl3-3.6.2.buildspec,afd41922164420b8bcb0f8b0027259edf5754beb8a13201adb02c06abcbd40eb,org.apache.commons,commons-jexl3,3.6.2,mvn-3.9.12,mvn-3.9.12,25,https://github.com/apache/commons-jexl.git,rel/commons-jexl-${version},,mvn clean package -DskipTests -Dmaven.javadoc.skip -Dgpg.skip -Dbuildinfo.ignore=,,true,false,DISCOVERED
RCM-06532,content/org/apache/commons/commons-lang3/commons-lang3-3.18.0.buildspec,94d7ceaca988f376eb68460f0a93514b39440b8bdf216695b1ef13391c33b72a,org.apache.commons,commons-lang3,3.18.0,mvn,mvn,21,https://github.com/apache/commons-lang.git,rel/commons-lang-${version},,mvn clean verify -DskipTests -Dgpg.skip -Dmaven.javadoc.skip -Dbuildinfo.ignore=,,true,false,DISCOVERED
RCM-06596,content/org/apache/commons/numbers/commons-numbers-1.3.buildspec,6a56733c899ab339def3627118746d9a92313a2fc217bac2993721085f099c78,org.apache.commons,commons-numbers-parent,1.3,mvn-3.9.12,mvn-3.9.12,11,https://github.com/apache/commons-numbers.git,rel/commons-numbers-${version},,mvn -Prelease clean package -DskipTests -Dmaven.javadoc.skip -Dgpg.skip -Dcommons.release.dryRun -Dcommons.release.isDistModule=false -Dbuildinfo.ignore=,,true,false,DISCOVERED
RCM-06610,content/org/apache/commons/parent/commons-parent-62.buildspec,726c845c8d1de4455f09acf73126aecbd8119b870f278cf9c4eccfe35f8a5b54,org.apache.commons,commons-parent,62,mvn,mvn,8,https://github.com/apache/${artifactId}.git,rel/${artifactId}-${version},,mvn -Papache-release clean package -DskipTests -Dmaven.javadoc.skip -Dgpg.skip -Dassembly.skipAssembly -Dbuildinfo.ignore=,,true,false,DISCOVERED
RCM-06543,content/org/apache/commons/commons-pool2/commons-pool2-2.12.1.buildspec,f883326f513e8eff1caafe01fcc1bfb002539eb7cef1f17d3c2fd9eac307c75c,org.apache.commons,commons-pool2,2.12.1,mvn,mvn,21,https://github.com/apache/commons-pool.git,rel/commons-pool-${version},,mvn clean verify -DskipTests -Dgpg.skip -Dmaven.javadoc.skip -Dbuildinfo.ignore=,,true,false,DISCOVERED
RCM-06547,content/org/apache/commons/commons-release-plugin/commons-release-plugin-1.8.3.buildspec,e86204b2120160ca9b87f578121e09d2ee251befcf2495ac974f83ec22b5216d,org.apache.commons,commons-release-plugin,1.8.3,mvn,mvn,17,https://github.com/apache/${artifactId}.git,rel/${artifactId}-${version},,mvn clean package -DskipTests -Dmaven.javadoc.skip -Dgpg.skip -Dbuildinfo.ignore=,,true,false,DISCOVERED
RCM-06648,content/org/apache/commons/rng/rng-1.5.buildspec,455676c16930356e0361ef8d41e396429ff33eb37f14df489feb2da45cbc3e77,org.apache.commons,commons-rng-parent,1.5,mvn,mvn,8,https://github.com/apache/commons-rng.git,rel/commons-rng-${version},,mvn -Prelease clean package -DskipTests -Dmaven.javadoc.skip -Dgpg.skip -Dcyclonedx.skip -Dcommons.release.dryRun -Dcommons.release.isDistModule=false,,true,false,DISCOVERED
RCM-06552,content/org/apache/commons/commons-skin/commons-skin-5.1.0.buildspec,808705b3e2cc1a6bd08f69f5a83387cd7091ceb6e3f07657f8c9494b9b4e46a1,org.apache.commons,commons-skin,5.1.0,mvn,mvn,21,https://github.com/apache/${artifactId}.git,rel/${artifactId}-${version},,mvn clean verify -DskipTests -Dgpg.skip -Dmaven.javadoc.skip -Dbuildinfo.ignore=,,true,false,DISCOVERED
RCM-06654,content/org/apache/commons/statistics/commons-statistics-1.3.buildspec,25b069e13bdd4c0f455cb73db95596d0418b21a677e4ff90700d0b893dac1408,org.apache.commons,commons-statistics-parent,1.3,mvn-3.9.12,mvn-3.9.12,11,https://github.com/apache/commons-statistics.git,rel/commons-statistics-${version},,mvn -Prelease clean package -DskipTests -Dmaven.javadoc.skip -Dgpg.skip -Dspdx.skip -Dcommons.release.dryRun -Dcommons.release.isDistModule=false -Dbuildinfo.ignore=,,true,false,DISCOVERED
RCM-06557,content/org/apache/commons/commons-text/commons-text-1.14.0.buildspec,9c10dcd10c073b80ff07de219c8a1dff97c8cea851e27ecdbc3864408792d56c,org.apache.commons,commons-text,1.14.0,mvn,mvn,21,https://github.com/apache/commons-text.git,rel/commons-text-${version},,mvn clean verify -DskipTests -Dgpg.skip -Dmaven.javadoc.skip -Dbuildinfo.ignore=,,true,false,DISCOVERED
RCM-06562,content/org/apache/commons/commons-vfs2/commons-vfs2-2.10.0.buildspec,6c67bcef67c7710153a22578eb13296fcc4cafdbc679f24644587db350dfd2b6,org.apache.commons,commons-vfs2,2.10.0,mvn,mvn,21,https://github.com/apache/commons-vfs.git,rel/commons-vfs-${version},,mvn clean verify -DskipTests -Dgpg.skip -Dmaven.javadoc.skip -Dbuildinfo.ignore=,,true,false,DISCOVERED
RCM-06659,content/org/apache/cxf/cxf-build-utils/cxf-build-utils-4.1.2.buildspec,8e4f0875806dd2eb76f1aead68aeefa0944fcfb9786cde81f512dc775c0ada67,org.apache.cxf.build-utils,cxf-build-utils,4.1.2,mvn-3.9.9,mvn-3.9.9,17,https://github.com/apache/${artifactId}.git,${artifactId}-${version},,mvn -Papache-release clean package -DskipTests -Dmaven.javadoc.skip -Dgpg.skip,,true,false,DISCOVERED
RCM-06665,content/org/apache/cxf/fediz/fediz-1.7.0.buildspec,402bf740683d43cb98e94ef36f0710df8c9a093f965a50674d88abf110ff2f3a,org.apache.cxf.fediz,fediz,1.7.0,mvn,mvn,11,https://github.com/apache/cxf-${artifactId}.git,${artifactId}-${version},,mvn -Papache-release clean package -DskipTests -Dmaven.javadoc.skip -Dgpg.skip,,true,false,DISCOVERED
RCM-06669,content/org/apache/cxf/xjc-utils/xjc-utils-3.3.4.buildspec,ec6517675a9f0fdf8d8f01acbfc404fad4f9c2b39a8d8b733d89e5e3eea8a8fc,org.apache.cxf.xjc-utils,xjc-utils,3.3.4,mvn-3.9.3,mvn-3.9.3,11,https://github.com/apache/cxf-${artifactId}.git,${artifactId}-${version},,mvn -Papache-release clean package -DskipTests -Dmaven.javadoc.skip -Dgpg.skip,,true,false,DISCOVERED
RCM-06681,content/org/apache/directory/api/api-2.1.4.buildspec,59cef5128be60243c912d3440a863d3e6e1aea516d502c8a65239410b6083c7e,org.apache.directory.api,api-parent,2.1.4,mvn-3.8.6,mvn-3.8.6,8,https://github.com/apache/directory-ldap-api.git,${version},,mvn -Papache-release clean verify -DskipTests -Dmaven.javadoc.skip -Dgpg.skip,,true,false,DISCOVERED
RCM-06690,content/org/apache/directory/project/project-50.buildspec,2fb8de75b17965d99fdfa5996c8df341ba59ea6a17798150b66633d7e3821594,org.apache.directory.project,project,50,mvn-3.8.6,mvn-3.8.6,8,https://github.com/apache/directory-${artifactId}.git,${version},,mvn -Papache-release clean package -DskipTests -Dmaven.javadoc.skip -Dgpg.skip,,true,false,DISCOVERED
RCM-06692,content/org/apache/directory/scimple/scimple-1.0.0-M1.buildspec,7518d707f6aa9301059d1711b96cf56df4b1a14007ff1e9985d0c6d4e8f394b0,org.apache.directory.scimple,scimple,1.0.0-M1,mvn-3.9.4,mvn-3.9.4,17,https://github.com/apache/directory-scimple.git,${version},,mvn -Papache-release clean package -DskipTests -Dmaven.javadoc.skip -Dgpg.skip,,true,false,DISCOVERED
RCM-06695,content/org/apache/drill/drill-1.21.1.buildspec,38e550b128c47f4e5ed418a8f88ef74214f7eaffe9ab0790528b99f24cfc1ab7,org.apache.drill,drill-root,1.21.1,mvn,mvn,17,https://github.com/apache/drill.git,drill-${version},,mvn -Papache-release clean package -DskipTests -Dmaven.javadoc.skip -Dgpg.skip,,true,false,DISCOVERED
RCM-06720,content/org/apache/dubbo/dubbo-3.0.13.buildspec,8a36cdc2f60beb93275c393f4281501de738fdede80ca028f4aec326cbbde42a,org.apache.dubbo,dubbo,3.0.13,mvn-3.9.3,mvn-3.9.3,8,https://github.com/apache/${artifactId}.git,${artifactId}-${version},,mvn -Prelease clean verify -DskipTests -Dmaven.javadoc.skip -Dgpg.skip,,true,false,DISCOVERED
RCM-06803,content/org/apache/felix/pom/felix-parent-9.buildspec,353f0f52f51501400648d1e0a7f0d08ad76192b6abd82ab05e8b1b4d1dfaf82b,org.apache.felix,felix-parent,9,mvn,mvn,8,https://github.com/apache/felix-dev.git,${artifactId}-${version},,mvn -f ${root} -Papache-release clean package -DskipTests -Dmaven.javadoc.skip -Dgpg.skip,,true,false,DISCOVERED
RCM-06791,content/org/apache/felix/maven-bundle-plugin/maven-bundle-plugin-5.1.5.buildspec,b79378d1e0f05360e44e38450bce7f0bb380b03ce638381b4300ba7158cea419,org.apache.felix,maven-bundle-plugin,5.1.5,mvn,mvn,8,https://github.com/apache/felix-dev.git,${artifactId}-${version},,mvn -f ${root} -Papache-release clean package -DskipTests -Dmaven.javadoc.skip -Dgpg.skip,,true,false,DISCOVERED
RCM-06787,content/org/apache/felix/features/felix-features-1.0.2.buildspec,2040237d93e00de138891dc54bed77f464795a2230ca79a56bf1b910ab4bf131,org.apache.felix,org.apache.felix.feature,1.0.2,mvn,mvn,11,https://github.com/apache/felix-dev.git,${artifactId}-${version},,mvn -f ${root} -Papache-release clean package -DskipTests -Dmaven.javadoc.skip -Dgpg.skip,,true,false,DISCOVERED
RCM-06798,content/org/apache/felix/org.apache.felix.healthcheck.core/org.apache.felix.healthcheck.core-2.1.0.buildspec,c7a0275871a151a77b8201339ee3618630c5c2d7e2d1e4aa8676ba0b6519c641,org.apache.felix,org.apache.felix.healthcheck.core,2.1.0,mvn,mvn,11,https://github.com/apache/felix-dev.git,${artifactId}-${version},,mvn -f healthcheck/core -Papache-release clean package -DskipTests -Dmaven.javadoc.skip -Dgpg.skip,,true,false,DISCOVERED
RCM-06788,content/org/apache/felix/http/parent/felix-http-parent-13.buildspec,0e03fea98fd6e1c9984756c281f0d7b8d0f4bac606e715cdd53370b2d021c467,org.apache.felix,org.apache.felix.http.parent,13,mvn,mvn,8,https://github.com/apache/felix-dev.git,${artifactId}-${version},,mvn -f ${root} -Papache-release clean package -DskipTests -Dmaven.javadoc.skip -Dgpg.skip,,true,false,DISCOVERED
RCM-06809,content/org/apache/flink/flink-kubernetes-operator/flink-kubernetes-operator-1.14.0.buildspec,15d023cd02708e2d2723dd5d22cf3f4d8af8dfacc6b74f2da7f1db5d3cdb2ff9,org.apache.flink,flink-kubernetes-operator-parent,1.14.0,mvn,mvn,17,https://github.com/apache/flink-kubernetes-operator.git,release-${version},,mvn -Papache-release clean package -DskipTests -Dmaven.javadoc.skip -Dgpg.skip,,true,false,DISCOVERED
RCM-07770,content/org/apache/mina/ftpserver/mina-ftpserver-1.2.0.buildspec,6e090199f674322601da51a3987072e92e4ef03cbc5b57e3cf9303d36bf39066,org.apache.ftpserver,ftpserver-parent,1.2.0,mvn-3.9.3,mvn-3.9.3,8,https://github.com/apache/mina-ftpserver.git,${version},,mvn -Papache-release clean package -DskipTests -Dmaven.javadoc.skip -Dgpg.skip,,true,false,DISCOVERED
RCM-06816,content/org/apache/helix/helix-1.3.1.buildspec,b7e218f58df3a5ba7a2a12e9b4cb6271f62b3d2dcb3f1007b0abf55dee56a9f4,org.apache.helix,helix,1.3.1,mvn,mvn,11,https://github.com/apache/${artifactId}.git,${artifactId}-${version},,SHELL mvn -Papache-release clean package -DskipTests -Dmaven.javadoc.skip -Dgpg.skip,,false,true,DISCOVERED
RCM-06828,content/org/apache/hive/hive-4.1.0.buildspec,667384845a51e12cdadfee90075e793714ca0c6c696c6d07df2ef0d999c64e09,org.apache.hive,hive,4.1.0,mvn-3.9.6,mvn-3.9.6,17,https://github.com/apache/${artifactId}.git,rel/release-${version},,mvn -Papache-release clean package -DskipTests -Dmaven.javadoc.skip -Dgpg.skip,,true,false,DISCOVERED
RCM-06830,content/org/apache/httpcomponents/parent/httpcomponents-parent-12.buildspec,fd263968fb20409151094b1b22343049d330d43bbf1364240d13410700d53b29,org.apache.httpcomponents,httpcomponents-parent,12,mvn,mvn,8,https://github.com/apache/${artifactId}.git,rel/v${version},,mvn -Papache-release clean package -DskipTests -Dmaven.javadoc.skip -Dgpg.skip,,true,false,DISCOVERED
RCM-06833,content/org/apache/hugegraph/hugegraph-1.5.0.buildspec,9dbbc80954a284cae5ad2ed37ccc38486e2bc4151912be56c29a5c17b58e62c6,org.apache.hugegraph,hugegraph,1.5.0,mvn-3.8.8,mvn-3.8.8,11,https://github.com/apache/hugegraph.git,${version},,mvn -Papache-release package -DskipTests -Dmaven.javadoc.skip -Dgpg.skip,,true,false,DISCOVERED
RCM-06835,content/org/apache/ignite/ignite-2.17.0.buildspec,80f02de51a8dc173c7a601bd60637accb06df06be14e10fc5d8f0df12cdff7df,org.apache.ignite,apache-ignite,2.17.0,mvn-3.9.9,mvn-3.9.9,11,https://github.com/apache/ignite.git,${version},,mvn -Prelease -Drevision=${version} verify -DskipTests -Dmaven.javadoc.skip -Dgpg.skip,,true,false,DISCOVERED
RCM-06837,content/org/apache/isis/isis-2.0.0-M7.buildspec,3a03b5fea2f3e282f99b906b75dc95539ae9ba72f9aa41d318667cef4297e056,org.apache.isis,isis-parent,2.0.0-M7,mvn,mvn,11,https://github.com/apache/isis.git,rel/isis-${version},,mvn package -DskipTests -Dmaven.javadoc.skip -Dgpg.skip,,true,false,DISCOVERED
RCM-06856,content/org/apache/jackrabbit/filevault-package-maven-plugin/filevault-package-maven-plugin-1.1.4.buildspec,e830f6b6395bf6d7c41b5c80c680649f014096ca7c9a2e21d925bb2b730539d7,org.apache.jackrabbit,filevault-package-maven-plugin,1.1.4,mvn,mvn,8,https://github.com/apache/jackrabbit-${artifactId}.git,${artifactId}-${version},,mvn -Papache-release clean package -DskipTests -Dmaven.javadoc.skip -Dgpg.skip,,true,false,DISCOVERED
RCM-06900,content/org/apache/jackrabbit/oak/jackrabbit-oak-1.84.0.buildspec,21287bd7999555cea0022275691dad6c88033e5127f8a2ff34c0d19ac7ee79fa,org.apache.jackrabbit,jackrabbit-oak,1.84.0,mvn-3.9.11,mvn-3.9.11,11,https://github.com/apache/${artifactId}.git,${artifactId}-${version},,mvn -Papache-release package -DskipTests -Dmaven.javadoc.skip -Dgpg.skip,,true,false,DISCOVERED
RCM-06886,content/org/apache/jackrabbit/jackrabbit/jackrabbit-2.23.4-beta.buildspec,25ff420a57b8e767ab7db35c32aaa6c8583ff0152c88cd02a2b1f826e99bb313,org.apache.jackrabbit,jackrabbit-parent,2.23.4-beta,mvn,mvn,11,https://github.com/apache/jackrabbit.git,jackrabbit-${version},,mvn -Papache-release package -DskipTests -Dmaven.javadoc.skip -Dgpg.skip,,true,false,DISCOVERED
RCM-06853,content/org/apache/jackrabbit/filevault/jackrabbit-filevault-4.0.0.buildspec,b70532412aaa094f9ce9cb7842bcee3351ce7b17af24ff2da5b1d58ca3b8d773,org.apache.jackrabbit.vault,jackrabbit-filevault,4.0.0,mvn-3.9.3,mvn-3.9.3,11,https://github.com/apache/${artifactId}.git,${artifactId}-${version},,mvn -Papache-release clean package -DskipTests -Dmaven.javadoc.skip -Dgpg.skip,,true,false,DISCOVERED
RCM-06909,content/org/apache/jdo/jdo-3.2.buildspec,1264ed79e8c2d3905a4d78de1fd65a36a307558551e71c753659a393a7f1d6cd,org.apache.jdo,jdo,3.2,mvn,mvn,8,https://github.com/apache/db-jdo.git,v${version},https://repo.maven.apache.org/maven2/org/apache/jdo/${version}/jdo-${version}-source-release.zip,mvn -Papache-release clean package -DskipTests -Dmaven.javadoc.skip -Dgpg.skip,,true,false,DISCOVERED
RCM-06916,content/org/apache/jena/jena/jena-4.1.0.buildspec,11f902aa23bb7f41f463684c3dddc93b7b476bc3d413f7595706775fe7f5546b,org.apache.jena,jena,4.1.0,mvn,mvn,11,https://github.com/apache/${artifactId}.git,${artifactId}-${version},,mvn -Papache-release clean package -DskipTests -Dmaven.javadoc.skip -Dgpg.skip -Dbuild.time.xsd=${buildTimeXsd},,true,false,DISCOVERED
RCM-06940,content/org/apache/johnzon/johnzon-2.0.2.buildspec,3abf4ba668e9abf6e77f4d17f83e3212169e28741d34b5571b80653a92bed217,org.apache.johnzon,johnzon,2.0.2,mvn,mvn,17,https://github.com/apache/johnzon.git,v${version},,mvn -Papache-release clean package -DskipTests -Dmaven.javadoc.skip -Dgpg.skip,,true,false,DISCOVERED
RCM-06943,content/org/apache/jspwiki/jspwiki-2.11.0.M7.buildspec,7b561f1f4547f8ca815362774a3df7e669f35ea325a203e0c96bdf5e05073170,org.apache.jspwiki,jspwiki-builder,2.11.0.M7,mvn,mvn,8,https://github.com/apache/jspwiki.git,${version},,mvn -Papache-release clean package -DskipTests -Dmaven.javadoc.skip -Dgpg.skip,,true,false,DISCOVERED
RCM-06953,content/org/apache/karaf/cellar/cellar-4.4.8.buildspec,e4f790b546c2791be15b30859329958f643026aee072964c09b19c39246bdb71,org.apache.karaf,cellar,4.4.8,mvn,mvn,11,https://github.com/apache/karaf-${artifactId}.git,${artifactId}-${version},,"mvn -Prelease,deploy clean package -DskipTests -Dmaven.javadoc.skip -Dgpg.skip -Dbuildinfo.skipModules=",,true,false,DISCOVERED
RCM-06957,content/org/apache/karaf/decanter/karaf-decanter-2.9.0.buildspec,dc657afd700f4e865dddc5d181fd65db265764597896013e3ea15af941187e3c,org.apache.karaf,decanter,2.9.0,mvn,mvn,8,https://github.com/apache/karaf-${artifactId}.git,${artifactId}-${version},,mvn -Papache-release clean package -DskipTests -Dmaven.javadoc.skip -Dgpg.skip,,true,false,DISCOVERED
RCM-06961,content/org/apache/karaf/karaf/karaf-4.4.0.buildspec,0d4daaff7854cf47ae2699950a473d4556e62c0163d4e81078c3097125190c9b,org.apache.karaf,karaf,4.4.0,mvn,mvn,11,https://github.com/apache/${artifactId}.git,${artifactId}-${version},,mvn -Papache-release clean package -DskipTests -Dmaven.javadoc.skip -Dgpg.skip,,true,false,DISCOVERED
RCM-06971,content/org/apache/karaf/minho/minho-0.1.buildspec,13b090e22364c07de7797d20587ceb13bfe0c0eddfa66ee685ad4fa47997ca8a,org.apache.karaf.minho,minho,0.1,mvn,mvn,11,https://github.com/apache/karaf-${artifactId}.git,${artifactId}-${version},,mvn -Papache-release clean package -DskipTests -Dmaven.javadoc.skip -Dgpg.skip,,true,false,DISCOVERED
RCM-07012,content/org/apache/logging/parent/logging-parent-10.1.0.buildspec,c49ff81dd768a96699740c5ba1b46e07d0aef2273773b0364cffa125882b80c3,org.apache.logging,logging-parent,10.1.0,mvn,mvn,17,https://github.com/apache/${artifactId}.git,rel/${version},,mvn clean package -DskipTests -Dmaven.javadoc.skip -Dgpg.skip,,true,false,DISCOVERED
RCM-06985,content/org/apache/logging/log4j/log4j/log4j-2.24.1.buildspec,45083c8242f205e39cca15ca5a0d28d2a5cc3b72d3a977d751f0ff1859f88cd0,org.apache.logging.log4j,log4j,2.24.1,mvn-3.9.3,mvn-3.9.3,17,https://github.com/apache/logging-log4j2.git,rel/${version},,mvn -Prelease clean package -DskipTests -Dmaven.javadoc.skip,,true,false,DISCOVERED
RCM-06972,content/org/apache/logging/log4j/log4j-jmx-gui/log4j-jmx-gui-2.22.0.buildspec,3cf25cc73438c20cc9bc1c7de29f70dd8b653d4211220055bdf5150a2efb2231,org.apache.logging.log4j,log4j-jmx-gui,2.22.0,mvn,mvn,17,https://github.com/apache/logging-log4j-jmx-gui.git,rel/${version},,mvn -Prelease clean package -DskipTests -Dmaven.javadoc.skip -Dgpg.skip,,true,false,DISCOVERED
RCM-07007,content/org/apache/logging/log4j/tools/log4j-tools-0.8.0.buildspec,262046828b12b45f4054dd4a6138895949e7b20689379ff1f741ca06517a7228,org.apache.logging.log4j,log4j-tools-bom,0.8.0,mvn-3.9.0,mvn-3.9.0,17,https://github.com/apache/logging-log4j-tools.git,rel/${version},,mvn clean package -DskipTests -Dmaven.javadoc.skip -Drevision=${version},,true,false,DISCOVERED
RCM-07010,content/org/apache/logging/log4j/transform/log4j-transform-0.2.0.buildspec,a9682d77f5af5a7836136f5344b563ddd71816da14897b93a6e0bc0cba530d1a,org.apache.logging.log4j,log4j-transform-bom,0.2.0,mvn-3.9.8,mvn-3.9.8,17,https://github.com/apache/logging-log4j-transform.git,rel/${version},,mvn -Prelease clean package -DskipTests -Dmaven.javadoc.skip -Dgpg.skip,,true,false,DISCOVERED
RCM-07151,content/org/apache/maven/maven/maven-4.0.0-alpha-2.buildspec,b62d416651a755946c996c6eca05cca18504e0ca04442b3e1bed34b93fa1f516,org.apache.maven,maven,4.0.0-alpha-2,mvn,mvn,8,https://github.com/apache/${artifactId}.git,${artifactId}-${version},https://archive.apache.org/dist/maven/maven-4/${version}/source/apache-maven-${version}-src.zip,mvn -Papache-release clean package -DskipTests -Dmaven.javadoc.skip -Dgpg.skip -DbuildNumber=${buildNumber},,true,false,DISCOVERED
RCM-07651,content/org/apache/maven/shared/archiver/maven-archiver-3.6.2.buildspec,96542c5ebbe9f9b0bda6a695fad32f860c6c965606303c7c66dd88742b863c73,org.apache.maven,maven-archiver,3.6.2,mvn,mvn,21,https://github.com/apache/${artifactId}.git,${artifactId}-${version},,mvn -Papache-release clean package -DskipTests -Dmaven.javadoc.skip -Dgpg.skip,,true,false,DISCOVERED
RCM-07177,content/org/apache/maven/parent/maven-parent-45.buildspec,ffdea6a0ec93a86f2039dddab67365b8a49b061e130c319f108bdd119d1d6cf3,org.apache.maven,maven-parent,45,mvn,mvn,17,https://github.com/apache/${artifactId}.git,${artifactId}-${version},,mvn -Papache-release clean package -DskipTests -Dmaven.javadoc.skip -Dgpg.skip,,true,false,DISCOVERED
RCM-07031,content/org/apache/maven/archetype/archetype-3.2.0.buildspec,456e77132cbc4721700e850856c109b476711bc44885c8764058c25d26b1ab06,org.apache.maven.archetype,maven-archetype,3.2.0,mvn,mvn,8,https://github.com/apache/${artifactId}.git,${artifactId}-${version},,mvn -Papache-release clean package -DskipTests -Dmaven.javadoc.skip -Dgpg.skip,,true,false,DISCOVERED
RCM-07037,content/org/apache/maven/archetypes/archetypes-1.5.buildspec,6d1a58ce84fee0f4dc6de2fd606fece8297d3d8299bdc401e465ab58c4797dd0,org.apache.maven.archetypes,maven-archetype-bundles,1.5,mvn-3.9.8,mvn-3.9.8,22,https://github.com/apache/maven-archetypes.git,${artifactId}-${version},,mvn -Papache-release clean package -DskipTests -Dmaven.javadoc.skip -Dgpg.skip,,true,false,DISCOVERED
RCM-07046,content/org/apache/maven/doxia/doxia/doxia-2.0.0-M12.buildspec,1588e509a758bcaee6cf662db5ae06e1743b07370bc09683928084e4973f9142,org.apache.maven.doxia,doxia,2.0.0-M12,mvn,mvn,8,https://github.com/apache/maven-${artifactId}.git,${artifactId}-${version},,mvn -Papache-release clean package -DskipTests -Dmaven.javadoc.skip -Dgpg.skip,,true,false,DISCOVERED
RCM-07038,content/org/apache/maven/doxia/doxia-converter/doxia-converter-1.3.buildspec,07b08e6feb8d9cc147b58476322bccad2d15eca265012d666c24a23bd85ae4b6,org.apache.maven.doxia,doxia-converter,1.3,mvn,mvn,8,https://github.com/apache/maven-${artifactId}.git,${artifactId}-${version},,mvn -Papache-release clean package -DskipTests -Dmaven.javadoc.skip -Dgpg.skip,,true,false,DISCOVERED
RCM-07075,content/org/apache/maven/doxia/doxia-sitetools/doxia-sitetools-2.0.0-M8.buildspec,29a950e9c5e3e9db5c542d4968c9d8df47a875d81b53a1b5ead3adc2f69f030f,org.apache.maven.doxia,doxia-sitetools,2.0.0-M8,mvn,mvn,8,https://github.com/apache/maven-${artifactId}.git,${artifactId}-${version},https://archive.apache.org/dist/maven/doxia/${artifactId}-${version}-source-release.zip,mvn -Papache-release clean package -DskipTests -Dmaven.javadoc.skip -Dgpg.skip,,true,false,DISCOVERED
RCM-07084,content/org/apache/maven/enforcer/maven-enforcer-plugin-3.6.0.buildspec,07b01996d177ac665d5baa69eacc8ae933e409457378c6fb2c43bb8efe66fbb3,org.apache.maven.enforcer,enforcer,3.6.0,mvn-3.9.9,mvn-3.9.9,21,https://github.com/apache/maven-${artifactId}.git,${artifactId}-${version},,mvn -Papache-release clean package -DskipTests -Dmaven.javadoc.skip -Dgpg.skip,,true,false,DISCOVERED
RCM-07088,content/org/apache/maven/executor/executor-1.0.0.buildspec,5c9a2e396db0cc5947fb6393344ada5668d16af1062cbb2c111d49746ddb6b5e,org.apache.maven.executor,executor,1.0.0,mvn-3.9.12,mvn-3.9.12,21,https://github.com/apache/maven-executor.git,${artifactId}-${version},,mvn -Papache-release clean package -DskipTests -Dmaven.javadoc.skip -Dgpg.skip,,true,false,DISCOVERED
RCM-07090,content/org/apache/maven/extensions/maven-build-cache-extension/maven-build-cache-extension-1.0.1.buildspec,80e27a19efd8718ffe31b4ac4cdc90bf689604ecaf03ceb26c436ad2b34e4697,org.apache.maven.extensions,maven-build-cache-extension,1.0.1,mvn-3.9.3,mvn-3.9.3,11,https://github.com/apache/maven-build-cache-extension.git,${artifactId}-${version},,mvn -Papache-release clean package -DskipTests -Dmaven.javadoc.skip -Dgpg.skip,,true,false,DISCOVERED
RCM-07107,content/org/apache/maven/indexer/maven-indexer-7.1.2.buildspec,5586e32178da899a695b61515292033b6b3cf18e07fd9e4689cf9e939553d243,org.apache.maven.indexer,maven-indexer,7.1.2,mvn-3.9.1,mvn-3.9.1,21,https://github.com/apache/${artifactId}.git,${artifactId}-${version},,mvn -Papache-release clean package -DskipTests -Dmaven.javadoc.skip -Dgpg.skip,,true,false,DISCOVERED
RCM-07117,content/org/apache/maven/jxr/jxr-3.4.0.buildspec,1d475aee75ac44f020bd726c72a0fd8f37a45adb01e447334896105d734d6683,org.apache.maven.jxr,jxr,3.4.0,mvn,mvn,8,https://github.com/apache/maven-${artifactId}.git,${artifactId}-${version},,mvn -Papache-release clean package -DskipTests -Dmaven.javadoc.skip -Dgpg.skip,,true,false,DISCOVERED
RCM-07489,content/org/apache/maven/plugin-testing/maven-plugin-testing/maven-plugin-testing-4.0.0-beta-4.buildspec,22bc1be85bc2dc91bf24be61bb4b777cb2648b6d04af0ae4862c9fdf17f2ade7,org.apache.maven.plugin-testing,maven-plugin-testing,4.0.0-beta-4,mvn-4.0.0-rc-3,mvn-4.0.0-rc-3,21,https://gitbox.apache.org/repos/asf/maven-plugin-testing.git,v${version},,mvn -Papache-release clean package -DskipTests -Dmaven.javadoc.skip -Dgpg.skip,,true,false,DISCOVERED
RCM-07502,content/org/apache/maven/plugin-tools/maven-plugin-tools/maven-plugin-tools-3.6.4.buildspec,ad3815c4351f0aec05941d98a1fbc406df6382c18ced3eddc35f8ffd0eeea387,org.apache.maven.plugin-tools,maven-plugin-tools,3.6.4,mvn,mvn,8,https://github.com/apache/${artifactId}.git,${artifactId}-${version},,mvn -Papache-release clean package -DskipTests -Dmaven.javadoc.skip -Dgpg.skip,,true,false,DISCOVERED
RCM-07182,content/org/apache/maven/plugins/maven-acr-plugin/maven-acr-plugin-3.2.0.buildspec,5d9a8b53f0904f6c1936b7ea68c4bba528d3c5b5ac93ce1c463c6ea36d18f734,org.apache.maven.plugins,maven-acr-plugin,3.2.0,mvn-3.9.11,mvn-3.9.11,25,https://github.com/apache/${artifactId}.git,${artifactId}-${version},,mvn -Papache-release clean package -DskipTests -Dmaven.javadoc.skip -Dgpg.skip,,true,false,DISCOVERED
RCM-07185,content/org/apache/maven/plugins/maven-antrun-plugin/maven-antrun-plugin-3.2.0.buildspec,e871014f70985a7fd34224ba6683bcbc282b4a7f921f232669ea91bf02d33113,org.apache.maven.plugins,maven-antrun-plugin,3.2.0,mvn,mvn,21,https://github.com/apache/${artifactId}.git,${artifactId}-${version},,mvn -Papache-release clean package -DskipTests -Dmaven.javadoc.skip -Dgpg.skip,,true,false,DISCOVERED
RCM-07196,content/org/apache/maven/plugins/maven-artifact-plugin/maven-artifact-plugin-3.6.0.buildspec,3cb4f525960d8e9a74af085f1c24d9906f3a470ee8949c5ad2795127781b96bd,org.apache.maven.plugins,maven-artifact-plugin,3.6.0,mvn,mvn,11,https://github.com/apache/${artifactId}.git,${artifactId}-${version},,mvn -Papache-release clean package -Dmaven.javadoc.skip -Dgpg.skip,,true,false,DISCOVERED
RCM-07203,content/org/apache/maven/plugins/maven-assembly-plugin/maven-assembly-plugin-3.6.0.buildspec,e5012d17cc43afbc68e78878437411300cee68702eedf134820fbc011bb258cf,org.apache.maven.plugins,maven-assembly-plugin,3.6.0,mvn,mvn,17,https://github.com/apache/${artifactId}.git,${artifactId}-${version},,mvn -Papache-release clean package -DskipTests -Dmaven.javadoc.skip -Dgpg.skip,,true,false,DISCOVERED
RCM-07208,content/org/apache/maven/plugins/maven-changelog-plugin/maven-changelog-plugin-3.0.0-M2.buildspec,5d58c6895308944d35f37672a916f2a696973e03a117f0ba6b9889cef12e6398,org.apache.maven.plugins,maven-changelog-plugin,3.0.0-M2,mvn-3.9.12,mvn-3.9.12,25,https://github.com/apache/${artifactId}.git,${artifactId}-${version},,mvn -Papache-release clean package -DskipTests -Dmaven.javadoc.skip -Dgpg.skip,,true,false,DISCOVERED
RCM-07209,content/org/apache/maven/plugins/maven-changes-plugin/maven-changes-plugin-3.0.0-M1.buildspec,8824f4bc4bccaecac070620064d16fa755e19e76d057d428c4e26a3023f955d1,org.apache.maven.plugins,maven-changes-plugin,3.0.0-M1,mvn,mvn,21,https://github.com/apache/${artifactId}.git,${artifactId}-${version},,mvn -Papache-release clean package -DskipTests -Dmaven.javadoc.skip -Dgpg.skip,,true,false,DISCOVERED
RCM-07217,content/org/apache/maven/plugins/maven-checkstyle-plugin/maven-checkstyle-plugin-3.3.0.buildspec,65bad87c6d0a3e91e35df162fe25be4860904a106d191fafe112458c0e83d27a,org.apache.maven.plugins,maven-checkstyle-plugin,3.3.0,mvn,mvn,8,https://github.com/apache/${artifactId}.git,${artifactId}-${version},,mvn -Papache-release clean package -DskipTests -Dmaven.javadoc.skip -Dgpg.skip,,true,false,DISCOVERED
RCM-07229,content/org/apache/maven/plugins/maven-clean-plugin/maven-clean-plugin-4.0.0-beta-2.buildspec,a3d62e3039592cede0848f8170c832910df889741d63f2910edecaf6eccb061c,org.apache.maven.plugins,maven-clean-plugin,4.0.0-beta-2,mvn-4.0.0-rc-2,mvn-4.0.0-rc-2,21,https://github.com/apache/${artifactId}.git,${artifactId}-${version},,mvn -Papache-release clean package -DskipTests -Dmaven.javadoc.skip -Dgpg.skip,,true,false,DISCOVERED
RCM-07232,content/org/apache/maven/plugins/maven-compiler-plugin/maven-compiler-plugin-3.11.0.buildspec,16a0731967f8908f1afa204d0ab13a2566bf454b8b55e6bdaf634fe4e71e4219,org.apache.maven.plugins,maven-compiler-plugin,3.11.0,mvn,mvn,17,https://github.com/apache/${artifactId}.git,${artifactId}-${version},,mvn -Papache-release clean package -DskipTests -Dmaven.javadoc.skip -Dgpg.skip,,true,false,DISCOVERED
RCM-07254,content/org/apache/maven/plugins/maven-dependency-plugin/maven-dependency-plugin-3.7.1.buildspec,e062bafe85d007231236487f6ada3b479d8cca1a9df4be2b9e185b8c118fef87,org.apache.maven.plugins,maven-dependency-plugin,3.7.1,mvn,mvn,21,https://github.com/apache/${artifactId}.git,${artifactId}-${version},,mvn -Papache-release clean package -DskipTests -Dmaven.javadoc.skip -Dgpg.skip,,true,false,DISCOVERED
RCM-07258,content/org/apache/maven/plugins/maven-deploy-plugin/maven-deploy-plugin-3.0.0.buildspec,f7cf21f3d25cf1e1670dd81f9bfdde989074511f1ae5934b0875f62c761c70d6,org.apache.maven.plugins,maven-deploy-plugin,3.0.0,mvn,mvn,17,https://github.com/apache/${artifactId}.git,${artifactId}-${version},,"mvn -Papache-release,run-its clean package -DskipTests -Dinvoker.skip -Dmaven.javadoc.skip -Dgpg.skip",,true,false,DISCOVERED
RCM-07267,content/org/apache/maven/plugins/maven-doap-plugin/maven-doap-plugin-3.0.0-M1.buildspec,7efbd23dc4a5fc88a36bf5e027068e1cd731933e4346bc0eb676953b2d961e82,org.apache.maven.plugins,maven-doap-plugin,3.0.0-M1,mvn-3.9.11,mvn-3.9.11,25,https://github.com/apache/${artifactId}.git,${artifactId}-${version},,mvn -Papache-release clean package -DskipTests -Dmaven.javadoc.skip -Dgpg.skip,,true,false,DISCOVERED
RCM-07268,content/org/apache/maven/plugins/maven-docck-plugin/maven-docck-plugin-1.2.buildspec,edc258d9a90595f203790d19a188c07bc75e24876ed036fbafb6287bf6139492,org.apache.maven.plugins,maven-docck-plugin,1.2,mvn,mvn,8,https://github.com/apache/maven-docck-plugin.git,${artifactId}-${version},,mvn -Papache-release clean package -DskipTests -Dmaven.javadoc.skip -Dgpg.skip,,true,false,DISCOVERED
RCM-07271,content/org/apache/maven/plugins/maven-ear-plugin/maven-ear-plugin-3.3.0.buildspec,404ba5a5eee6e377c0138e7b02ed868f155dcd6e4870e988387237a96264d39d,org.apache.maven.plugins,maven-ear-plugin,3.3.0,mvn,mvn,8,https://github.com/apache/${artifactId}.git,${artifactId}-${version},,"mvn -Papache-release,run-its clean package -DskipTests -Dinvoker.skip -Dmaven.javadoc.skip -Dgpg.skip",,true,false,DISCOVERED
RCM-07273,content/org/apache/maven/plugins/maven-ejb-plugin/maven-ejb-plugin-3.1.0.buildspec,555fd6e1aa228d292c55db7ba9f6370156f512f3a621f649d227ac0b66ac60f1,org.apache.maven.plugins,maven-ejb-plugin,3.1.0,mvn,mvn,8,https://github.com/apache/${artifactId}.git,${artifactId}-${version},,mvn -Papache-release clean package -DskipTests -Dmaven.javadoc.skip -Dgpg.skip,,true,false,DISCOVERED
RCM-07282,content/org/apache/maven/plugins/maven-gpg-plugin/maven-gpg-plugin-3.2.4.buildspec,d8da6a27d3fd76f6d76f5758cdd25e6fb9d4f30b0a0a69795fdf209af45a3cb9,org.apache.maven.plugins,maven-gpg-plugin,3.2.4,mvn,mvn,21,https://github.com/apache/${artifactId}.git,${artifactId}-${version},,mvn -Papache-release clean package -DskipTests -Dmaven.javadoc.skip -Dgpg.skip,,true,false,DISCOVERED
RCM-07287,content/org/apache/maven/plugins/maven-help-plugin/maven-help-plugin-3.3.0.buildspec,4147db27757593d95c3b4313a7c88032e720602508287ad9146ed4ca9a543154,org.apache.maven.plugins,maven-help-plugin,3.3.0,mvn,mvn,8,https://github.com/apache/${artifactId}.git,${artifactId}-${version},,mvn -Papache-release clean package -DskipTests -Dmaven.javadoc.skip -Dgpg.skip,,true,false,DISCOVERED
RCM-07299,content/org/apache/maven/plugins/maven-install-plugin/maven-install-plugin-3.1.4.buildspec,4afaafc77349fe15cc317f7d24675df9255f791e06cba6caa10024f4488be815,org.apache.maven.plugins,maven-install-plugin,3.1.4,mvn,mvn,21,https://github.com/apache/${artifactId}.git,${artifactId}-${version},,"mvn -Papache-release,run-its clean package -DskipTests -Dinvoker.skip -Dmaven.javadoc.skip -Dgpg.skip",,true,false,DISCOVERED
RCM-07309,content/org/apache/maven/plugins/maven-invoker-plugin/maven-invoker-plugin-3.6.0.buildspec,584e397c93972fcb7de0c2581f5bbad399307c53b540541f891c485a961a1ef9,org.apache.maven.plugins,maven-invoker-plugin,3.6.0,mvn,mvn,8,https://github.com/apache/${artifactId}.git,${artifactId}-${version},,mvn -Papache-release clean package -DskipTests -Dmaven.javadoc.skip -Dgpg.skip,,true,false,DISCOVERED
RCM-07321,content/org/apache/maven/plugins/maven-jar-plugin/maven-jar-plugin-3.4.2.buildspec,8dc07879275d72d44f3391c526db31c3d8c5d3109df825c42f95889a781832e9,org.apache.maven.plugins,maven-jar-plugin,3.4.2,mvn,mvn,21,https://github.com/apache/${artifactId}.git,${artifactId}-${version},,mvn -Papache-release clean package -DskipTests -Dmaven.javadoc.skip -Dgpg.skip,,true,false,DISCOVERED
RCM-07325,content/org/apache/maven/plugins/maven-jarsigner-plugin/maven-jarsigner-plugin-3.1.0.buildspec,12f324023b26b7369b04dd1ee40ab5a3545202993fdf3c5b85f8ceddd2c91535,org.apache.maven.plugins,maven-jarsigner-plugin,3.1.0,mvn,mvn,21,https://github.com/apache/${artifactId}.git,${artifactId}-${version},,mvn -Papache-release clean package -DskipTests -Dmaven.javadoc.skip -Dgpg.skip,,true,false,DISCOVERED
RCM-07330,content/org/apache/maven/plugins/maven-javadoc-plugin/maven-javadoc-plugin-3.11.3.buildspec,0257c5da4500c0e97da8672f6b38e13e584432fbe29d8310d266fce9f01f018e,org.apache.maven.plugins,maven-javadoc-plugin,3.11.3,mvn,mvn,21,https://github.com/apache/${artifactId}.git,${artifactId}-${version},,mvn -Papache-release clean package -Dmaven.javadoc.skip -Dgpg.skip -DskipTests,,true,false,DISCOVERED
RCM-07344,content/org/apache/maven/plugins/maven-jdeprscan-plugin/maven-jdeprscan-plugin-3.0.0.buildspec,1f690aba46b9de13f21ab7596a00c93809752a2c31f1c50f24aa7362f7252ee7,org.apache.maven.plugins,maven-jdeprscan-plugin,3.0.0,mvn,mvn,21,https://github.com/apache/${artifactId}.git,${artifactId}-${version},,mvn -Papache-release clean package -DskipTests -Dmaven.javadoc.skip -Dgpg.skip,,true,false,DISCOVERED
RCM-07345,content/org/apache/maven/plugins/maven-jdeps-plugin/maven-jdeps-plugin-3.2.0.buildspec,37de05d9ef273ff294403e987164ea776cd0127ff77476d4c638b2fd97eb94d2,org.apache.maven.plugins,maven-jdeps-plugin,3.2.0,mvn,mvn,21,https://github.com/apache/${artifactId}.git,${artifactId}-${version},,mvn -Papache-release clean package -DskipTests -Dmaven.javadoc.skip -Dgpg.skip,,true,false,DISCOVERED
RCM-07348,content/org/apache/maven/plugins/maven-jlink-plugin/maven-jlink-plugin-3.2.0.buildspec,83ebabda68bd0bf3be16da62c445fe995f41bdee0265a1b6c014153c3a131071,org.apache.maven.plugins,maven-jlink-plugin,3.2.0,mvn,mvn,21,https://github.com/apache/${artifactId}.git,${artifactId}-${version},,mvn -Papache-release clean package -DskipTests -Dmaven.javadoc.skip -Dgpg.skip,,true,false,DISCOVERED
RCM-07350,content/org/apache/maven/plugins/maven-jmod-plugin/maven-jmod-plugin-3.0.0.buildspec,21e67059e0a878ac7ddbbcfef8b1bef2a7b5f00cfa290cc8973df2543c0d879c,org.apache.maven.plugins,maven-jmod-plugin,3.0.0,mvn,mvn,25,https://github.com/apache/${artifactId}.git,${artifactId}-${version},,mvn -Papache-release clean package -DskipTests -Dmaven.javadoc.skip -Dgpg.skip,,true,false,DISCOVERED
RCM-07351,content/org/apache/maven/plugins/maven-patch-plugin/maven-patch-plugin-1.3.buildspec,ea2fbc0d2b489a2c700b7339cf747f7a4c72db70454b65dcaa05ca7e94193126,org.apache.maven.plugins,maven-patch-plugin,1.3,mvn,mvn,21,https://github.com/apache/${artifactId}.git,${artifactId}-${version},,mvn -Papache-release clean package -DskipTests -Dmaven.javadoc.skip -Dgpg.skip,,true,false,DISCOVERED
RCM-07355,content/org/apache/maven/plugins/maven-pdf-plugin/maven-pdf-plugin-1.6.2.buildspec,ef03578de173e2f7cba2a3b7667a4a35ac086062d6018b0469ddf2366523861a,org.apache.maven.plugins,maven-pdf-plugin,1.6.2,mvn,mvn,21,https://github.com/apache/${artifactId}.git,${artifactId}-${version},,mvn -Papache-release clean package -DskipTests -Dmaven.javadoc.skip -Dgpg.skip,,true,false,DISCOVERED
RCM-07369,content/org/apache/maven/plugins/maven-pmd-plugin/maven-pmd-plugin-3.26.0.buildspec,9e595942eb4f5faca7a513294544dab0a493ca78c88735c603f6da51eccbf464,org.apache.maven.plugins,maven-pmd-plugin,3.26.0,mvn,mvn,8,https://github.com/apache/${artifactId}.git,${artifactId}-${version},,mvn -Papache-release clean package -DskipTests -Dmaven.javadoc.skip -Dgpg.skip,,true,false,DISCOVERED
RCM-07375,content/org/apache/maven/plugins/maven-project-info-reports-plugin/maven-project-info-reports-plugin-3.2.1.buildspec,8791a50ee3c4d2bf3056c750702a2e30c7e704a93a68b511173653eb240deae2,org.apache.maven.plugins,maven-project-info-reports-plugin,3.2.1,mvn,mvn,8,https://github.com/apache/${artifactId}.git,${artifactId}-${version},,mvn -Papache-release clean package -DskipTests -Dmaven.javadoc.skip -Dgpg.skip,,true,false,DISCOVERED
RCM-07392,content/org/apache/maven/plugins/maven-rar-plugin/maven-rar-plugin-3.1.0.buildspec,a1b26564df74dc23fe5d4d88c9653cdb283bd78da0b67bbd1c4fefb7214cb7fc,org.apache.maven.plugins,maven-rar-plugin,3.1.0,mvn,mvn,21,https://github.com/apache/${artifactId}.git,${artifactId}-${version},,mvn -Papache-release clean package -DskipTests -Dmaven.javadoc.skip -Dgpg.skip,,true,false,DISCOVERED
RCM-07404,content/org/apache/maven/plugins/maven-release-plugin/maven-release-plugin-3.3.1.buildspec,fcbd1fd48042e36aad1deb2581f780031523274da559db0200702cba229f9c02,org.apache.maven.plugins,maven-release-plugin,3.3.1,mvn,mvn,21,https://github.com/apache/${baseArtifactId}.git,${baseArtifactId}-${version},https://archive.apache.org/dist/maven/release/maven-release-${version}-source-release.zip,mvn -Papache-release clean package -DskipTests -Dmaven.javadoc.skip -Dgpg.skip,,true,false,DISCOVERED
RCM-07408,content/org/apache/maven/plugins/maven-remote-resources-plugin/maven-remote-resources-plugin-3.3.0.buildspec,96f3cefaad5dfa1f79e335d0f6f7657a5550115b526aede07642bd44c60342e5,org.apache.maven.plugins,maven-remote-resources-plugin,3.3.0,mvn-4.0.0-rc-2,mvn-4.0.0-rc-2,21,https://github.com/apache/${artifactId}.git,${artifactId}-${version},,mvn -Papache-release clean package -DskipTests -Dmaven.javadoc.skip -Dgpg.skip -Dbuildinfo.ignore=,,true,false,DISCOVERED
RCM-07410,content/org/apache/maven/plugins/maven-resources-plugin/maven-resources-plugin-3.3.0.buildspec,9e0a70356dd2910a830bab4068b57b2d3f794006f067766db3f97e52104ce4e1,org.apache.maven.plugins,maven-resources-plugin,3.3.0,mvn,mvn,8,https://github.com/apache/${artifactId}.git,${artifactId}-${version},,mvn -Papache-release clean package -DskipTests -Dmaven.javadoc.skip -Dgpg.skip,,true,false,DISCOVERED
RCM-07416,content/org/apache/maven/plugins/maven-scm-publish-plugin/maven-scm-publish-plugin-3.2.1.buildspec,769f294b2e478a9d6f6208443b42486165f2b3b3faf35c922d3ed5c77cd63e24,org.apache.maven.plugins,maven-scm-publish-plugin,3.2.1,mvn,mvn,8,https://github.com/apache/${artifactId}.git,${artifactId}-${version},,mvn -Papache-release clean package -DskipTests -Dmaven.javadoc.skip -Dgpg.skip,,true,false,DISCOVERED
RCM-07419,content/org/apache/maven/plugins/maven-scripting-plugin/maven-scripting-plugin-3.1.0.buildspec,0ad00a3f3ed5cef644d10b9529d06950053df1cb4d332a88f0c1f9a7f104caa2,org.apache.maven.plugins,maven-scripting-plugin,3.1.0,mvn,mvn,25,https://github.com/apache/${artifactId}.git,${artifactId}-${version},,mvn -Papache-release clean package -DskipTests -Dmaven.javadoc.skip -Dgpg.skip,,true,false,DISCOVERED
RCM-07431,content/org/apache/maven/plugins/maven-shade-plugin/maven-shade-plugin-3.6.1.buildspec,bb5c51d8c64be365f820eaf122f83042d64a06fb847df1a7be374c12483a60e7,org.apache.maven.plugins,maven-shade-plugin,3.6.1,mvn,mvn,21,https://github.com/apache/${artifactId}.git,${artifactId}-${version},,mvn -Papache-release clean package -DskipTests -Dmaven.javadoc.skip -Dgpg.skip,,true,false,DISCOVERED
RCM-07443,content/org/apache/maven/plugins/maven-site-plugin/maven-site-plugin-4.0.0-M11.buildspec,468a218e4779a4d3be9848781578ce1bf7c3b3c55b5e0f0548993faa35ff7e5e,org.apache.maven.plugins,maven-site-plugin,4.0.0-M11,mvn,mvn,8,https://github.com/apache/${artifactId}.git,${artifactId}-${version},https://archive.apache.org/dist/maven/plugins/${artifactId}-${version}-source-release.zip,mvn -Papache-release clean package -DskipTests -Dmaven.javadoc.skip -Dgpg.skip,,true,false,DISCOVERED
RCM-07460,content/org/apache/maven/plugins/maven-source-plugin/maven-source-plugin-3.3.1.buildspec,5aa4130e1db6cc580100b8ec093797d472c2211b3f655c2c5f19101a51e7ae26,org.apache.maven.plugins,maven-source-plugin,3.3.1,mvn,mvn,11,https://github.com/apache/${artifactId}.git,${artifactId}-${version},,mvn -Papache-release clean package -DskipTests -Dmaven.javadoc.skip -Dgpg.skip,,true,false,DISCOVERED
RCM-07463,content/org/apache/maven/plugins/maven-toolchains-plugin/maven-toolchains-plugin-3.1.0.buildspec,1a93855bbbc97c7dea5947a2b2ab7d126a386944125a4f8b58da489cc4814956,org.apache.maven.plugins,maven-toolchains-plugin,3.1.0,mvn,mvn,8,https://github.com/apache/${artifactId}.git,${artifactId}-${version},,mvn -Papache-release clean package -DskipTests -Dmaven.javadoc.skip -Dgpg.skip,,true,false,DISCOVERED
RCM-07468,content/org/apache/maven/plugins/maven-war-plugin/maven-war-plugin-3.3.2.buildspec,ef178e162dadb1cb21f3d1323d4ebe95f3258cf145dbc7d18bd9d9f20fe13896,org.apache.maven.plugins,maven-war-plugin,3.3.2,mvn,mvn,8,https://github.com/apache/${artifactId}.git,${artifactId}-${version},,mvn -Papache-release clean package -DskipTests -Dmaven.javadoc.skip -Dgpg.skip,,true,false,DISCOVERED
RCM-07473,content/org/apache/maven/plugins/maven-wrapper-plugin/maven-wrapper-plugin-3.0.2.buildspec,d797ce2120e6fcbdea3bba83456783f127b5e40add146e2cc748009af4373733,org.apache.maven.plugins,maven-wrapper-plugin,3.0.2,mvn,mvn,8,https://github.com/apache/${artifactId}.git,${artifactId}-${version},,mvn -Papache-release clean package -DskipTests -Dmaven.javadoc.skip -Dgpg.skip,,true,false,DISCOVERED
RCM-07516,content/org/apache/maven/reporting/maven-reporting-api/maven-reporting-api-4.0.0-M1.buildspec,efe8fcc133b0e847764c27d70ba85f3acd68fac9556054f28da13bdab923a62d,org.apache.maven.reporting,maven-reporting-api,4.0.0-M1,mvn,mvn,8,https://github.com/apache/${artifactId}.git,${artifactId}-${version},,mvn -Papache-release clean package -DskipTests -Dmaven.javadoc.skip -Dgpg.skip,,true,false,DISCOVERED
RCM-07533,content/org/apache/maven/reporting/maven-reporting-exec/maven-reporting-exec-2.0.0-M1.buildspec,76c9335a83a2df5fd17996803efe47bf2ed7ad26985d2878842364c45ed3f005,org.apache.maven.reporting,maven-reporting-exec,2.0.0-M1,mvn,mvn,8,https://github.com/apache/${artifactId}.git,${artifactId}-${version},,mvn -Papache-release clean package -DskipTests -Dmaven.javadoc.skip -Dgpg.skip,,true,false,DISCOVERED
RCM-07550,content/org/apache/maven/reporting/maven-reporting-impl/maven-reporting-impl-4.0.0-M14.buildspec,369a168c1369f49821fdbb0d122ce02a4dc652feddfe02e470f1cb6899eebf08,org.apache.maven.reporting,maven-reporting-impl,4.0.0-M14,mvn,mvn,8,https://github.com/apache/${artifactId}.git,${artifactId}-${version},,mvn -Papache-release clean package -DskipTests -Dmaven.javadoc.skip -Dgpg.skip,,true,false,DISCOVERED
RCM-07605,content/org/apache/maven/resolver/maven-resolver/maven-resolver-1.9.7.buildspec,48e07791565be6dcf8aece12735e12f33d25e261f5b69a6d0406ebbbd5138b5f,org.apache.maven.resolver,maven-resolver,1.9.7,mvn-3.8.6,mvn-3.8.6,17,https://github.com/apache/${artifactId}.git,${artifactId}-${version},,mvn -Papache-release clean package -DskipTests -Dmaven.javadoc.skip -Dgpg.skip,,true,false,DISCOVERED
RCM-07567,content/org/apache/maven/resolver/maven-resolver-ant-tasks/maven-resolver-ant-tasks-1.5.2.buildspec,507226c81724c9f0d50ac6041daf4d7c3083735323b0f4d22e45378493d70457,org.apache.maven.resolver,maven-resolver-ant-tasks,1.5.2,mvn-4.0.0-rc-2,mvn-4.0.0-rc-2,21,https://github.com/apache/${artifactId}.git,${artifactId}-${version},,mvn -Papache-release clean package -DskipTests -Dmaven.javadoc.skip -Dgpg.skip,,true,false,DISCOVERED
RCM-07644,content/org/apache/maven/scm/maven-scm-2.0.1.buildspec,34402b9aa3ecd77f4184f2d67522ab7f8a9e3a4811989491762b0fad4d7e138b,org.apache.maven.scm,maven-scm,2.0.1,mvn,mvn,17,https://github.com/apache/${artifactId}.git,${artifactId}-${version},https://archive.apache.org/dist/maven/scm/${artifactId}-${version}-source-release.zip,mvn -Papache-release clean package -DskipTests -Dmaven.javadoc.skip -Dgpg.skip -Dspotless.check.skip,,true,false,DISCOVERED
RCM-07658,content/org/apache/maven/shared/file-management/file-management-3.2.0.buildspec,0d528e9920e46030747d65520bac99a3f367d98a3d7313081f287a10ac8921b9,org.apache.maven.shared,file-management,3.2.0,mvn,mvn,21,https://github.com/apache/maven-${artifactId}.git,v${version},,mvn -Papache-release clean package -DskipTests -Dmaven.javadoc.skip -Dgpg.skip,,true,false,DISCOVERED
RCM-07660,content/org/apache/maven/shared/maven-archiver/maven-archiver-4.0.0-beta-4.buildspec,b1ee7b27e0f058dfd11104f4788106affd41ebf41292f7fc3ffeaba0d139804b,org.apache.maven.shared,maven-archiver,4.0.0-beta-4,mvn-3.9.11,mvn-3.9.11,21,https://github.com/apache/${artifactId}.git,${artifactId}-${version},,mvn -Papache-release clean package -DskipTests -Dmaven.javadoc.skip -Dgpg.skip,,true,false,DISCOVERED
RCM-07662,content/org/apache/maven/shared/maven-artifact-transfer/maven-artifact-transfer-0.13.1.buildspec,abdcd54c775af0e52cd2b9b1eeb7609bc1978982a73f545768a8228f5416b349,org.apache.maven.shared,maven-artifact-transfer,0.13.1,mvn,mvn,8,https://github.com/apache/${artifactId}.git,${artifactId}-${version},,mvn -Papache-release clean package -DskipTests -Dmaven.javadoc.skip -Dgpg.skip,,true,false,DISCOVERED
RCM-07668,content/org/apache/maven/shared/maven-common-artifact-filters/maven-common-artifact-filters-3.4.0.buildspec,f2cd68e94d10409d1551d9af3ae839da944d58f68e846c3e1d25ad6b9f70c9b2,org.apache.maven.shared,maven-common-artifact-filters,3.4.0,mvn,mvn,8,https://github.com/apache/${artifactId}.git,${artifactId}-${version},,mvn -Papache-release clean package -DskipTests -Dmaven.javadoc.skip -Dgpg.skip,,true,false,DISCOVERED
RCM-07674,content/org/apache/maven/shared/maven-dependency-analyzer/maven-dependency-analyzer-1.13.2.buildspec,b29f561ce88038d569493f9806a112da7f4026434b97bfab7cd49b797cde55d1,org.apache.maven.shared,maven-dependency-analyzer,1.13.2,mvn,mvn,20,https://github.com/apache/${artifactId}.git,${artifactId}-${version},,mvn -Papache-release clean package -DskipTests -Dmaven.javadoc.skip -Dgpg.skip,,true,false,DISCOVERED
RCM-07685,content/org/apache/maven/shared/maven-dependency-tree/maven-dependency-tree-3.2.1.buildspec,2aa19ec1cc81c0a3e74bda4680e605635b7a8ce482582ead54124fabf67d0351,org.apache.maven.shared,maven-dependency-tree,3.2.1,mvn,mvn,11,https://github.com/apache/${artifactId}.git,${artifactId}-${version},,mvn -Papache-release clean package -DskipTests -Dmaven.javadoc.skip -Dgpg.skip,,true,false,DISCOVERED
RCM-07692,content/org/apache/maven/shared/maven-filtering/maven-filtering-3.5.0.buildspec,ca2d7056e9fbfc8dcaf7b2f854d75cd49513bcdf9d9f6ac99e64359fd750e779,org.apache.maven.shared,maven-filtering,3.5.0,mvn-3.9.12,mvn-3.9.12,21,https://github.com/apache/${artifactId}.git,${artifactId}-${version},,mvn -Papache-release clean package -DskipTests -Dmaven.javadoc.skip -Dgpg.skip,,true,false,DISCOVERED
RCM-07697,content/org/apache/maven/shared/maven-invoker/maven-invoker-3.3.0.buildspec,f93ac438e0cde86d554f8bca058c81a4f0d10bd5cb7d3950bcca647cd509f93c,org.apache.maven.shared,maven-invoker,3.3.0,mvn,mvn,21,https://github.com/apache/${artifactId}.git,${artifactId}-${version},,mvn -Papache-release clean package -DskipTests -Dmaven.javadoc.skip -Dgpg.skip,,true,false,DISCOVERED
RCM-07698,content/org/apache/maven/shared/maven-jarsigner/maven-jarsigner-3.1.0.buildspec,38e5895596204753d21f39732e79d001710ecda29ff156b3d0f14eb15ff9b422,org.apache.maven.shared,maven-jarsigner,3.1.0,mvn,mvn,22,https://github.com/apache/${artifactId}.git,${artifactId}-${version},,mvn -Papache-release clean package -DskipTests -Dmaven.javadoc.skip -Dgpg.skip,,true,false,DISCOVERED
RCM-07703,content/org/apache/maven/shared/maven-script-interpreter/maven-script-interpreter-1.7.buildspec,8b359ac992f6bbe99f47c8303c9fd566123e30ff8c29dde7465fceeaaf934ed0,org.apache.maven.shared,maven-script-interpreter,1.7,mvn-3.9.12,mvn-3.9.12,25,https://github.com/apache/${artifactId}.git,${artifactId}-${version},,mvn -Papache-release clean package -DskipTests -Dmaven.javadoc.skip -Dgpg.skip,,true,false,DISCOVERED
RCM-07706,content/org/apache/maven/shared/maven-shared-jar/maven-shared-jar-3.1.1.buildspec,2d2cd04d0b1b1a7c8c6088023f95e668fd73ae05a86b8d9cc492d23217046551,org.apache.maven.shared,maven-shared-jar,3.1.1,mvn,mvn,8,https://github.com/apache/${artifactId}.git,${artifactId}-${version},,mvn -Papache-release clean package -DskipTests -Dmaven.javadoc.skip -Dgpg.skip,,true,false,DISCOVERED
RCM-07711,content/org/apache/maven/shared/maven-shared-resources/maven-shared-resources-6.buildspec,1aad5411864d8e98c6f6e605f88d2a26729589d97f2abf49a68b3866485aa453,org.apache.maven.shared,maven-shared-resources,6,mvn,mvn,21,https://github.com/apache/${artifactId}.git,${artifactId}-${version},,mvn -Papache-release clean package -DskipTests -Dmaven.javadoc.skip -Dgpg.skip,,true,false,DISCOVERED
RCM-07714,content/org/apache/maven/shared/maven-shared-utils/maven-shared-utils-3.4.2.buildspec,95bc02f0b234ae247145f68ad945953f6cc7100db6e4f1fd25383c57df1a9eb2,org.apache.maven.shared,maven-shared-utils,3.4.2,mvn,mvn,17,https://github.com/apache/${artifactId}.git,${artifactId}-${version},,mvn -Papache-release clean package -DskipTests -Dmaven.javadoc.skip -Dgpg.skip,,true,false,DISCOVERED
RCM-07716,content/org/apache/maven/shared/maven-verifier/maven-verifier-1.7.2.buildspec,a5d1c0cc43aa2a300694d6a11dd1598747bcf777bf2c7834e5957a3d0dca22b8,org.apache.maven.shared,maven-verifier,1.7.2,mvn,mvn,8,https://github.com/apache/${artifactId}.git,${artifactId}-${version},,mvn -Papache-release clean package -DskipTests -Dmaven.javadoc.skip -Dgpg.skip,,true,false,DISCOVERED
RCM-07732,content/org/apache/maven/skins/fluido/maven-fluido-skin-2.0.0-M7.buildspec,84b0e379ef0d9ed2585e286ebfb277c8aa88eb7907b915853d71ccbb6e10329e,org.apache.maven.skins,maven-fluido-skin,2.0.0-M7,mvn,mvn,8,https://github.com/apache/${artifactId}.git,${artifactId}-${version},,mvn -Papache-release clean package -DskipTests -Dmaven.javadoc.skip -Dgpg.skip,,true,false,DISCOVERED
RCM-07758,content/org/apache/maven/surefire/surefire-3.5.6.buildspec,8a34c099f01a3333a4228b2600b453232278702ff3ff439664dbacd60b6ef2a7,org.apache.maven.surefire,surefire,3.5.6,mvn-3.9.11,mvn-3.9.11,21,https://github.com/apache/maven-${artifactId}.git,${artifactId}-${version},,mvn -Papache-release clean package -DskipTests -Dmaven.javadoc.skip -Dgpg.skip -Dspotless.skip,,true,false,DISCOVERED
RCM-07766,content/org/apache/maven/wagon/wagon/wagon-3.5.2.buildspec,91898ae691217c26002135ad068a7975e37c590ccd1a4d31969cc4ab52248a50,org.apache.maven.wagon,wagon,3.5.2,mvn,mvn,8,https://github.com/apache/maven-${artifactId}.git,${artifactId}-${version},https://archive.apache.org/dist/maven/wagon/${artifactId}-${version}-source-release.zip,mvn -Papache-release clean package -DskipTests -Dmaven.javadoc.skip -Dgpg.skip,,true,false,DISCOVERED
RCM-07480,content/org/apache/maven/plugins/maven-wrapper-plugin/wrapper-3.3.3.buildspec,86b37f4f6cd38a4b74ef4c8cb51606a1dd769b3d525bacaa80676d89e99a39c8,org.apache.maven.wrapper,maven-wrapper,3.3.3,mvn,mvn,21,https://github.com/apache/maven-wrapper.git,${artifactId}-${version},,mvn -Papache-release clean package -DskipTests -Dmaven.javadoc.skip -Dgpg.skip -Dspotless.skip,,true,false,DISCOVERED
RCM-07474,content/org/apache/maven/plugins/maven-wrapper-plugin/wrapper-3.1.0.buildspec,64e508977dfb7e0d0a231dc821959adaaf4b768e0644d0e6799b1228b04ab7f6,org.apache.maven.wrapper,maven-wrapper-parent,3.1.0,mvn,mvn,8,https://github.com/apache/maven-wrapper.git,${artifactId}-${version},,mvn -Papache-release clean package -DskipTests -Dmaven.javadoc.skip -Dgpg.skip,,true,false,DISCOVERED
RCM-07783,content/org/apache/mina/mina-2.2.1.buildspec,876d1c134a47f37f9e521622529dd332f13478f1584d014bbd183e092616ebc9,org.apache.mina,mina-parent,2.2.1,mvn-3.8.6,mvn-3.8.6,8,https://github.com/apache/mina.git,${version},,mvn -Papache-release clean package -DskipTests -Dmaven.javadoc.skip -Dgpg.skip,,true,false,DISCOVERED
RCM-07793,content/org/apache/netbeans/nbpackage/nbpackage-1.0-beta5.buildspec,37c1e10fe0cf30daf976ea228a86d1e7761af15b360c23d29a683cd4b7165da4,org.apache.netbeans,nbpackage,1.0-beta5,mvn,mvn,17,https://gitbox.apache.org/repos/asf/netbeans-nbpackage.git,${artifactId}-${version},,mvn -Papache-release clean package -DskipTests -Dmaven.javadoc.skip -Dgpg.skip,,true,false,DISCOVERED
RCM-07797,content/org/apache/netbeans/utilities/utilities-14.1.buildspec,10ea3ac872941a60c21e7d9340dadaa698a1e80f12c6f7fe24b2811d99b71d46,org.apache.netbeans.utilities,utilities-parent,14.1,mvn,mvn,11,https://gitbox.apache.org/repos/asf/netbeans-mavenutils-nbm-maven-plugin.git,${artifactId}-${version},,mvn -Papache-release clean package -DskipTests -Dmaven.javadoc.skip -Dgpg.skip,,true,false,DISCOVERED
RCM-07830,content/org/apache/nifi/nifi/nifi-1.20.0.buildspec,e590fbb2a546c59d5bfd8f38a444023a24c312d6021172d5655809099a62a26d,org.apache.nifi,nifi,1.20.0,mvn,mvn,8,https://github.com/apache/${artifactId}.git,rel/${artifactId}-${version},,SHELL export LC_ALL=en_US.UTF-8 ; MAVEN_OPTS=,,false,true,DISCOVERED
RCM-07804,content/org/apache/nifi/nifi-api/nifi-api-2.1.0.buildspec,b0b5393be3cf033bb1638264d8f5b5ceaee3f5f0acc3d369903ae2727d998082,org.apache.nifi,nifi-api,2.1.0,mvn-3.9.9,mvn-3.9.9,21,https://github.com/apache/nifi-api.git,${artifactId}-${version},,mvn -Papache-release clean package -DskipTests -Dmaven.javadoc.skip -Dgpg.skip,,true,false,DISCOVERED
RCM-07820,content/org/apache/nifi/nifi-nar-maven-plugin/nifi-nar-maven-plugin-2.2.0.buildspec,6e9f43d89a238004bb5518b1053648205a3adcf32a4f1954e9892d89ab8d28d7,org.apache.nifi,nifi-nar-maven-plugin,2.2.0,mvn-3.9.6,mvn-3.9.6,21,https://github.com/apache/nifi-maven.git,rel/${artifactId}-${version},,mvn -Papache-release clean package -DskipTests -Dmaven.javadoc.skip -Dgpg.skip,,true,false,DISCOVERED
RCM-07886,content/org/apache/orc/orc-2.0.2.buildspec,5901b21293b9d1cf7dddb868b92d57c3526c4e2ec29ba2c448ed61ba82cb357b,org.apache.orc,orc,2.0.2,mvn-3.9.8,mvn-3.9.8,17,https://github.com/apache/${artifactId}.git,rel/release-${version},,mvn -f java/pom.xml -Papache-release clean package -DskipTests -Dmaven.javadoc.skip -Dgpg.skip -Dcyclonedx.skip,,true,false,DISCOVERED
RCM-07902,content/org/apache/paimon/paimon-parent-0.6.0-incubating.buildspec,6eddfd6e5f3ad6ea77cc65c49ca5d91df046ad3c314fca96ff3268b65da0a2d9,org.apache.paimon,paimon-parent,0.6.0-incubating,mvn,mvn,8,https://github.com/apache/incubator-paimon.git,release-${version},,mvn -Papache-release clean package -DskipTests -Dmaven.javadoc.skip -Dgpg.skip -Dexec.skip,,true,false,DISCOVERED
RCM-07917,content/org/apache/paimon/shade/paimon-shade-0.8.0.buildspec,fe5b1bfde3548f677e53d884636eb25e7f4e815811370aef2bd84df62046a25e,org.apache.paimon,paimon-shade,0.8.0,mvn-3.9.4,mvn-3.9.4,8,https://github.com/apache/incubator-paimon-shade.git,release-${version},,mvn -Prelease clean package -DskipTests -Dmaven.javadoc.skip -Dgpg.skip,,true,false,DISCOVERED
RCM-07919,content/org/apache/pinot/pinot-1.5.1.buildspec,6d35e28f76d4c63b73c4c0f925339e0765f52495a66d016cdb6b88b8cab4dbf7,org.apache.pinot,pinot,1.5.1,mvn-3.9.12,mvn-3.9.12,21,https://github.com/apache/${artifactId}.git,release-${version},,mvn -Papache-release clean package -DskipTests -Dmaven.javadoc.skip -Dgpg.skip -Drat.skip,,true,false,DISCOVERED
RCM-07927,content/org/apache/plc4x/plc4x/plc4x-0.13.0.buildspec,d3b9f603b8f7d23e4ea0cda65d7676e1b863abc41e0bcb33ed058fbcae810d88,org.apache.plc4x,plc4x-parent,0.13.0,mvn-3.9.11,mvn-3.9.11,21,https://github.com/apache/plc4x.git,v${version},,"SHELL mvn -Papache-release,with-c,with-dotnet,with-java,update-generated-code,with-go,with-python clean verify -DskipTests -Dmaven.javadoc.skip -Dskip-pgp-signing",,false,true,DISCOVERED
RCM-07920,content/org/apache/plc4x/plc4x-code-generation/plc4x-code-generation-1.6.0.buildspec,49848a53632d59dc91b2afd8338c770e7b18e8514780cac3072d3819051c6e14,org.apache.plc4x.plugins,plc4x-code-generation,1.6.0,mvn,mvn,18,https://github.com/apache/plc4x-build-tools.git,releases/code-generation/${version},,mvn -f code-generation -Papache-release clean package -DskipTests -Dmaven.javadoc.skip -Dgpg.skip,,true,false,DISCOVERED
RCM-07923,content/org/apache/plc4x/plc4x-code-generaton/plc4x-code-generaton-1.5.0.buildspec,ae3466ff5e440b4ffd3fe139014dc11494e798b9bb1116ee0d336e59cee78830,org.apache.plc4x.plugins,plc4x-code-generaton,1.5.0,mvn,mvn,11,https://github.com/apache/plc4x-build-tools.git,releases/code-generation/${version},,mvn -f code-generation -Papache-release clean package -DskipTests -Dmaven.javadoc.skip -Dgpg.skip,,true,false,DISCOVERED
RCM-07930,content/org/apache/plc4x/plc4x-site-skin/plc4x-site-skin-1.1.0.buildspec,37e84f0d49e1e3027e129e670c4f1f5f89cd00fe9111e6f3d70370e0560c5fe5,org.apache.plc4x.plugins,plc4x-site-skin,1.1.0,mvn,mvn,11,https://github.com/apache/plc4x-build-tools.git,site-skin/v${version},,mvn -f ${artifactId} -Papache-release clean package -DskipTests -Dmaven.javadoc.skip -Dgpg.skip,,true,false,DISCOVERED
RCM-07964,content/org/apache/pulsar/pulsar-4.0.3.buildspec,74b25cd0ce239bd3abde118a8ad69932d39528724f7c45ae6c729883391d2f7c,org.apache.pulsar,pulsar,4.0.3,mvn-3.9.9,mvn-3.9.9,21,https://github.com/apache/pulsar.git,v${version},,mvn -Papache-release clean package -DskipTests -Dmaven.javadoc.skip -Dgpg.skip,,true,false,DISCOVERED
RCM-08016,content/org/apache/qpid/proton-j/proton-j-0.34.1.buildspec,4c6379094e36f1852b666d845755a8847e09b487eef165f6a02ac03c8ecf1bcf,org.apache.qpid,proton-j-parent,0.34.1,mvn,mvn,8,https://github.com/apache/qpid-proton-j.git,${version},,mvn -Papache-release clean package -DskipTests -Dmaven.javadoc.skip -Dgpg.skip,,true,false,DISCOVERED
RCM-08000,content/org/apache/qpid/protonj2/protonj2-1.0.0-M11.buildspec,6c97278cf7c54a2c399df9442a65f68e4cf24120aa8fb0a84025faf2ea4efe23,org.apache.qpid,protonj2-parent,1.0.0-M11,mvn,mvn,11,https://github.com/apache/qpid-protonj2.git,${version},,mvn -Papache-release clean package -DskipTests -Dmaven.javadoc.skip -Dgpg.skip,,true,false,DISCOVERED
RCM-07997,content/org/apache/qpid/jms/qpid-jms-2.9.0.buildspec,96239c9afc18b5ca695b99b54e868cea8539526528a9af9076cacf443fdfb508,org.apache.qpid,qpid-jms-parent,2.9.0,mvn,mvn,21,https://github.com/apache/qpid-jms.git,${version},,mvn -Papache-release clean package -DskipTests -Dmaven.javadoc.skip -Dgpg.skip,,true,false,DISCOVERED
RCM-08017,content/org/apache/rat/apache-rat-0.14.buildspec,c0b32c2dd54bfa3a08b52dc3b64ba9033f68698e170b2b8446b99bff24abb571,org.apache.rat,apache-rat-project,0.14,mvn,mvn,16,https://github.com/apache/creadur-rat.git,${artifactId}-${version},,mvn -Papache-release clean package -DskipTests -Dmaven.javadoc.skip -Dgpg.skip,,true,false,DISCOVERED
RCM-08025,content/org/apache/ratis/ratis-3.0.0.buildspec,d1f453b0b809df5af410a993add360ae72a261b2e47347a7a2d6c333e67f3260,org.apache.ratis,ratis,3.0.0,mvn,mvn,8,https://github.com/apache/${artifactId}.git,release-${version},,mvn -Papache-release clean package -DskipTests -Dmaven.javadoc.skip -Dgpg.skip,,true,false,DISCOVERED
RCM-08036,content/org/apache/ratis/ratis-thirdparty/ratis-thirdparty-1.0.7.buildspec,87da6124392ea994c31e025e82bd96516ffa756a3415c1e187d060aec7a9fa80,org.apache.ratis,ratis-thirdparty,1.0.7,mvn,mvn,8,https://github.com/apache/${artifactId}.git,${version},,mvn -Papache-release -Prelease clean package -DskipTests -Dmaven.javadoc.skip -Dgpg.skip,,true,false,DISCOVERED
RCM-08044,content/org/apache/royale/compiler/royale-compiler-0.9.9.buildspec,f56c011d9ab585c71c66d4b5eedcd42f3116085582fbb130386f65c17ac69189,org.apache.royale.compiler,compiler,0.9.9,mvn,mvn,8,https://github.com/apache/royale-compiler.git,apache-royale-${version},,"mvn -Papache-release,royale-release clean verify -DskipTests -Dmaven.javadoc.skip -Dgpg.skip",,true,false,DISCOVERED
RCM-08048,content/org/apache/royale/framework/royale-framework-0.9.8.buildspec,1adefbf8679890c715cad7a2e4c1d72fd6edbde979e02badb79035e5542b6f12,org.apache.royale.framework,royale-framework-parent,0.9.8,mvn-3.9.9,mvn-3.9.9,8,https://github.com/apache/royale-asjs.git,apache-royale-${version},,"mvn -Papache-release,with-distribution,option-with-swf clean verify -DskipTests -Dmaven.javadoc.skip -Dgpg.skip",,true,false,DISCOVERED
RCM-08050,content/org/apache/royale/typedefs/royale-typedefs-0.9.12.buildspec,7de055fcb0e70b6af55e38966f9b1b17c3b618a51b914c996de9174ef82f9d61,org.apache.royale.typedefs,royale-typedefs-parent,0.9.12,mvn,mvn,17,https://github.com/apache/royale-typedefs.git,apache-royale-${version},,"mvn -Papache-release,royale-release clean verify -DskipTests -Dmaven.javadoc.skip -Dgpg.skip",,true,false,DISCOVERED
RCM-08056,content/org/apache/santuario/xmlsec/xmlsec-3.0.5.buildspec,d4db654cf5bb77c9f486eb2901666ef94e074c98f124da0933140b58b025f149,org.apache.santuario,xmlsec,3.0.5,mvn,mvn,8,https://github.com/apache/santuario-xml-security-java.git,${artifactId}-${version},,mvn -Papache-release clean package -DskipTests -Dmaven.javadoc.skip -Dgpg.skip,,true,false,DISCOVERED
RCM-08064,content/org/apache/servicemix/tooling/depends-maven-plugin/depends-maven-plugin-1.5.0.buildspec,c2c1c2c6f8e3acdf26170bffc65c0986d2539c4606ccf07bf748650fe72a8082,org.apache.servicemix.tooling,depends-maven-plugin,1.5.0,mvn,mvn,11,https://github.com/apache/servicemix-maven-plugins.git,${artifactId}-${version},,mvn -f ${artifactId} -Prelease clean package -DskipTests -Dmaven.javadoc.skip -Dgpg.skip,,true,false,DISCOVERED
RCM-08083,content/org/apache/shiro/shiro-2.1.0.buildspec,b534794e6abf81981c381ebcfffe1c076d7ec7a5561126861e860b108a7ff05c,org.apache.shiro,shiro-root,2.1.0,mvn-3.9.11,mvn-3.9.11,21,https://github.com/apache/shiro.git,${artifactId}-${version},,"mvn -Papache-release,skip_jakarta_ee_tests clean package -DskipTests -Dmaven.javadoc.skip -Dgpg.skip -Dmaven.test.skip",,true,false,DISCOVERED
RCM-08087,content/org/apache/sis/parent-1.3.buildspec,92f1237d6daa6fb12b3fd0239d1ed6a6938fb7c769435d1385700345f8cad72a,org.apache.sis,parent,1.3,mvn,mvn,19,https://github.com/apache/sis.git,${version},,mvn -Papache-release package -DskipTests -Dmaven.javadoc.skip -Dgpg.skip,,true,false,DISCOVERED
RCM-08094,content/org/apache/sling/feature-launcher-maven-plugin/feature-launcher-maven-plugin-1.0.4.buildspec,bf91aced42764d319711f509ad67ed79359a3012d8df9cf4cd9e859f1ecb406e,org.apache.sling,feature-launcher-maven-plugin,1.0.4,mvn,mvn,21,https://github.com/apache/sling-${artifactId}.git,${artifactId}-${version},,mvn -Papache-release clean package -DskipTests -Dmaven.javadoc.skip -Dgpg.skip,,true,false,DISCOVERED
RCM-08095,content/org/apache/sling/htl-maven-plugin/htl-maven-plugin-2.0.4-1.4.0.buildspec,dbb43eb68cc3cffa91298c93ec4d0ed44a9cdffed81df6c7a5f33aa4185f4b8c,org.apache.sling,htl-maven-plugin,2.0.4-1.4.0,mvn,mvn,11,https://github.com/apache/sling-${artifactId}.git,${artifactId}-${version},,mvn -Papache-release clean package -DskipTests -Dmaven.javadoc.skip -Dgpg.skip,,true,false,DISCOVERED
RCM-08097,content/org/apache/sling/jspc-maven-plugin/jspc-maven-plugin-2.3.4.buildspec,97d0cfe18276e19f2e4ef1f144cf5828ceb0ba76b075e4bbb61f7936c19d81b6,org.apache.sling,jspc-maven-plugin,2.3.4,mvn,mvn,11,https://github.com/apache/sling-${artifactId}.git,${artifactId}-${version},,mvn -Papache-release clean package -DskipTests -Dmaven.javadoc.skip -Dgpg.skip,,true,false,DISCOVERED
RCM-08100,content/org/apache/sling/maven-enforcer-rules/maven-enforcer-rules-1.2.0.buildspec,89d8cef43c3098097f5aaebbfa8082c46ad2ced32900b0379383a10e69cfa3b3,org.apache.sling,maven-enforcer-rules,1.2.0,mvn,mvn,11,https://github.com/apache/sling-${artifactId}.git,${artifactId}-${version},,mvn -Papache-release clean package -DskipTests -Dmaven.javadoc.skip -Dgpg.skip,,true,false,DISCOVERED
RCM-08103,content/org/apache/sling/org.apache.sling.adapter/org.apache.sling.adapter-3.0.0.buildspec,bbede2a2dac43bb065f98c4e35db5e26b19c2be939efdda34d1a632a22ad201e,org.apache.sling,org.apache.sling.adapter,3.0.0,mvn-3.9.12,mvn-3.9.12,17,https://github.com/apache/sling-$(echo ${artifactId} | tr,${artifactId}-${version},,mvn -Papache-release clean package -DskipTests -Dmaven.javadoc.skip -Dgpg.skip,,true,false,DISCOVERED
RCM-08115,content/org/apache/sling/org.apache.sling.api/org.apache.sling.api-3.0.2.buildspec,1427b7e8dc80157200d13aa55631f1b928a71f8a0c897b7afbf09e5df99dfaab,org.apache.sling,org.apache.sling.api,3.0.2,mvn-3.9.9,mvn-3.9.9,17,https://github.com/apache/sling-$(echo ${artifactId} | tr,${artifactId}-${version},,mvn -Papache-release clean package -DskipTests -Dmaven.javadoc.skip -Dgpg.skip,,true,false,DISCOVERED
RCM-08122,content/org/apache/sling/org.apache.sling.auth.core/org.apache.sling.auth.core-2.0.2.buildspec,fe90dc997162ec04b6900262b75e91ea831503be31ae0247afc185929ed843ba,org.apache.sling,org.apache.sling.auth.core,2.0.2,mvn-3.9.9,mvn-3.9.9,17,https://github.com/apache/sling-$(echo ${artifactId} | tr,${artifactId}-${version},,mvn -Papache-release clean package -DskipTests -Dmaven.javadoc.skip -Dgpg.skip,,true,false,DISCOVERED
RCM-08123,content/org/apache/sling/org.apache.sling.auth.form/org.apache.sling.auth.form-2.0.0.buildspec,e23d061a354b01ff550662e68016efd391f23c56b2574172d158d55b7463ba8b,org.apache.sling,org.apache.sling.auth.form,2.0.0,mvn-3.9.11,mvn-3.9.11,17,https://github.com/apache/sling-$(echo ${artifactId} | tr,${artifactId}-${version},,mvn -Papache-release clean package -DskipTests -Dmaven.javadoc.skip -Dgpg.skip,,true,false,DISCOVERED
RCM-08127,content/org/apache/sling/org.apache.sling.auth.oauth-client/org.apache.sling.auth.oauth-client-0.1.6.buildspec,dcb03829217e6ee51810947939009a5d68cadfca43582f499305e038a26d0bbd,org.apache.sling,org.apache.sling.auth.oauth-client,0.1.6,mvn-3.9.9,mvn-3.9.9,21,https://github.com/apache/sling-$(echo ${artifactId} | tr,${artifactId}-${version},,mvn -Papache-release clean package -DskipTests -Dmaven.javadoc.skip -Dgpg.skip,,true,false,DISCOVERED
RCM-08129,content/org/apache/sling/org.apache.sling.bundleresource.impl/org.apache.sling.bundleresource.impl-2.4.0.buildspec,b6dddc215157b0b3b48bebb34481e0591e1e41ac7de09a566dcd09122010126c,org.apache.sling,org.apache.sling.bundleresource.impl,2.4.0,mvn-3.9.9,mvn-3.9.9,17,https://github.com/apache/sling-$(echo ${artifactId} | tr,${artifactId}-${version},,mvn -Papache-release clean package -DskipTests -Dmaven.javadoc.skip -Dgpg.skip,,true,false,DISCOVERED
RCM-08131,content/org/apache/sling/org.apache.sling.caconfig.api/org.apache.sling.caconfig.api-1.3.0.buildspec,c8d70414081ece737a87870b90141f65b2879c937418ff136a74dca27c1b9140,org.apache.sling,org.apache.sling.caconfig.api,1.3.0,mvn,mvn,11,https://github.com/apache/sling-$(echo ${artifactId} | tr,${artifactId}-${version},https://repo1.maven.org/maven2/org/apache/sling/${artifactId}/${version}/${artifactId}-${version}-source-release.zip,mvn -Papache-release clean package -DskipTests -Dmaven.javadoc.skip -Dgpg.skip,,true,false,DISCOVERED
RCM-08132,content/org/apache/sling/org.apache.sling.caconfig.impl/org.apache.sling.caconfig.impl-1.6.0.buildspec,a4ba732c54724c51b4969031b1b369d9cea2cbed27b109d750700c8d707c0366,org.apache.sling,org.apache.sling.caconfig.impl,1.6.0,mvn,mvn,11,https://github.com/apache/sling-$(echo ${artifactId} | tr,${artifactId}-${version},https://repo1.maven.org/maven2/org/apache/sling/${artifactId}/${version}/${artifactId}-${version}-source-release.zip,mvn -Papache-release clean package -DskipTests -Dmaven.javadoc.skip -Dgpg.skip,,true,false,DISCOVERED
RCM-08134,content/org/apache/sling/org.apache.sling.caconfig.spi/org.apache.sling.caconfig.spi-1.4.0.buildspec,be1ee232e7a8d1eef5177adf68152a765f35bbe9383f357510337171e2ce302c,org.apache.sling,org.apache.sling.caconfig.spi,1.4.0,mvn,mvn,11,https://github.com/apache/sling-$(echo ${artifactId} | tr,${artifactId}-${version},https://repo1.maven.org/maven2/org/apache/sling/${artifactId}/${version}/${artifactId}-${version}-source-release.zip,mvn -Papache-release clean package -DskipTests -Dmaven.javadoc.skip -Dgpg.skip,,true,false,DISCOVERED
RCM-08138,content/org/apache/sling/org.apache.sling.cms/org.apache.sling.cms-1.1.8.buildspec,f68b2905b98e45d4a8f407cc01d08f234a229cf0ea340d66bb1318d6003155d3,org.apache.sling,org.apache.sling.cms,1.1.8,mvn,mvn,11,https://github.com/apache/sling-org-apache-sling-app-cms.git,${artifactId}-${version},,mvn -Papache-release clean package -DskipTests -Dmaven.javadoc.skip -Dgpg.skip,,true,false,DISCOVERED
RCM-08139,content/org/apache/sling/org.apache.sling.commons.content.analyzing/org.apache.sling.commons.content.analyzing-1.0.0.buildspec,1a03cdc8226f64ed428ef64ed774fc17bb286cfaf7c2d2162867ace15e975221,org.apache.sling,org.apache.sling.commons.content.analyzing,1.0.0,mvn,mvn,11,https://github.com/apache/sling-$(echo ${artifactId} | tr,${artifactId}-${version},,mvn -Papache-release clean package -DskipTests -Dmaven.javadoc.skip -Dgpg.skip,,true,false,DISCOVERED
RCM-08140,content/org/apache/sling/org.apache.sling.commons.content.processing/org.apache.sling.commons.content.processing-1.0.0.buildspec,88ac3a8af4a53fd305dd91c2fcf0e713a76eeaaf8d8e25cfa530e76529d8dff6,org.apache.sling,org.apache.sling.commons.content.processing,1.0.0,mvn,mvn,11,https://github.com/apache/sling-$(echo ${artifactId} | tr,${artifactId}-${version},,mvn -Papache-release clean package -DskipTests -Dmaven.javadoc.skip -Dgpg.skip,,true,false,DISCOVERED
RCM-08142,content/org/apache/sling/org.apache.sling.commons.crypto/org.apache.sling.commons.crypto-1.2.0.buildspec,e8cec4040e3224a38406fc02a6ef8e7003b18491b71c43c86ff5332f61846d9a,org.apache.sling,org.apache.sling.commons.crypto,1.2.0,mvn-3.9.12,mvn-3.9.12,17,https://github.com/apache/sling-$(echo ${artifactId} | tr,${artifactId}-${version},,mvn -Papache-release clean package -DskipTests -Dmaven.javadoc.skip -Dgpg.skip,,true,false,DISCOVERED
RCM-08143,content/org/apache/sling/org.apache.sling.commons.johnzon/org.apache.sling.commons.johnzon-1.2.0.buildspec,3722966edac0e54afcf01cc9e2a29fc3978d34eb02c90514f5bddd6d189b30e8,org.apache.sling,org.apache.sling.commons.johnzon,1.2.0,mvn,mvn,8,https://github.com/apache/sling-$(echo ${artifactId} | tr,${artifactId}-${version},,mvn -Papache-release clean package -DskipTests -Dmaven.javadoc.skip -Dgpg.skip,,true,false,DISCOVERED
RCM-08156,content/org/apache/sling/org.apache.sling.commons.log/org.apache.sling.commons.log-6.0.4.buildspec,bc00c470256dd0fda9f678ec9e845b34cc888a274362d16e2d7344dc42fc1f15,org.apache.sling,org.apache.sling.commons.log,6.0.4,mvn-3.9.9,mvn-3.9.9,17,https://github.com/apache/sling-$(echo ${artifactId} | tr,${artifactId}-${version},,mvn -Papache-release clean package -DskipTests -Dmaven.javadoc.skip -Dgpg.skip,,true,false,DISCOVERED
RCM-08161,content/org/apache/sling/org.apache.sling.commons.log.webconsole/org.apache.sling.commons.log.webconsole-2.0.0.buildspec,46ea40a4723d00333ff7375017c0c44428d4d00a4e767e2aab63f6bce3b48699,org.apache.sling,org.apache.sling.commons.log.webconsole,2.0.0,mvn-3.9.11,mvn-3.9.11,17,https://github.com/apache/sling-$(echo ${artifactId} | tr,${artifactId}-${version},,mvn -Papache-release clean package -DskipTests -Dmaven.javadoc.skip -Dgpg.skip,,true,false,DISCOVERED
RCM-08159,content/org/apache/sling/org.apache.sling.commons.logservice/org.apache.sling.commons.logservice-1.1.2.buildspec,433b4808ebf9a37fa50ed432b392b5e92adca69747d223a4897a8cafa64d4e90,org.apache.sling,org.apache.sling.commons.logservice,1.1.2,mvn-3.9.9,mvn-3.9.9,17,https://github.com/apache/sling-$(echo ${artifactId} | tr,${artifactId}-${version},,mvn -Papache-release clean package -DskipTests -Dmaven.javadoc.skip -Dgpg.skip,,true,false,DISCOVERED
RCM-08163,content/org/apache/sling/org.apache.sling.commons.messaging/org.apache.sling.commons.messaging-1.0.2.buildspec,6c4a5aec3153dae5e79ea32f2e2a63950c35f1520b84c9fc45d49c7ffbe847f0,org.apache.sling,org.apache.sling.commons.messaging,1.0.2,mvn,mvn,11,https://github.com/apache/sling-$(echo ${artifactId} | tr,${artifactId}-${version},,mvn -Papache-release clean package -DskipTests -Dmaven.javadoc.skip -Dgpg.skip,,true,false,DISCOVERED
RCM-08162,content/org/apache/sling/org.apache.sling.commons.messaging.mail/org.apache.sling.commons.messaging.mail-2.0.0.buildspec,8f9124e9f6fea605d8643ba648162622877060b5f6fcc6e8c62f5f726c7a95ee,org.apache.sling,org.apache.sling.commons.messaging.mail,2.0.0,mvn,mvn,11,https://github.com/apache/sling-$(echo ${artifactId} | tr,${artifactId}-${version},,mvn -Papache-release clean package -DskipTests -Dmaven.javadoc.skip -Dgpg.skip,,true,false,DISCOVERED
RCM-08164,content/org/apache/sling/org.apache.sling.commons.metrics/org.apache.sling.commons.metrics-1.2.10.buildspec,d562b4e781e4355e1030d67461461282ea7c39a2e1053fcd0a4e0df963edea42,org.apache.sling,org.apache.sling.commons.metrics,1.2.10,mvn,mvn,11,https://github.com/apache/sling-$(echo ${artifactId} | tr,${artifactId}-${version},,mvn -Papache-release clean package -DskipTests -Dmaven.javadoc.skip -Dgpg.skip,,true,false,DISCOVERED
RCM-08168,content/org/apache/sling/org.apache.sling.commons.testing/org.apache.sling.commons.testing-2.2.0.buildspec,3f5df5912f8142e267f395e9e4d145b87eb4049ec061352cbdd5ea5496f308be,org.apache.sling,org.apache.sling.commons.testing,2.2.0,mvn,mvn,11,https://github.com/apache/sling-$(echo ${artifactId} | tr,${artifactId}-${version},,mvn -Papache-release clean package -DskipTests -Dmaven.javadoc.skip -Dgpg.skip,,true,false,DISCOVERED
RCM-08170,content/org/apache/sling/org.apache.sling.commons.threads/org.apache.sling.commons.threads-3.3.0.buildspec,a3d00546aba248d4d1c96f6e9a073751249e8900c4eb78138a916bf6e0df5a7e,org.apache.sling,org.apache.sling.commons.threads,3.3.0,mvn-3.9.9,mvn-3.9.9,11,https://github.com/apache/sling-$(echo ${artifactId} | tr,${artifactId}-${version},,mvn -Papache-release clean package -DskipTests -Dmaven.javadoc.skip -Dgpg.skip,,true,false,DISCOVERED
RCM-08171,content/org/apache/sling/org.apache.sling.discovery.api/org.apache.sling.discovery.api-1.0.6.buildspec,f49132be57340971a545e6dbe507857e32213f6631e23721f5bf341fc7fe9766,org.apache.sling,org.apache.sling.discovery.api,1.0.6,mvn-3.9.9,mvn-3.9.9,17,https://github.com/apache/sling-$(echo ${artifactId} | tr,${artifactId}-${version},,mvn -Papache-release clean package -DskipTests -Dmaven.javadoc.skip -Dgpg.skip,,true,false,DISCOVERED
RCM-08173,content/org/apache/sling/org.apache.sling.discovery.commons/org.apache.sling.discovery.commons-1.1.0.buildspec,4a146fc68b3ab0051e0604fc15e21f2a65c7cdcdd5c90de240b9b373d99f34f4,org.apache.sling,org.apache.sling.discovery.commons,1.1.0,mvn-3.9.9,mvn-3.9.9,21,https://github.com/apache/sling-$(echo ${artifactId} | tr,${artifactId}-${version},,mvn -Papache-release clean package -DskipTests -Dmaven.javadoc.skip -Dgpg.skip,,true,false,DISCOVERED
RCM-08174,content/org/apache/sling/org.apache.sling.discovery.standalone/org.apache.sling.discovery.standalone-1.0.4.buildspec,5dc7a19aeec6552073351fc8eec492329a3d6a6e613706048179a59eff8c6399,org.apache.sling,org.apache.sling.discovery.standalone,1.0.4,mvn,mvn,11,https://github.com/apache/sling-$(echo ${artifactId} | tr,${artifactId}-${version},,mvn -Papache-release clean package -DskipTests -Dmaven.javadoc.skip -Dgpg.skip,,true,false,DISCOVERED
RCM-08175,content/org/apache/sling/org.apache.sling.discovery.support/org.apache.sling.discovery.support-1.0.8.buildspec,183fa8f517d28acd81a42c32b41fc33b450eacd2a1b21cc2d0a3225159159fc1,org.apache.sling,org.apache.sling.discovery.support,1.0.8,mvn-3.9.9,mvn-3.9.9,11,https://github.com/apache/sling-$(echo ${artifactId} | tr,${artifactId}-${version},,mvn -Papache-release clean package -DskipTests -Dmaven.javadoc.skip -Dgpg.skip,,true,false,DISCOVERED
RCM-08176,content/org/apache/sling/org.apache.sling.distribution.api/org.apache.sling.distribution.api-0.7.2.buildspec,8f7f53fc9861cb338e95406ee7d313e590b070b6f0ed1ca22f581b6c7097153c,org.apache.sling,org.apache.sling.distribution.api,0.7.2,mvn-3.9.9,mvn-3.9.9,21,https://github.com/apache/sling-$(echo ${artifactId} | tr,${artifactId}-${version},,mvn -Papache-release clean package -DskipTests -Dmaven.javadoc.skip -Dgpg.skip,,true,false,DISCOVERED
RCM-08177,content/org/apache/sling/org.apache.sling.distribution.core/org.apache.sling.distribution.core-0.6.0.buildspec,dde538652a7d9ab3f72f61d123f5fc94973c44aa1abd0e0e36c6ce2ee95d174a,org.apache.sling,org.apache.sling.distribution.core,0.6.0,mvn-3.9.9,mvn-3.9.9,17,https://github.com/apache/sling-$(echo ${artifactId} | tr,${artifactId}-${version},,mvn -Papache-release clean package -DskipTests -Dmaven.javadoc.skip -Dgpg.skip,,true,false,DISCOVERED
RCM-08187,content/org/apache/sling/org.apache.sling.distribution.journal/org.apache.sling.distribution.journal-0.1.26.buildspec,ad73194de09fee81993d1a195db7db9fc87790eb0d188b35ba2753485c1ee54b,org.apache.sling,org.apache.sling.distribution.journal,0.1.26,mvn,mvn,11,https://github.com/apache/sling-$(echo ${artifactId} | tr,${artifactId}-${version},,mvn -Papache-release clean package -DskipTests -Dmaven.javadoc.skip -Dgpg.skip,,true,false,DISCOVERED
RCM-08180,content/org/apache/sling/org.apache.sling.distribution.journal.kafka/org.apache.sling.distribution.journal.kafka-0.3.0.buildspec,e429452e642f565e2f4b22db7af80cb33577c2799ffe15db354599883307a552,org.apache.sling,org.apache.sling.distribution.journal.kafka,0.3.0,mvn,mvn,11,https://github.com/apache/sling-$(echo ${artifactId} | tr,${artifactId}-${version},,mvn -Papache-release clean package -DskipTests -Dmaven.javadoc.skip -Dgpg.skip,,true,false,DISCOVERED
RCM-08182,content/org/apache/sling/org.apache.sling.distribution.journal.messages/org.apache.sling.distribution.journal.messages-0.5.10.buildspec,2b2c3b2b297b7d3215b9112f14282641bcc7d0a3c6dc0cea109d6a87d0898323,org.apache.sling,org.apache.sling.distribution.journal.messages,0.5.10,mvn,mvn,21,https://github.com/apache/sling-$(echo ${artifactId} | tr,${artifactId}-${version},,mvn -Papache-release clean package -DskipTests -Dmaven.javadoc.skip -Dgpg.skip,,true,false,DISCOVERED
RCM-08207,content/org/apache/sling/org.apache.sling.engine/org.apache.sling.engine-2.16.0.buildspec,fcce93b8044015d11655994134839e1635982f9da45b2b8dcdf40cf65d178e66,org.apache.sling,org.apache.sling.engine,2.16.0,mvn-3.9.6,mvn-3.9.6,21,https://github.com/apache/sling-$(echo ${artifactId} | tr,${artifactId}-${version},,mvn -Papache-release clean package -DskipTests -Dmaven.javadoc.skip -Dgpg.skip,,true,false,DISCOVERED
RCM-08226,content/org/apache/sling/org.apache.sling.event/org.apache.sling.event-4.3.14.buildspec,760f4ecf70c496c07884857f386567c261b52aea07ef06c74d003d44ad050655,org.apache.sling,org.apache.sling.event,4.3.14,mvn,mvn,11,https://github.com/apache/sling-$(echo ${artifactId} | tr,${artifactId}-${version},,mvn -Papache-release clean package -DskipTests -Dmaven.javadoc.skip -Dgpg.skip,,true,false,DISCOVERED
RCM-08218,content/org/apache/sling/org.apache.sling.event.api/org.apache.sling.event.api-1.0.4.buildspec,6ff9f52ead88a66b217601e4f3ce1c9c942211a1447acaea5a6c98a3732fe898,org.apache.sling,org.apache.sling.event.api,1.0.4,mvn,mvn,8,https://github.com/apache/sling-$(echo ${artifactId} | tr,${artifactId}-${version},,mvn -Papache-release clean package -DskipTests -Dmaven.javadoc.skip -Dgpg.skip,,true,false,DISCOVERED
RCM-08219,content/org/apache/sling/org.apache.sling.event.dea/org.apache.sling.event.dea-1.1.6.buildspec,65373bd88282b917cd2043b362492b73a341bc4fe4e595a0101fc3e65535c286,org.apache.sling,org.apache.sling.event.dea,1.1.6,mvn-3.9.9,mvn-3.9.9,11,https://github.com/apache/sling-$(echo ${artifactId} | tr,${artifactId}-${version},,mvn -Papache-release clean package -DskipTests -Dmaven.javadoc.skip -Dgpg.skip,,true,false,DISCOVERED
RCM-08234,content/org/apache/sling/org.apache.sling.extensions.webconsolebranding/org.apache.sling.extensions.webconsolebranding-1.0.4.buildspec,9b4a714594c5f25baefb8bd1fd5a610ba41d6c8a066291a37bfeb43ee246584b,org.apache.sling,org.apache.sling.extensions.webconsolebranding,1.0.4,mvn-3.9.9,mvn-3.9.9,17,https://github.com/apache/sling-$(echo ${artifactId} | tr,${artifactId}-${version},,mvn -Papache-release clean package -DskipTests -Dmaven.javadoc.skip -Dgpg.skip,,true,false,DISCOVERED
RCM-08299,content/org/apache/sling/org.apache.sling.feature/org.apache.sling.feature-2.0.2.buildspec,1bc29ddd02fec21d30d124a613216a9bb9c26bccf96db20937eb9a5110c2d480,org.apache.sling,org.apache.sling.feature,2.0.2,mvn-3.9.9,mvn-3.9.9,17,https://github.com/apache/sling-$(echo ${artifactId} | tr,${artifactId}-${version},,mvn -Papache-release clean package -DskipTests -Dmaven.javadoc.skip -Dgpg.skip,,true,false,DISCOVERED
RCM-08235,content/org/apache/sling/org.apache.sling.feature.analyser/org.apache.sling.feature.analyser-1.3.34.buildspec,45c86fb307d32aa20ec4269f0cfeda0d8611ff3fd02e1ad28583fecdad751530,org.apache.sling,org.apache.sling.feature.analyser,1.3.34,mvn,mvn,11,https://github.com/apache/sling-$(echo ${artifactId} | tr,${artifactId}-${version},,mvn -Papache-release clean package -DskipTests -Dmaven.javadoc.skip -Dgpg.skip,,true,false,DISCOVERED
RCM-08255,content/org/apache/sling/org.apache.sling.feature.apiregions/org.apache.sling.feature.apiregions-1.1.10.buildspec,0be5fbf1bb8363e7f47899a138fe5b9260fd9d29ed1ac07db81617a146c4e4fa,org.apache.sling,org.apache.sling.feature.apiregions,1.1.10,mvn-3.9.9,mvn-3.9.9,11,https://github.com/apache/sling-$(echo ${artifactId} | tr,${artifactId}-${version},,mvn -Papache-release clean package -DskipTests -Dmaven.javadoc.skip -Dgpg.skip,,true,false,DISCOVERED
RCM-08261,content/org/apache/sling/org.apache.sling.feature.cpconverter/org.apache.sling.feature.cpconverter-1.1.20.buildspec,3fb9c6eec80fcd0fd9d21a9a28b97d6ff2c8419833413e93a44a605d6d12e6c4,org.apache.sling,org.apache.sling.feature.cpconverter,1.1.20,mvn,mvn,11,https://github.com/apache/sling-$(echo ${artifactId} | tr,${artifactId}-${version},,mvn -Papache-release clean package -DskipTests -Dmaven.javadoc.skip -Dgpg.skip,,true,false,DISCOVERED
RCM-08271,content/org/apache/sling/org.apache.sling.feature.diff/org.apache.sling.feature.diff-0.1.0.buildspec,84a4aecf57af3a5cd6fa231257e1393e46cdc9b92a3415a0fc8b6a6cd4acc130,org.apache.sling,org.apache.sling.feature.diff,0.1.0,mvn,mvn,11,https://github.com/apache/sling-$(echo ${artifactId} | tr,${artifactId}-${version},,mvn -Papache-release clean package -DskipTests -Dmaven.javadoc.skip -Dgpg.skip,,true,false,DISCOVERED
RCM-08280,content/org/apache/sling/org.apache.sling.feature.extension.apiregions/org.apache.sling.feature.extension.apiregions-2.0.0.buildspec,bbedf9c036d382a95ff350afc3e6ac8d398e73fef41c906936cc39e44e968b57,org.apache.sling,org.apache.sling.feature.extension.apiregions,2.0.0,mvn,mvn,11,https://github.com/apache/sling-$(echo ${artifactId} | tr,${artifactId}-${version},,mvn -Papache-release clean package -DskipTests -Dmaven.javadoc.skip -Dgpg.skip,,true,false,DISCOVERED
RCM-08284,content/org/apache/sling/org.apache.sling.feature.extension.unpack/org.apache.sling.feature.extension.unpack-0.3.0.buildspec,6b3ef22d2a4122d99660c6941ae589b2bb81ac725c9a474c64bc6ce9496b87c2,org.apache.sling,org.apache.sling.feature.extension.unpack,0.3.0,mvn,mvn,11,https://github.com/apache/sling-$(echo ${artifactId} | tr,${artifactId}-${version},,mvn -Papache-release clean package -DskipTests -Dmaven.javadoc.skip -Dgpg.skip,,true,false,DISCOVERED
RCM-08291,content/org/apache/sling/org.apache.sling.feature.launcher/org.apache.sling.feature.launcher-1.2.4.buildspec,95df265aa8e5d902ae4637e9e7f2cf60eeac5daf8466ddef5a0c6841d5da8e0f,org.apache.sling,org.apache.sling.feature.launcher,1.2.4,mvn,mvn,17,https://github.com/apache/sling-$(echo ${artifactId} | tr,${artifactId}-${version},,mvn -Papache-release clean package -DskipTests -Dmaven.javadoc.skip -Dgpg.skip,,true,false,DISCOVERED
RCM-08303,content/org/apache/sling/org.apache.sling.fsresource/org.apache.sling.fsresource-2.3.0.buildspec,290a88adad881ebd7d774d57fcb12248b6d8f9fe83a5275580f49a507d9acfca,org.apache.sling,org.apache.sling.fsresource,2.3.0,mvn-3.9.9,mvn-3.9.9,17,https://github.com/apache/sling-$(echo ${artifactId} | tr,${artifactId}-${version},https://repo1.maven.org/maven2/org/apache/sling/${artifactId}/${version}/${artifactId}-${version}-source-release.zip,mvn -Papache-release clean package -DskipTests -Dmaven.javadoc.skip -Dgpg.skip,,true,false,DISCOVERED
RCM-08304,content/org/apache/sling/org.apache.sling.hc.support/org.apache.sling.hc.support-1.0.10.buildspec,da4306bfcdb0fada66b419f7c5c9c6ccce52cc20d7eee9c747630cc681c11f49,org.apache.sling,org.apache.sling.hc.support,1.0.10,mvn,mvn,11,https://github.com/apache/sling-$(echo ${artifactId} | tr,${artifactId}-${version},,mvn -Papache-release clean package -DskipTests -Dmaven.javadoc.skip -Dgpg.skip,,true,false,DISCOVERED
RCM-08307,content/org/apache/sling/org.apache.sling.i18n/org.apache.sling.i18n-2.5.18.buildspec,91cbcc15b50d36a22d42ad5ff40bcddf227be79048205a0c5a18145c9d2c0a9f,org.apache.sling,org.apache.sling.i18n,2.5.18,mvn,mvn,11,https://github.com/apache/sling-$(echo ${artifactId} | tr,${artifactId}-${version},,mvn -Papache-release clean package -DskipTests -Dmaven.javadoc.skip -Dgpg.skip,,true,false,DISCOVERED
RCM-08312,content/org/apache/sling/org.apache.sling.installer.console/org.apache.sling.installer.console-1.0.4.buildspec,84cc6d2d87b288e10a2ff40cc6f315cefca25f4cf6b748deff1109c3bdd7a773,org.apache.sling,org.apache.sling.installer.console,1.0.4,mvn,mvn,11,https://github.com/apache/sling-$(echo ${artifactId} | tr,${artifactId}-${version},,mvn -Papache-release clean package -DskipTests -Dmaven.javadoc.skip -Dgpg.skip,,true,false,DISCOVERED
RCM-08316,content/org/apache/sling/org.apache.sling.installer.core/org.apache.sling.installer.core-3.10.0.buildspec,5780a830df8a75ce94222238b0aac93f4e5d5ebfd2d3c38b95a8c4dae9b8fe77,org.apache.sling,org.apache.sling.installer.core,3.10.0,mvn,mvn,8,https://github.com/apache/sling-$(echo ${artifactId} | tr,${artifactId}-${version},,mvn -Papache-release clean package -DskipTests -Dmaven.javadoc.skip -Dgpg.skip,,true,false,DISCOVERED
RCM-08326,content/org/apache/sling/org.apache.sling.installer.factory.configuration/org.apache.sling.installer.factory.configuration-1.3.0.buildspec,9d1f7489fd35a2e16b1ddb1ad12f443f7c6faff544a54de7f95b16206580d120,org.apache.sling,org.apache.sling.installer.factory.configuration,1.3.0,mvn,mvn,8,https://github.com/apache/sling-$(echo ${artifactId} | tr,${artifactId}-${version},,mvn -Papache-release clean package -DskipTests -Dmaven.javadoc.skip -Dgpg.skip,,true,false,DISCOVERED
RCM-08336,content/org/apache/sling/org.apache.sling.installer.factory.packages/org.apache.sling.installer.factory.packages-1.0.0.buildspec,9f756f4481fd3637309c3e4f5b9f1904bcd3183bb2320bdb90636082ce81edcf,org.apache.sling,org.apache.sling.installer.factory.packages,1.0.0,mvn,mvn,8,https://github.com/apache/sling-$(echo ${artifactId} | tr,${artifactId}-${version},,mvn -Papache-release clean package -DskipTests -Dmaven.javadoc.skip -Dgpg.skip,,true,false,DISCOVERED
RCM-08339,content/org/apache/sling/org.apache.sling.installer.hc/org.apache.sling.installer.hc-2.1.0.buildspec,c9f8e676b2d65f1f3cc6b73fae0c6dea7ad0d2d0c8b667019c91a236361f9456,org.apache.sling,org.apache.sling.installer.hc,2.1.0,mvn,mvn,17,https://github.com/apache/sling-$(echo ${artifactId} | tr,${artifactId}-${version},,mvn -Papache-release clean package -DskipTests -Dmaven.javadoc.skip -Dgpg.skip,,true,false,DISCOVERED
RCM-08342,content/org/apache/sling/org.apache.sling.installer.provider.file/org.apache.sling.installer.provider.file-1.3.0.buildspec,086e8c2aa457faf759bda00ef138ba700b83ce3b65ca58f3eb667bc99b0e8ae6,org.apache.sling,org.apache.sling.installer.provider.file,1.3.0,mvn,mvn,8,https://github.com/apache/sling-$(echo ${artifactId} | tr,${artifactId}-${version},,mvn -Papache-release clean package -DskipTests -Dmaven.javadoc.skip -Dgpg.skip,,true,false,DISCOVERED
RCM-08344,content/org/apache/sling/org.apache.sling.installer.provider.jcr/org.apache.sling.installer.provider.jcr-3.2.0.buildspec,08548bea67235215ba51a873a3ac94b72a62060d4c3f7399e20891ea14e858fd,org.apache.sling,org.apache.sling.installer.provider.jcr,3.2.0,mvn,mvn,8,https://github.com/apache/sling-$(echo ${artifactId} | tr,${artifactId}-${version},,mvn -Papache-release clean package -DskipTests -Dmaven.javadoc.skip -Dgpg.skip,,true,false,DISCOVERED
RCM-08348,content/org/apache/sling/org.apache.sling.javax.activation/org.apache.sling.javax.activation-0.3.0.buildspec,d42b87398a3c2c326d92a0d302488c981b09ada8013a5e18290e5df39d722e10,org.apache.sling,org.apache.sling.javax.activation,0.3.0,mvn,mvn,8,https://github.com/apache/sling-$(echo ${artifactId} | tr,${artifactId}-${version},,mvn -Papache-release clean package -DskipTests -Dmaven.javadoc.skip -Dgpg.skip,,true,false,DISCOVERED
RCM-08349,content/org/apache/sling/org.apache.sling.jcr.api/org.apache.sling.jcr.api-2.4.2.buildspec,fda57e0c5994067c315c331db177178a5d54e79726d3eca86f5db0ad2b47f80f,org.apache.sling,org.apache.sling.jcr.api,2.4.2,mvn-3.9.9,mvn-3.9.9,17,https://github.com/apache/sling-$(echo ${artifactId} | tr,${artifactId}-${version},,mvn -Papache-release clean package -DskipTests -Dmaven.javadoc.skip -Dgpg.skip,,true,false,DISCOVERED
RCM-08354,content/org/apache/sling/org.apache.sling.jcr.contentloader/org.apache.sling.jcr.contentloader-3.0.0.buildspec,cb54ae05b2d8750cb009fa71448e2db1091f57a86ea69b5cb72a653fd59cae27,org.apache.sling,org.apache.sling.jcr.contentloader,3.0.0,mvn-3.9.12,mvn-3.9.12,17,https://github.com/apache/sling-$(echo ${artifactId} | tr,${artifactId}-${version},,mvn -Papache-release clean package -DskipTests -Dmaven.javadoc.skip -Dgpg.skip,,true,false,DISCOVERED
RCM-08355,content/org/apache/sling/org.apache.sling.jcr.davex/org.apache.sling.jcr.davex-1.3.12.buildspec,954c8e97e9e604b3d7990b420c41a19a5996e57c146b83c408ca50d55d4e6c58,org.apache.sling,org.apache.sling.jcr.davex,1.3.12,mvn-3.9.9,mvn-3.9.9,17,https://github.com/apache/sling-$(echo ${artifactId} | tr,${artifactId}-${version},,mvn -Papache-release clean package -DskipTests -Dmaven.javadoc.skip -Dgpg.skip,,true,false,DISCOVERED
RCM-08357,content/org/apache/sling/org.apache.sling.jcr.jackrabbit.accessmanager/org.apache.sling.jcr.jackrabbit.accessmanager-3.0.8.buildspec,e31ebf4e7b4b5d433d7c93a1189c29a43d6f3a75e2cb9518db03d086e9b4df8b,org.apache.sling,org.apache.sling.jcr.jackrabbit.accessmanager,3.0.8,mvn,mvn,11,https://github.com/apache/sling-$(echo ${artifactId} | tr,${artifactId}-${version},,mvn -Papache-release clean package -DskipTests -Dmaven.javadoc.skip -Dgpg.skip,,true,false,DISCOVERED
RCM-08364,content/org/apache/sling/org.apache.sling.jcr.jackrabbit.usermanager/org.apache.sling.jcr.jackrabbit.usermanager-2.2.16.buildspec,1b286c137fa1e934a8f4a59014a3447f8c894a11c143db2beaf1bc871303232c,org.apache.sling,org.apache.sling.jcr.jackrabbit.usermanager,2.2.16,mvn,mvn,11,https://github.com/apache/sling-$(echo ${artifactId} | tr,${artifactId}-${version},,mvn -Papache-release clean package -DskipTests -Dmaven.javadoc.skip -Dgpg.skip,,true,false,DISCOVERED
RCM-08374,content/org/apache/sling/org.apache.sling.jcr.maintenance/org.apache.sling.jcr.maintenance-1.1.0.buildspec,e4808fd7fbdaeef5972bdc75507cdaef745300dba249787b50157f8dd067286f,org.apache.sling,org.apache.sling.jcr.maintenance,1.1.0,mvn,mvn,11,https://github.com/apache/sling-$(echo ${artifactId} | tr,${artifactId}-${version},,mvn -Papache-release clean package -DskipTests -Dmaven.javadoc.skip -Dgpg.skip,,true,false,DISCOVERED
RCM-08377,content/org/apache/sling/org.apache.sling.jcr.oak.server/org.apache.sling.jcr.oak.server-1.4.0.buildspec,208dd31a238bc8cc209db6b7ee910622a0d1da342f04e5f1e13ef366b809ba31,org.apache.sling,org.apache.sling.jcr.oak.server,1.4.0,mvn,mvn,11,https://github.com/apache/sling-$(echo ${artifactId} | tr,${artifactId}-${version},,mvn -Papache-release clean package -DskipTests -Dmaven.javadoc.skip -Dgpg.skip,,true,false,DISCOVERED
RCM-08380,content/org/apache/sling/org.apache.sling.jcr.packageinit/org.apache.sling.jcr.packageinit-1.0.4.buildspec,445f0cb179d79166bd2dc26e0933bac89a0025f33fd109489c1b68e40ed73b5e,org.apache.sling,org.apache.sling.jcr.packageinit,1.0.4,mvn,mvn,11,https://github.com/apache/sling-$(echo ${artifactId} | tr,${artifactId}-${version},,mvn -Papache-release clean package -DskipTests -Dmaven.javadoc.skip -Dgpg.skip,,true,false,DISCOVERED
RCM-08382,content/org/apache/sling/org.apache.sling.jcr.repoinit/org.apache.sling.jcr.repoinit-1.1.54.buildspec,f291ab32245b2a9dfdc5b7128dbfaa56569aba198ed83b02f6992dc1e1ed3fe7,org.apache.sling,org.apache.sling.jcr.repoinit,1.1.54,mvn-3.9.11,mvn-3.9.11,17,https://github.com/apache/sling-$(echo ${artifactId} | tr,${artifactId}-${version},,mvn -Papache-release clean package -DskipTests -Dmaven.javadoc.skip -Dgpg.skip,,true,false,DISCOVERED
RCM-08384,content/org/apache/sling/org.apache.sling.jcr.resource/org.apache.sling.jcr.resource-3.2.0.buildspec,2057cd257e8aaacd14a3759f96dcdf3320c2b0832c44ce4ba2ca3563e5c2feaa,org.apache.sling,org.apache.sling.jcr.resource,3.2.0,mvn,mvn,11,https://github.com/apache/sling-$(echo ${artifactId} | tr,${artifactId}-${version},,mvn -Papache-release clean package -DskipTests -Dmaven.javadoc.skip -Dgpg.skip,,true,false,DISCOVERED
RCM-08391,content/org/apache/sling/org.apache.sling.jcr.resourcesecurity/org.apache.sling.jcr.resourcesecurity-1.1.0.buildspec,43e920beb7cd8fcf14e0eb296b8a320afb087d2d005a44b9c5eae0ecfacfd80b,org.apache.sling,org.apache.sling.jcr.resourcesecurity,1.1.0,mvn,mvn,11,https://github.com/apache/sling-$(echo ${artifactId} | tr,${artifactId}-${version},,mvn -Papache-release clean package -DskipTests -Dmaven.javadoc.skip -Dgpg.skip,,true,false,DISCOVERED
RCM-08392,content/org/apache/sling/org.apache.sling.jcr.webdav/org.apache.sling.jcr.webdav-2.3.10.buildspec,02e53595fd2e4e74a13ad1dcefd0f44279fdc749337ef326141e9623f6cb964b,org.apache.sling,org.apache.sling.jcr.webdav,2.3.10,mvn-3.9.9,mvn-3.9.9,17,https://github.com/apache/sling-$(echo ${artifactId} | tr,${artifactId}-${version},,mvn -Papache-release clean package -DskipTests -Dmaven.javadoc.skip -Dgpg.skip,,true,false,DISCOVERED
RCM-08394,content/org/apache/sling/org.apache.sling.launchpad.test-services/org.apache.sling.launchpad.test-services-12.buildspec,ea5a4113cd41fb453d7a99acd28e205e8e5434a5265c30c99afe581a37edf7ee,org.apache.sling,org.apache.sling.launchpad.test-services,12,mvn,mvn,11,https://github.com/apache/sling-$(echo ${artifactId} | tr,${artifactId}-${version},,mvn -Papache-release clean package -DskipTests -Dmaven.javadoc.skip -Dgpg.skip,,true,false,DISCOVERED
RCM-08393,content/org/apache/sling/org.apache.sling.launchpad.testing/org.apache.sling.launchpad.testing-12.buildspec,7117a5932950c64db3ed3429e018a846677374205e5e3e040e71a7e44e1ca944,org.apache.sling,org.apache.sling.launchpad.testing,12,mvn-3.9.9,mvn-3.9.9,11,https://github.com/apache/sling-$(echo ${artifactId} | tr,${artifactId}-${version},,mvn -Papache-release clean package -DskipTests -Dmaven.javadoc.skip -Dgpg.skip,,true,false,DISCOVERED
RCM-08401,content/org/apache/sling/org.apache.sling.models.api/org.apache.sling.models.api-2.0.0.buildspec,ea8afed959b3b5221f439c31a76490940dac6d355fd458344a42b6d71a2aa8c1,org.apache.sling,org.apache.sling.models.api,2.0.0,mvn-3.9.11,mvn-3.9.11,17,https://github.com/apache/sling-$(echo ${artifactId} | tr,${artifactId}-${version},https://repo1.maven.org/maven2/org/apache/sling/${artifactId}/${version}/${artifactId}-${version}-source-release.zip,mvn -Papache-release clean package -DskipTests -Dmaven.javadoc.skip -Dgpg.skip -Dspotless.skip,,true,false,DISCOVERED
RCM-08402,content/org/apache/sling/org.apache.sling.models.caconfig/org.apache.sling.models.caconfig-1.0.0.buildspec,6b53421850a88bb5ee415a43879684511e237ff516e91dcdad772d2633a7b365,org.apache.sling,org.apache.sling.models.caconfig,1.0.0,mvn,mvn,11,https://github.com/apache/sling-$(echo ${artifactId} | tr,${artifactId}-${version},https://repo1.maven.org/maven2/org/apache/sling/${artifactId}/${version}/${artifactId}-${version}-source-release.zip,mvn -Papache-release clean package -DskipTests -Dmaven.javadoc.skip -Dgpg.skip,,true,false,DISCOVERED
RCM-08409,content/org/apache/sling/org.apache.sling.models.impl/org.apache.sling.models.impl-1.6.4.buildspec,e07295386a37e7588fe9df3cad35e090d4eb3b01cbef49ea22a4bb58e87a5b10,org.apache.sling,org.apache.sling.models.impl,1.6.4,mvn,mvn,11,https://github.com/apache/sling-$(echo ${artifactId} | tr,${artifactId}-${version},https://repo1.maven.org/maven2/org/apache/sling/${artifactId}/${version}/${artifactId}-${version}-source-release.zip,mvn -Papache-release clean package -DskipTests -Dmaven.javadoc.skip -Dgpg.skip,,true,false,DISCOVERED
RCM-08417,content/org/apache/sling/org.apache.sling.models.jacksonexporter/org.apache.sling.models.jacksonexporter-1.1.0.buildspec,20c52f6766038b05541b71f694da615d156953e6e84a04228e4f2a1526fdf2b1,org.apache.sling,org.apache.sling.models.jacksonexporter,1.1.0,mvn,mvn,11,https://github.com/apache/sling-$(echo ${artifactId} | tr,${artifactId}-${version},https://repo1.maven.org/maven2/org/apache/sling/${artifactId}/${version}/${artifactId}-${version}-source-release.zip,mvn -Papache-release clean package -DskipTests -Dmaven.javadoc.skip -Dgpg.skip,,true,false,DISCOVERED
RCM-08422,content/org/apache/sling/org.apache.sling.models.validation-impl/org.apache.sling.models.validation-impl-1.0.0.buildspec,522b8772e22eecc206e98291116dc8b8f3b8f45ff55c86056805a567b699d196,org.apache.sling,org.apache.sling.models.validation-impl,1.0.0,mvn,mvn,8,https://github.com/apache/sling-$(echo ${artifactId} | tr,${artifactId}-${version},,mvn -Papache-release clean package -DskipTests -Dmaven.javadoc.skip -Dgpg.skip,,true,false,DISCOVERED
RCM-08428,content/org/apache/sling/org.apache.sling.pipes/org.apache.sling.pipes-4.5.0.buildspec,2f483db49cd0160f46e067f263f42838da64309f12008181960fd41cc6361afb,org.apache.sling,org.apache.sling.pipes,4.5.0,mvn,mvn,8,https://github.com/apache/sling-$(echo ${artifactId} | tr,${artifactId}-${version},,mvn -Papache-release clean package -DskipTests -Dmaven.javadoc.skip -Dgpg.skip,,true,false,DISCOVERED
RCM-08430,content/org/apache/sling/org.apache.sling.providertype.bnd-plugin/org.apache.sling.providertype.bnd-plugin-1.0.0.buildspec,77b138e937eb7488339c36ab4744f9b63fbd6eb9e1c2410bd2169e1740adac84,org.apache.sling,org.apache.sling.providertype.bnd-plugin,1.0.0,mvn,mvn,11,https://gitbox.apache.org/repos/asf/sling-org-apache-sling-providertype-bnd-plugin.git,${artifactId}-${version},,mvn -Papache-release clean package -DskipTests -Dmaven.javadoc.skip -Dgpg.skip,,true,false,DISCOVERED
RCM-08431,content/org/apache/sling/org.apache.sling.query/org.apache.sling.query-4.0.4.buildspec,5faa6cfb158e52dedc1028c55ccf5a9d5fd7f9c2a373d191277d890daf72f315,org.apache.sling,org.apache.sling.query,4.0.4,mvn,mvn,11,https://github.com/apache/sling-$(echo ${artifactId} | tr,${artifactId}-${version},https://archive.apache.org/dist/sling/${artifactId}-${version}-source-release.zip,mvn -Papache-release clean package -DskipTests -Dmaven.javadoc.skip -Dgpg.skip,,true,false,DISCOVERED
RCM-08436,content/org/apache/sling/org.apache.sling.repoinit.parser/org.apache.sling.repoinit.parser-1.7.0.buildspec,43d8c8ac6e001be347af47afe0d7b395d86372a7ba7b3bf09bdc6d9a4b719515,org.apache.sling,org.apache.sling.repoinit.parser,1.7.0,mvn,mvn,11,https://github.com/apache/sling-$(echo ${artifactId} | tr,${artifactId}-${version},,mvn -Papache-release clean package -DskipTests -Dmaven.javadoc.skip -Dgpg.skip,,true,false,DISCOVERED
RCM-08445,content/org/apache/sling/org.apache.sling.resource.observation.annotations/org.apache.sling.resource.observation.annotations-1.0.0.buildspec,69da8d629bf03121e200fab270a6bb4e9be0bda221e292d1debe0aac058984de,org.apache.sling,org.apache.sling.resource.observation.annotations,1.0.0,mvn,mvn,11,https://github.com/apache/sling-$(echo ${artifactId} | tr,${artifactId}-${version},,mvn -Papache-release clean package -DskipTests -Dmaven.javadoc.skip -Dgpg.skip,,true,false,DISCOVERED
RCM-08440,content/org/apache/sling/org.apache.sling.resourceaccesssecurity/org.apache.sling.resourceaccesssecurity-1.1.0.buildspec,1f753b7b551a7b3608bff64a12a0a30506177726ebabf06cde18fdf561a1696e,org.apache.sling,org.apache.sling.resourceaccesssecurity,1.1.0,mvn,mvn,11,https://github.com/apache/sling-$(echo ${artifactId} | tr,${artifactId}-${version},,mvn -Papache-release clean package -DskipTests -Dmaven.javadoc.skip -Dgpg.skip,,true,false,DISCOVERED
RCM-08443,content/org/apache/sling/org.apache.sling.resourcemerger/org.apache.sling.resourcemerger-1.4.2.buildspec,60cdf6ef0f2c7ac7355f9899e097f7e28f2121a46f73007bcfa7a28323d4e349,org.apache.sling,org.apache.sling.resourcemerger,1.4.2,mvn,mvn,11,https://github.com/apache/sling-$(echo ${artifactId} | tr,${artifactId}-${version},,mvn -Papache-release clean package -DskipTests -Dmaven.javadoc.skip -Dgpg.skip,,true,false,DISCOVERED
RCM-08464,content/org/apache/sling/org.apache.sling.resourceresolver/org.apache.sling.resourceresolver-2.0.0.buildspec,4eafd9113229d057ebd68b8929791a1e12d9c4894caeda49252a23782b9c3eed,org.apache.sling,org.apache.sling.resourceresolver,2.0.0,mvn-3.9.9,mvn-3.9.9,17,https://github.com/apache/sling-$(echo ${artifactId} | tr,${artifactId}-${version},,mvn -Papache-release clean package -DskipTests -Dmaven.javadoc.skip -Dgpg.skip,,true,false,DISCOVERED
RCM-08468,content/org/apache/sling/org.apache.sling.rewriter/org.apache.sling.rewriter-1.3.2.buildspec,1355569d8ae87c060ac677a2e001e94d27d8dbb2cf8edc24f7a0b63975b4f150,org.apache.sling,org.apache.sling.rewriter,1.3.2,mvn,mvn,11,https://github.com/apache/sling-$(echo ${artifactId} | tr,${artifactId}-${version},,mvn -Papache-release clean package -DskipTests -Dmaven.javadoc.skip -Dgpg.skip,,true,false,DISCOVERED
RCM-08475,content/org/apache/sling/org.apache.sling.scripting.core/org.apache.sling.scripting.core-2.4.10.buildspec,767e800de3d7f3c771779d811dd5bb9626379251d24965ec8af9ab7b7a9f0498,org.apache.sling,org.apache.sling.scripting.core,2.4.10,mvn,mvn,11,https://github.com/apache/sling-$(echo ${artifactId} | tr,${artifactId}-${version},,mvn -Papache-release clean package -DskipTests -Dmaven.javadoc.skip -Dgpg.skip,,true,false,DISCOVERED
RCM-08482,content/org/apache/sling/org.apache.sling.scripting.groovy/org.apache.sling.scripting.groovy-1.3.0.buildspec,3ee4ba9db971453c4dd465612944e65f8aadbc117afb2881cf49136ff9a81b41,org.apache.sling,org.apache.sling.scripting.groovy,1.3.0,mvn-3.9.9,mvn-3.9.9,17,https://github.com/apache/sling-$(echo ${artifactId} | tr,${artifactId}-${version},,mvn -Papache-release clean package -DskipTests -Dmaven.javadoc.skip -Dgpg.skip -Dmaven.source.skip,,true,false,DISCOVERED
RCM-08483,content/org/apache/sling/org.apache.sling.scripting.jsp.taglib/org.apache.sling.scripting.jsp.taglib-2.4.2.buildspec,8b05c88c118fb915f1c3d930fb9b20adc9f0561148bea3d501dcdfd4f1beb4fa,org.apache.sling,org.apache.sling.scripting.jsp.taglib,2.4.2,mvn-3.9.9,mvn-3.9.9,17,https://github.com/apache/sling-$(echo ${artifactId} | tr,${artifactId}-${version},,mvn -Papache-release clean package -DskipTests -Dmaven.javadoc.skip -Dgpg.skip,,true,false,DISCOVERED
RCM-08492,content/org/apache/sling/org.apache.sling.scripting.sightly/org.apache.sling.scripting.sightly-1.4.28-1.4.0.buildspec,3ba5de90c7858f1e93845377353031ebb0f0a09655dce331e6f2a80594c16ce6,org.apache.sling,org.apache.sling.scripting.sightly,1.4.28-1.4.0,mvn-3.9.9,mvn-3.9.9,17,https://github.com/apache/sling-$(echo ${artifactId} | tr,${artifactId}-${version},,mvn -Papache-release clean package -DskipTests -Dmaven.javadoc.skip -Dgpg.skip,,true,false,DISCOVERED
RCM-08494,content/org/apache/sling/org.apache.sling.scripting.sightly.repl/org.apache.sling.scripting.sightly.repl-1.0.10.buildspec,f92d0a8fa8f3b7edcea850da491ed1ef9b20018e876cc533393be9a61f7aa844,org.apache.sling,org.apache.sling.scripting.sightly.repl,1.0.10,mvn,mvn,11,https://github.com/apache/sling-$(echo ${artifactId} | tr,${artifactId}-${version},,mvn -Papache-release clean package -DskipTests -Dmaven.javadoc.skip -Dgpg.skip,,true,false,DISCOVERED
RCM-08502,content/org/apache/sling/org.apache.sling.scripting.sightly.testing/org.apache.sling.scripting.sightly.testing-1.0.40-1.4.0.buildspec,bfd55deff5ddd735cdc16070f364997c06a646064b74eb93461155c3eb5c43da,org.apache.sling,org.apache.sling.scripting.sightly.testing,1.0.40-1.4.0,mvn,mvn,8,https://github.com/apache/sling-$(echo ${artifactId} | tr,${artifactId}-${version},,mvn -Papache-release clean package -DskipTests -Dmaven.javadoc.skip -Dgpg.skip,,true,false,DISCOVERED
RCM-08495,content/org/apache/sling/org.apache.sling.scripting.sightly.testing-content/org.apache.sling.scripting.sightly.testing-content-1.0.30-1.4.0.buildspec,a40851bbea7a816c0f9e0de84a86f7a83879beea134dcff9d544f9bb30db249e,org.apache.sling,org.apache.sling.scripting.sightly.testing-content,1.0.30-1.4.0,mvn,mvn,11,https://github.com/apache/sling-$(echo ${artifactId} | tr,${artifactId}-${version},,mvn -Papache-release clean package -DskipTests -Dmaven.javadoc.skip -Dgpg.skip,,true,false,DISCOVERED
RCM-08504,content/org/apache/sling/org.apache.sling.scripting.spi/org.apache.sling.scripting.spi-2.0.0.buildspec,e9362a8f463fead1947c75032ccb1fdfc5d6ef4d977d30a8becddbe2018c4ee1,org.apache.sling,org.apache.sling.scripting.spi,2.0.0,mvn-3.9.9,mvn-3.9.9,17,https://github.com/apache/sling-$(echo ${artifactId} | tr,${artifactId}-${version},,mvn -Papache-release clean package -DskipTests -Dmaven.javadoc.skip -Dgpg.skip,,true,false,DISCOVERED
RCM-08508,content/org/apache/sling/org.apache.sling.security/org.apache.sling.security-1.3.0.buildspec,13782ad65e243f0a8db852e05c92793e7827f54b22de774971794536b57a0d4d,org.apache.sling,org.apache.sling.security,1.3.0,mvn,mvn,11,https://github.com/apache/sling-$(echo ${artifactId} | tr,${artifactId}-${version},,mvn -Papache-release clean package -DskipTests -Dmaven.javadoc.skip -Dgpg.skip,,true,false,DISCOVERED
RCM-08509,content/org/apache/sling/org.apache.sling.serviceuser.webconsole/org.apache.sling.serviceuser.webconsole-1.0.4.buildspec,c09237558d07867230c11632f9e884bfcba11d97ebb3910ee0ffbf9cf148b4eb,org.apache.sling,org.apache.sling.serviceuser.webconsole,1.0.4,mvn-3.9.9,mvn-3.9.9,17,https://github.com/apache/sling-$(echo ${artifactId} | tr,${artifactId}-${version},,mvn -Papache-release clean package -DskipTests -Dmaven.javadoc.skip -Dgpg.skip,,true,false,DISCOVERED
RCM-08511,content/org/apache/sling/org.apache.sling.servlets.annotations/org.apache.sling.servlets.annotations-1.2.6.buildspec,bc9d9409235ae64b0267709a8d51381609e6471273e650488c82d0bd697b4a8b,org.apache.sling,org.apache.sling.servlets.annotations,1.2.6,mvn,mvn,11,https://github.com/apache/sling-$(echo ${artifactId} | tr,${artifactId}-${version},,mvn -Papache-release clean package -DskipTests -Dmaven.javadoc.skip -Dgpg.skip,,true,false,DISCOVERED
RCM-08512,content/org/apache/sling/org.apache.sling.servlets.post/org.apache.sling.servlets.post-2.4.6.buildspec,27532052781c3981c9fbed2ecf7df52e3f8543b691ed4d82d8667d9832f71baa,org.apache.sling,org.apache.sling.servlets.post,2.4.6,mvn,mvn,11,https://github.com/apache/sling-$(echo ${artifactId} | tr,${artifactId}-${version},,mvn -Papache-release clean package -DskipTests -Dmaven.javadoc.skip -Dgpg.skip,,true,false,DISCOVERED
RCM-08525,content/org/apache/sling/org.apache.sling.servlets.resolver/org.apache.sling.servlets.resolver-2.8.2.buildspec,eb9ee84b2c69f0a042b94ec39fe76d5075154c6e8ee9cd7cd0e723a66039e6f9,org.apache.sling,org.apache.sling.servlets.resolver,2.8.2,mvn,mvn,11,https://github.com/apache/sling-$(echo ${artifactId} | tr,${artifactId}-${version},,mvn -Papache-release clean package -DskipTests -Dmaven.javadoc.skip -Dgpg.skip,,true,false,DISCOVERED
RCM-08538,content/org/apache/sling/org.apache.sling.settings/org.apache.sling.settings-1.4.0.buildspec,5dd143bb1d7f1dd7fdbb16805ec445fcdc4e42f36e41134601796f7da4ee65c6,org.apache.sling,org.apache.sling.settings,1.4.0,mvn,mvn,8,https://github.com/apache/sling-$(echo ${artifactId} | tr,${artifactId}-${version},,mvn -Papache-release clean package -DskipTests -Dmaven.javadoc.skip -Dgpg.skip,,true,false,DISCOVERED
RCM-08542,content/org/apache/sling/org.apache.sling.sitemap/org.apache.sling.sitemap-1.0.6.buildspec,c8f1c96b9a3e30af9d6210186115b06693c100745aa35ed213ccee9092b268dd,org.apache.sling,org.apache.sling.sitemap,1.0.6,mvn,mvn,11,https://github.com/apache/sling-$(echo ${artifactId} | tr,${artifactId}-${version},,mvn -Papache-release clean package -DskipTests -Dmaven.javadoc.skip -Dgpg.skip,,true,false,DISCOVERED
RCM-08551,content/org/apache/sling/org.apache.sling.starter/org.apache.sling.starter-14.buildspec,6ad0d442e702360d82d3022179528ab236a37ebda40727ab7057694ff957b3c0,org.apache.sling,org.apache.sling.starter,14,mvn-3.9.12,mvn-3.9.12,21,https://github.com/apache/sling-$(echo ${artifactId} | tr,${artifactId}-${version},,mvn -Papache-release clean package -DskipTests -Dmaven.javadoc.skip -Dgpg.skip,,true,false,DISCOVERED
RCM-08543,content/org/apache/sling/org.apache.sling.starter.content/org.apache.sling.starter.content-1.0.10.buildspec,3a7d9d624ccfcd2cc1651ed21362474bd557c0c86cf54fb5d448e4e0cc32a291,org.apache.sling,org.apache.sling.starter.content,1.0.10,mvn,mvn,11,https://github.com/apache/sling-$(echo ${artifactId} | tr,${artifactId}-${version},,mvn -Papache-release clean package -DskipTests -Dmaven.javadoc.skip -Dgpg.skip,,true,false,DISCOVERED
RCM-08552,content/org/apache/sling/org.apache.sling.tenant/org.apache.sling.tenant-1.1.6.buildspec,7fe472166cc9f94951af125dbf6fa12ff097a7b67db6c9675f1a0ca3f372ac58,org.apache.sling,org.apache.sling.tenant,1.1.6,mvn,mvn,11,https://github.com/apache/sling-$(echo ${artifactId} | tr,${artifactId}-${version},,mvn -Papache-release clean package -DskipTests -Dmaven.javadoc.skip -Dgpg.skip,,true,false,DISCOVERED
RCM-08558,content/org/apache/sling/org.apache.sling.testing.caconfig-mock-plugin/org.apache.sling.testing.caconfig-mock-plugin-1.5.0.buildspec,59470e89d4163c377bf6b868c531150c9fb6f2d7ec35c0d4fabc14a78975e228,org.apache.sling,org.apache.sling.testing.caconfig-mock-plugin,1.5.0,mvn,mvn,11,https://github.com/apache/sling-$(echo ${artifactId} | tr,${artifactId}-${version},https://repo1.maven.org/maven2/org/apache/sling/${artifactId}/${version}/${artifactId}-${version}-source-release.zip,mvn -Papache-release clean package -DskipTests -Dmaven.javadoc.skip -Dgpg.skip,,true,false,DISCOVERED
RCM-08570,content/org/apache/sling/org.apache.sling.testing.clients/org.apache.sling.testing.clients-3.0.6.buildspec,b23e165230b8526c7c03d05e1d27c074c4b74d9dedbcae796db15b46a552ae44,org.apache.sling,org.apache.sling.testing.clients,3.0.6,mvn,mvn,11,https://github.com/apache/sling-$(echo ${artifactId} | tr,${artifactId}-${version},,mvn -Papache-release clean package -DskipTests -Dmaven.javadoc.skip -Dgpg.skip,,true,false,DISCOVERED
RCM-08572,content/org/apache/sling/org.apache.sling.testing.hamcrest/org.apache.sling.testing.hamcrest-1.1.0.buildspec,21bcb58644621094cd5434c0d83dcd99891a07d6b184c7a90c1b23cd5126827c,org.apache.sling,org.apache.sling.testing.hamcrest,1.1.0,mvn,mvn,11,https://github.com/apache/sling-$(echo ${artifactId} | tr,${artifactId}-${version},,mvn -Papache-release clean package -DskipTests -Dmaven.javadoc.skip -Dgpg.skip,,true,false,DISCOVERED
RCM-08576,content/org/apache/sling/org.apache.sling.testing.jcr-mock/org.apache.sling.testing.jcr-mock-1.6.12.buildspec,8287951ab5c05cddbde2802a1785ca8d8fbcb251472e9646f4b60e07468699cb,org.apache.sling,org.apache.sling.testing.jcr-mock,1.6.12,mvn,mvn,17,https://github.com/apache/sling-$(echo ${artifactId} | tr,${artifactId}-${version},,mvn -Papache-release clean package -DskipTests -Dmaven.javadoc.skip -Dgpg.skip,,true,false,DISCOVERED
RCM-08587,content/org/apache/sling/org.apache.sling.testing.osgi-mock/org.apache.sling.testing.osgi-mock-3.3.10.buildspec,40bc4b9a9e3173f2e642a9366cf8e88e3a7263f7d2f14c6939c68a50dbf42c67,org.apache.sling,org.apache.sling.testing.osgi-mock,3.3.10,mvn,mvn,11,https://github.com/apache/sling-$(echo ${artifactId} | tr,${artifactId}.reactor-${version},,mvn -Papache-release clean package -DskipTests -Dmaven.javadoc.skip -Dgpg.skip,,true,false,DISCOVERED
RCM-08600,content/org/apache/sling/org.apache.sling.testing.paxexam/org.apache.sling.testing.paxexam-4.1.0.buildspec,131803b299c7379531f98c1814ed1e932b4ba2d34612c32586959e70ab7860ae,org.apache.sling,org.apache.sling.testing.paxexam,4.1.0,mvn-3.9.9,mvn-3.9.9,17,https://github.com/apache/sling-$(echo ${artifactId} | tr,${artifactId}-${version},,mvn -Papache-release clean package -DskipTests -Dmaven.javadoc.skip -Dgpg.skip -Dpmd.skip -Dcheckstyle.skip -Dspotbugs.skip -Dmaven.source.skip,,true,false,DISCOVERED
RCM-08613,content/org/apache/sling/org.apache.sling.testing.resourceresolver-mock/org.apache.sling.testing.resourceresolver-mock-2.0.0.buildspec,b077934dd189fd13c40ad95439e3fd0d3a86992f1d896ff62e77dae421de57cd,org.apache.sling,org.apache.sling.testing.resourceresolver-mock,2.0.0,mvn-3.9.8,mvn-3.9.8,17,https://github.com/apache/sling-$(echo ${artifactId} | tr,${artifactId}-${version},,mvn -Papache-release clean package -DskipTests -Dmaven.javadoc.skip -Dgpg.skip -Dspotless.skip,,true,false,DISCOVERED
RCM-08614,content/org/apache/sling/org.apache.sling.testing.rules/org.apache.sling.testing.rules-2.0.2.buildspec,4f232a1d2fd24721cadafd3ed1b7bf5c446044c50619d54aa69a953f66bc6422,org.apache.sling,org.apache.sling.testing.rules,2.0.2,mvn-3.9.9,mvn-3.9.9,11,https://github.com/apache/sling-$(echo ${artifactId} | tr,${artifactId}-${version},,mvn -Papache-release clean package -DskipTests -Dmaven.javadoc.skip -Dgpg.skip,,true,false,DISCOVERED
RCM-08645,content/org/apache/sling/org.apache.sling.testing.sling-mock/org.apache.sling.testing.sling-mock-4.0.4.buildspec,3e9374a4c5686986cc5f4e7514a739317293086d39241fdf1fc1025b462dcf96,org.apache.sling,org.apache.sling.testing.sling-mock,4.0.4,mvn-3.9.11,mvn-3.9.11,21,https://github.com/apache/sling-$(echo ${artifactId} | tr,${artifactId}.reactor-${version},,mvn -Papache-release package -DskipTests -Dmaven.javadoc.skip -Dgpg.skip -Dspotless.skip,,true,false,DISCOVERED
RCM-08621,content/org/apache/sling/org.apache.sling.testing.sling-mock-oak/org.apache.sling.testing.sling-mock-oak-3.2.0-1.22.15.buildspec,b3b63bae0d6b540d8dc95c26ba1172dcfbc2d279d56184b55111146b7213c3b9,org.apache.sling,org.apache.sling.testing.sling-mock-oak,3.2.0-1.22.15,mvn,mvn,11,https://github.com/apache/sling-$(echo ${artifactId} | tr,${artifactId}-${version},,mvn -Papache-release clean package -DskipTests -Dmaven.javadoc.skip -Dgpg.skip -Dspotless.skip,,true,false,DISCOVERED
RCM-08647,content/org/apache/sling/org.apache.sling.tooling.support.install/org.apache.sling.tooling.support.install-1.1.0.buildspec,1ffdde69af2a066e92cefa5f1619e501bc7ff3c04a232796d8b4b5baa09ce542,org.apache.sling,org.apache.sling.tooling.support.install,1.1.0,mvn,mvn,11,https://github.com/apache/sling-$(echo ${artifactId} | tr,${artifactId}-${version},,mvn -Papache-release clean package -DskipTests -Dmaven.javadoc.skip -Dgpg.skip,,true,false,DISCOVERED
RCM-08648,content/org/apache/sling/org.apache.sling.tooling.support.source/org.apache.sling.tooling.support.source-1.1.0.buildspec,66006e931c3d7e3b94846db1a718526c3603f03861151d926b47cbd340aab3d7,org.apache.sling,org.apache.sling.tooling.support.source,1.1.0,mvn,mvn,11,https://github.com/apache/sling-$(echo ${artifactId} | tr,${artifactId}-${version},,mvn -Papache-release clean package -DskipTests -Dmaven.javadoc.skip -Dgpg.skip,,true,false,DISCOVERED
RCM-08649,content/org/apache/sling/org.apache.sling.tracer/org.apache.sling.tracer-1.0.8.buildspec,d9cb804bd2e6b17f773797db4a66a2b2c85d99ba93a6ed32810d6c35bc93cef4,org.apache.sling,org.apache.sling.tracer,1.0.8,mvn-3.9.9,mvn-3.9.9,11,https://github.com/apache/sling-$(echo ${artifactId} | tr,${artifactId}-${version},,mvn -Papache-release clean package -DskipTests -Dmaven.javadoc.skip -Dgpg.skip,,true,false,DISCOVERED
RCM-08651,content/org/apache/sling/org.apache.sling.validation.api/org.apache.sling.validation.api-1.0.2.buildspec,3a295c98ce3cc554f63f2e597ca73d02a0871957529ef1f3d4dd953d25185e54,org.apache.sling,org.apache.sling.validation.api,1.0.2,mvn-3.9.9,mvn-3.9.9,17,https://github.com/apache/sling-$(echo ${artifactId} | tr,${artifactId}-${version},,mvn -Papache-release clean package -DskipTests -Dmaven.javadoc.skip -Dgpg.skip,,true,false,DISCOVERED
RCM-08655,content/org/apache/sling/org.apache.sling.xss/org.apache.sling.xss-2.3.4.buildspec,0aff2670705be8e534264ceff2c7ee37755e16391e41e7d90941183856111395,org.apache.sling,org.apache.sling.xss,2.3.4,mvn,mvn,11,https://github.com/apache/sling-$(echo ${artifactId} | tr,${artifactId}-${version},,mvn -Papache-release clean package -DskipTests -Dmaven.javadoc.skip -Dgpg.skip,,true,false,DISCOVERED
RCM-08664,content/org/apache/sling/scriptingbundle-maven-plugin/scriptingbundle-maven-plugin-0.4.0.buildspec,b3f6bd9df884394ee6e6a2bd3bb6a1c2ad38b7a9c04374eff8d71916f4266ad2,org.apache.sling,scriptingbundle-maven-plugin,0.4.0,mvn,mvn,11,https://github.com/apache/sling-${artifactId}.git,${artifactId}-${version},,mvn -Papache-release clean package -DskipTests -Dmaven.javadoc.skip -Dgpg.skip,,true,false,DISCOVERED
RCM-08685,content/org/apache/sling/sling-maven-plugin/sling-maven-plugin-3.0.2.buildspec,903494a20c29a0b6985c7bc47bf3bc903bf950e154a43ea3d6d1ced07660a133,org.apache.sling,sling-maven-plugin,3.0.2,mvn,mvn,8,https://github.com/apache/${artifactId}.git,${artifactId}-${version},,mvn -Papache-release clean package -DskipTests -Dmaven.javadoc.skip -Dgpg.skip,,true,false,DISCOVERED
RCM-08673,content/org/apache/sling/slingfeature-maven-plugin/slingfeature-maven-plugin-1.6.6.buildspec,5f9ae5eb1ddf4da4d65fa1d40aec3185de6da4c8cfafc9c0909b03d99889a953,org.apache.sling,slingfeature-maven-plugin,1.6.6,mvn,mvn,11,https://github.com/apache/sling-${artifactId}.git,${artifactId}-${version},,mvn -Papache-release clean package -DskipTests -Dmaven.javadoc.skip -Dgpg.skip,,true,false,DISCOVERED
RCM-08702,content/org/apache/sshd/sshd-2.8.0.buildspec,83ebec6b88fbed75f65ab87479328578e02e36cab3a7f040a271c6cdf87d2b2d,org.apache.sshd,sshd,2.8.0,mvn,mvn,8,https://github.com/apache/mina-${artifactId}.git,${artifactId}-${version},,mvn -Papache-release clean package -DskipTests -Dmaven.javadoc.skip -Dgpg.skip,,true,false,DISCOVERED
RCM-08717,content/org/apache/stormcrawler/stormcrawler-3.5.0.buildspec,7bfcb84aea0433a16c773556f86ea52096898dc6d1c311aa9b38b176a77c4058,org.apache.stormcrawler,stormcrawler,3.5.0,mvn-3.9.9,mvn-3.9.9,21,https://github.com/apache/${artifactId}.git,${artifactId}-${version},,mvn -Papache-release clean package -DskipTests -Dmaven.javadoc.skip -Dgpg.skip,,true,false,DISCOVERED
RCM-08745,content/org/apache/struts/struts2-6.6.1.buildspec,95e5cca9a31ddf9d81d4658c5fb8942b85160c77ea6e5af4fd9e392654caf2a7,org.apache.struts,struts2-parent,6.6.1,mvn,mvn,8,https://github.com/apache/struts.git,STRUTS_`echo ${version} | tr . _`,,mvn -Papache-release clean package -DskipTests -Dmaven.javadoc.skip -Dgpg.skip -DskipAssembly,,true,false,DISCOVERED
RCM-08752,content/org/apache/struts/struts2-7.1.1.buildspec,17f87f5b72e905f1bc96c10c0142216a7b788eaac5ac9ebffae4151ad8477caa,org.apache.struts,struts2-project,7.1.1,mvn-3.9.11,mvn-3.9.11,17,https://github.com/apache/struts.git,STRUTS_`echo ${version} | tr . _`,,mvn -Papache-release clean package -DskipTests -Dmaven.javadoc.skip -Dgpg.skip -DskipAssembly,,true,false,DISCOVERED
RCM-08754,content/org/apache/synapse/synapse-3.0.2.buildspec,e84b4c902604237fa199822c7c693e15e3a8e61405723ce6363ed0646091b65d,org.apache.synapse,Apache-Synapse,3.0.2,mvn,mvn,8,https://gitbox.apache.org/repos/asf/synapse.git,${artifactId}-${version},,mvn -Prelease clean verify -DskipTests -Dmaven.javadoc.skip -Dgpg.skip -Ddocker.skip,,true,false,DISCOVERED
RCM-08777,content/org/apache/syncope/syncope-4.0.0-M1.buildspec,a664cf64d66cbc397f6e91e4f6cd846d566970039780f99ad67c5bd86c4138b5,org.apache.syncope,syncope,4.0.0-M1,mvn-3.9.9,mvn-3.9.9,21,https://gitbox.apache.org/repos/asf/${artifactId}.git,${artifactId}-${version},,"mvn -Papache-release,skipTests clean verify -DskipTests -Dmaven.javadoc.skip -Dgpg.skip -Ddocker.skip -Dbuildinfo.ignore=org.apache.syncope/syncope-${version}-cyclonedx.*",,true,false,DISCOVERED
RCM-08791,content/org/apache/systemds/systemds-3.2.0.buildspec,d2533d7b40d9d15eab88c87e0df645c623eae7ca2821fbe645d012f1f3f1690b,org.apache.systemds,systemds,3.2.0,mvn-3.9.8,mvn-3.9.8,11,https://github.com/apache/${artifactId}.git,${version}-rc2,,mvn -Pdistribution clean package -DskipTests -Dmaven.javadoc.skip -Dgpg.skip,,true,false,DISCOVERED
RCM-08796,content/org/apache/tika/tika-2.2.1.buildspec,e49b620f054a6475f9547cd5aaa19086f18221876a67ada21e126fcf2698f404,org.apache.tika,tika,2.2.1,mvn,mvn,8,https://github.com/apache/${artifactId}.git,${version},,mvn -Papache-release clean package -DskipTests -Dmaven.javadoc.skip -Dgpg.skip -Dossindex.skip,,true,false,DISCOVERED
RCM-08826,content/org/apache/tomee/jakartaee-api/jakartaee-api-9.1.1.buildspec,dfb184f60475250726f50a70e3fd64c6811c2498fdecd5c46fdb578806b69960,org.apache.tomee,jakartaee-api,9.1.1,mvn,mvn,11,https://github.com/apache/tomee-${artifactId}.git,${artifactId}-${version},https://archive.apache.org/dist/tomee/${artifactId}-${version}/${artifactId}-${version}-source-release.zip,mvn -Papache-release clean package -DskipTests -Dmaven.javadoc.skip -Dgpg.skip,,true,false,DISCOVERED
RCM-08820,content/org/apache/tomee/jakartaee-api/jakartaee-api-10.0.1.buildspec,a121fad83361bfaac21083972f9472eb2d494c8b4e1deafe3b7eae2c95d88a38,org.apache.tomee,jakartaee-api-parent,10.0.1,mvn,mvn,11,https://github.com/apache/tomee-jakartaee-api.git,${artifactId}-${version},,mvn -pl,,true,false,DISCOVERED
RCM-08829,content/org/apache/tooling/atr-maven-plugin/atr-maven-plugin-1.0.0-alpha-1.buildspec,b388daee234838f0b4bddfa346b8e3003bc2ccf1ee4198142e10cc10bd268796,org.apache.tooling,atr-maven-plugin,1.0.0-alpha-1,mvn-3.9.12,mvn-3.9.12,25,https://github.com/apache/tooling-${artifactId}.git,${artifactId}-${version},,mvn -Papache-release clean package -DskipTests -Dmaven.javadoc.skip -Dgpg.skip,,true,false,DISCOVERED
RCM-08830,content/org/apache/turbine/turbine-webapp-6.0/turbine-webapp-6.0-3.0.0.buildspec,83c2679c5d3da857a3bd9cd46cb1b4749788d18ad20dc7067e59db942f1cd6d3,org.apache.turbine,turbine-webapp-6.0,3.0.0,mvn,mvn,17,https://github.com/apache/turbine-archetypes.git,${artifactId}-${version},,mvn clean package -DskipTests -Dmaven.javadoc.skip -Dgpg.skip,,true,false,DISCOVERED
RCM-08833,content/org/apache/wayang/wayang-0.7.1.buildspec,e2b8e7ef89f26810dfc4e0bbccfed5f498c9ee7231f46ae76cf8d25741b25464,org.apache.wayang,wayang,0.7.1,mvn,mvn,8,https://github.com/apache/incubator-${artifactId}.git,wayang-${version},,SHELL mvn -Papache-release clean package -DskipTests -Dmaven.javadoc.skip -Dgpg.skip,,false,true,DISCOVERED
RCM-08845,content/org/apache/wicket/wicket-parent-10.8.0.buildspec,4004db118fb1866462c15cbbed72a8f0f8a794fc2ba29482135c521615f6ba00,org.apache.wicket,wicket-parent,10.8.0,mvn,mvn,17,https://git-wip-us.apache.org/repos/asf/wicket.git,rel/wicket-${version},,"mvn -Papache-release,release clean package -DskipTests -Dmaven.javadoc.skip -Dgpg.skip",,true,false,DISCOVERED
RCM-08848,content/org/apache/ws/commons/axiom/axiom-1.4.0.buildspec,e17182aee69cd8e9cc4014fcfe4194a6c4d121cf197b132aaa791af7cfd78b5c,org.apache.ws.commons.axiom,axiom,1.4.0,mvn,mvn,11,https://github.com/apache/ws-${artifactId}.git,${version},,mvn -Papache-release clean package -DskipTests -Dgpg.skip,,true,false,DISCOVERED
RCM-08863,content/org/apache/ws/xmlschema/xmlschema/xmlschema-2.3.2.buildspec,339942d8e7178aa02baa2f213dab4fc53b6ea3da3bb1526ed1a0b151b1175fcb,org.apache.ws.xmlschema,xmlschema,2.3.2,mvn,mvn,8,https://gitbox.apache.org/repos/asf/ws-xmlschema.git,${artifactId}-${version},,mvn -Papache-release clean package -DskipTests -Dmaven.javadoc.skip -Dgpg.skip,,true,false,DISCOVERED
RCM-08856,content/org/apache/wss4j/wss4j-3.0.2.buildspec,972a0372e29c825a0195c6298c0dd54468c665a42539dca89e9ad21147812c1f,org.apache.wss4j,wss4j,3.0.2,mvn,mvn,11,https://github.com/apache/ws-${artifactId}.git,${artifactId}-${version},,mvn -Papache-release clean package -DskipTests -Dmaven.javadoc.skip -Dgpg.skip,,true,false,DISCOVERED
RCM-08864,content/org/apache/zookeeper/zookeeper-3.8.1.buildspec,1652871fb87c17abb7a6c7859eb4e94f5f2a04ee405e7923ae0d3b8e09775f7f,org.apache.zookeeper,parent,3.8.1,mvn,mvn,8,https://github.com/apache/zookeeper.git,release-${version},,"mvn -Papache-release,fatjar clean package -DskipTests -Dmaven.javadoc.skip -Dgpg.skip -Dcyclonedx.skip",,true,false,DISCOVERED
RCM-08870,content/org/apache/zookeeper/zookeeper-3.9.5.buildspec,d5bdac396aa88e531438028686e75785e92e4b08a175c48aab32fad1f5395cc1,org.apache.zookeeper,zookeeper,3.9.5,mvn-3.9.12,mvn-3.9.12,11,https://github.com/apache/zookeeper.git,release-${version},,"mvn -Papache-release,fatjar clean package -DskipTests -Dmaven.javadoc.skip -Dgpg.skip -Dcyclonedx.skip -Djava.version=",,true,false,DISCOVERED
RCM-08872,content/org/chabala/brick/brick-control-lab/brick-control-lab-0.2.2.buildspec,fb0e872b90c838720b020322da4d1c98ce4c1641e5ce4959789a367279323ee4,org.chabala.brick,brick-control-lab,0.2.2,mvn,mvn,8,https://github.com/chabala/${artifactId}.git,${version},,mvn clean package -DskipTests -Dmaven.javadoc.skip -Dgpg.skip,,true,false,DISCOVERED
RCM-08876,content/org/clojure/clojure-1.13.0-alpha3.buildspec,02c58e0f05c1494d229258be4cee55b2f1d650912f651252ad79d584f31f66b9,org.clojure,clojure,1.13.0-alpha3,mvn-3.9.12,mvn-3.9.12,8,https://github.com/clojure/clojure.git,${artifactId}-${version},,mvn clean package -Dmaven.test.skip=true -Dmaven.javadoc.skip -Dgpg.skip,,true,false,DISCOVERED
RCM-08879,content/org/clojure/test.check/test.check-1.1.3.buildspec,44cb956887043ff6f2be04fbc9ea5920720e89d0f15eceb210ace3820d4dfeea,org.clojure,test.check,1.1.3,mvn-3.9.11,mvn-3.9.11,8,https://github.com/clojure/test.check.git,v${version},,mvn -ntp -B clean package -Dmaven.test.skip=true -Dmaven.javadoc.skip -Dgpg.skip source:jar,,true,false,DISCOVERED
RCM-08887,content/org/codehaus/modello/modello-2.5.0.buildspec,dd54709f7ff7ede29ce67be747228c1553a8427ca9b9c668c081f2ef8280c17e,org.codehaus.modello,modello,2.5.0,mvn,mvn,21,https://github.com/codehaus-plexus/${artifactId}.git,${artifactId}-${version},,mvn -Pmodello-release clean package -DskipTests -Dmaven.javadoc.skip -Dgpg.skip,,true,false,DISCOVERED
RCM-08894,content/org/codehaus/mojo/animal-sniffer/animal-sniffer-1.23.buildspec,f02056420aff62899d3aed9f91d186ca396dd8bacff7f944750e3c77e565bf8b,org.codehaus.mojo,animal-sniffer-parent,1.23,mvn-3.9.1,mvn-3.9.1,17,https://github.com/mojohaus/animal-sniffer.git,${version},,mvn -Pmojo-release clean package -DskipTests -Dmaven.javadoc.skip -Dgpg.skip,,true,false,DISCOVERED
RCM-08901,content/org/codehaus/mojo/aspectj-maven-plugin/aspectj-maven-plugin-1.16.0.buildspec,c5b10a6293d333cdb35715f9cfa99d1d1ccf67eef3430274f9b6b99168da3470,org.codehaus.mojo,aspectj-maven-plugin,1.16.0,mvn-3.9.5,mvn-3.9.5,21,https://github.com/mojohaus/${artifactId}.git,${artifactId}-${version},,mvn -Pmojo-release clean package -Dmaven.javadoc.skip -Dgpg.skip,,true,false,DISCOVERED
RCM-08902,content/org/codehaus/mojo/build-helper-maven-plugin/build-helper-maven-plugin-3.4.0.buildspec,b7a15e2e35ecbc3061cd51abdc40ed09b8ac1f18dd0a4594e302fed712b5d59c,org.codehaus.mojo,build-helper-maven-plugin,3.4.0,mvn-3.9.1,mvn-3.9.1,17,https://github.com/mojohaus/${artifactId}.git,${version},,mvn -Pmojo-release clean package -DskipTests -Dmaven.javadoc.skip -Dgpg.skip,,true,false,DISCOVERED
RCM-08907,content/org/codehaus/mojo/buildnumber-maven-plugin/buildnumber-maven-plugin-3.2.0.buildspec,1a6495b075d4d5e902407ce56fdeaf3bcb67942c326cb9cc5566847517641d8e,org.codehaus.mojo,buildnumber-maven-plugin,3.2.0,mvn-3.9.1,mvn-3.9.1,8,https://github.com/mojohaus/${artifactId}.git,${version},,mvn -Pmojo-release clean package -DskipTests -Dmaven.javadoc.skip -Dgpg.skip,,true,false,DISCOVERED
RCM-08911,content/org/codehaus/mojo/buildplan-maven-plugin/buildplan-maven-plugin-2.1.0.buildspec,bc82e065b37f436ca29b2d9935dbc0ef50adc225d19966047cf0ed29fc5d12e5,org.codehaus.mojo,buildplan-maven-plugin,2.1.0,mvn,mvn,11,https://github.com/mojohaus/${artifactId}.git,v${version},,mvn -Pmojo-release clean package -DskipTests -Dmaven.javadoc.skip -Dgpg.skip,,true,false,DISCOVERED
RCM-08915,content/org/codehaus/mojo/cassandra-maven-plugin/cassandra-maven-plugin-3.7.buildspec,1e22a4706652a52aef6379de8e5f9d844a9858114c0a6837193b9fd3508709d0,org.codehaus.mojo,cassandra-maven-plugin,3.7,mvn,mvn,8,https://github.com/mojohaus/${artifactId}.git,${artifactId}-${version},,mvn -Pmojo-release clean package -Dmaven.javadoc.skip -Dgpg.skip,,true,false,DISCOVERED
RCM-08924,content/org/codehaus/mojo/exec-maven-plugin/exec-maven-plugin-3.4.1.buildspec,d1aa0839d9dc26650cee63c4e74088e4e46f504b09d313f05652b4e4734c1e8b,org.codehaus.mojo,exec-maven-plugin,3.4.1,mvn-3.9.8,mvn-3.9.8,22,https://github.com/mojohaus/${artifactId}.git,${version},,mvn -Pmojo-release clean package -DskipTests -Dmaven.javadoc.skip -Dgpg.skip,,true,false,DISCOVERED
RCM-08939,content/org/codehaus/mojo/extra-enforcer-rules/extra-enforcer-rules-1.6.2.buildspec,11d799dfec3142acddd9d765bd1434924b87dc55eef4f52bb3a412e16c4a589d,org.codehaus.mojo,extra-enforcer-rules,1.6.2,mvn-3.9.1,mvn-3.9.1,17,https://github.com/mojohaus/${artifactId}.git,${version},,mvn -Pmojo-release clean package -DskipTests -Dmaven.javadoc.skip -Dgpg.skip,,true,false,DISCOVERED
RCM-08943,content/org/codehaus/mojo/flatten-maven-plugin/flatten-maven-plugin-1.2.7.buildspec,1c35c791490d1345252a9dcbc5bea1657e18c46c3eef0b1a8e076fc73b447cea,org.codehaus.mojo,flatten-maven-plugin,1.2.7,mvn,mvn,11,https://github.com/mojohaus/${artifactId}.git,${artifactId}-${version},,mvn -Pmojo-release clean package -DskipTests -Dmaven.javadoc.skip -Dgpg.skip,,true,false,DISCOVERED
RCM-08957,content/org/codehaus/mojo/jaxb2-maven-plugin/jaxb2-maven-plugin-4.0.0.buildspec,d3150c7ef02f4d4692a26eb4b82bda5ca69b027572ecb0026bdbc1f1c289ada9,org.codehaus.mojo,jaxb2-maven-plugin,4.0.0,mvn-3.9.11,mvn-3.9.11,17,https://github.com/mojohaus/${artifactId}.git,${version},,mvn -Pmojo-release clean package -DskipTests -Dmaven.javadoc.skip -Dgpg.skip,,true,false,DISCOVERED
RCM-08960,content/org/codehaus/mojo/l10n-maven-plugin/l10n-maven-plugin-1.1.0.buildspec,905521d9bad2e5d92d0f2c53a85d5fb5869fa9a4dd671da4aea7b1a44bfe7a8e,org.codehaus.mojo,l10n-maven-plugin,1.1.0,mvn-3.9.8,mvn-3.9.8,21,https://github.com/mojohaus/${artifactId}.git,${version},,mvn -Pmojo-release clean package -DskipTests -Dmaven.javadoc.skip -Dgpg.skip,,true,false,DISCOVERED
RCM-08968,content/org/codehaus/mojo/license-maven-plugin/license-maven-plugin-2.5.0.buildspec,47db20f3fd7251281fc5d338c969b330efe6b78c75574b757fe81ebbef73880f,org.codehaus.mojo,license-maven-plugin,2.5.0,mvn-3.9.3,mvn-3.9.3,21,https://github.com/mojohaus/${artifactId}.git,${version},,mvn -Pmojo-release clean package -DskipTests -Dmaven.javadoc.skip -Dgpg.skip,,true,false,DISCOVERED
RCM-09001,content/org/codehaus/mojo/mojo-parent/mojo-parent-89.buildspec,c087e3c7272e7283a0aabb5fa09145e6b22048debeef7c937065b26e99895888,org.codehaus.mojo,mojo-parent,89,mvn-3.9.8,mvn-3.9.8,21,https://github.com/mojohaus/${artifactId}.git,${version},,mvn -Pmojo-release clean package -DskipTests -Dmaven.javadoc.skip -Dgpg.skip,,true,false,DISCOVERED
RCM-09012,content/org/codehaus/mojo/mrm/mrm-1.5.0.buildspec,6846017d3b61582907d9b62a78a843a755a890ae29e38e6a908b7850771a1bc9,org.codehaus.mojo,mrm,1.5.0,mvn,mvn,8,https://github.com/mojohaus/${artifactId}.git,${version},,mvn -Pmojo-release clean package -DskipTests -Dmaven.javadoc.skip -Dgpg.skip,,true,false,DISCOVERED
RCM-09017,content/org/codehaus/mojo/native/maven-native-1.0-M1.buildspec,29c8c12811aa4de64680a24f42aa060a361dd500bde25e7a7a9b4e1564a4af6a,org.codehaus.mojo,native-maven-plugin,1.0-M1,mvn-3.9.5,mvn-3.9.5,21,https://github.com/mojohaus/maven-native.git,maven-native-${version},,mvn -Pmojo-release clean package -DskipTests -Dmaven.javadoc.skip -Dgpg.skip,,true,false,DISCOVERED
RCM-09019,content/org/codehaus/mojo/properties-maven-plugin/properties-maven-plugin-1.2.0.buildspec,e0246dbb611d3228c82b4348cac82fbd89a285f87d5018495a6f499e5f09e162,org.codehaus.mojo,properties-maven-plugin,1.2.0,mvn-3.9.3,mvn-3.9.3,17,https://github.com/mojohaus/${artifactId}.git,${version},,mvn -Pmojo-release clean package -DskipTests -Dmaven.javadoc.skip -Dgpg.skip,,true,false,DISCOVERED
RCM-09024,content/org/codehaus/mojo/taglist-maven-plugin/taglist-maven-plugin-3.2.0.buildspec,d41b3f9ad2d3a453e866ed799418afeed87c6b835c537bfc45ad2931b816ba8c,org.codehaus.mojo,taglist-maven-plugin,3.2.0,mvn-3.9.6,mvn-3.9.6,21,https://github.com/mojohaus/${artifactId}.git,${version},,mvn -Pmojo-release clean package -DskipTests -Dmaven.javadoc.skip -Dgpg.skip,,true,false,DISCOVERED
RCM-09029,content/org/codehaus/mojo/tidy-maven-plugin/tidy-maven-plugin-1.4.0.buildspec,fefa2ed78d3cab33d3aa28418b4d89e706d3be9aa566821cd24c31c05fc12110,org.codehaus.mojo,tidy-maven-plugin,1.4.0,mvn-3.9.3,mvn-3.9.3,21,https://github.com/mojohaus/${artifactId}.git,${version},,mvn -Pmojo-release clean package -DskipTests -Dmaven.javadoc.skip -Dgpg.skip,,true,false,DISCOVERED
RCM-09033,content/org/codehaus/mojo/versions-maven-plugin/versions-maven-plugin-2.13.0.buildspec,dde027ea52d0ee4d082fd4a30135d3f815342b115023ee0077a2ca3fe81d6134,org.codehaus.mojo,versions-maven-plugin,2.13.0,mvn,mvn,8,https://github.com/mojohaus/${artifactId}.git,${version},,mvn -Pmojo-release clean package -DskipTests -Dmaven.javadoc.skip -Dgpg.skip,,true,false,DISCOVERED
RCM-09053,content/org/codehaus/mojo/wagon-maven-plugin/wagon-maven-plugin-3.0.0.buildspec,c9242f904b38fa5eae2ffe6e386efbf4cdcec15ae75ae7dffa83afbd061dbe09,org.codehaus.mojo,wagon-maven-plugin,3.0.0,mvn-3.9.12,mvn-3.9.12,21,https://github.com/mojohaus/${artifactId}.git,${artifactId}-${version},,mvn -Pmojo-release clean package -DskipTests -Dmaven.javadoc.skip -Dgpg.skip,,true,false,DISCOVERED
RCM-09054,content/org/codehaus/mojo/xml-maven-plugin/xml-maven-plugin-1.1.0.buildspec,75e4b42addcdabe9e6bde04ef547704ad6baf5b5cd295edcd44042e6d17bb4a7,org.codehaus.mojo,xml-maven-plugin,1.1.0,mvn-3.9.0,mvn-3.9.0,17,https://github.com/mojohaus/${artifactId}.git,${version},,mvn -Pmojo-release clean package -DskipTests -Dmaven.javadoc.skip -Dgpg.skip,,true,false,DISCOVERED
RCM-09171,content/org/codehaus/plexus/plexus-pom/plexus-pom-6.3.buildspec,cf955adbf700601f11c567f1e2636fa97d16c5ecb46b0424dca8c4caaf2937dd,org.codehaus.plexus,plexus,6.3,mvn,mvn,7,https://github.com/codehaus-plexus/${artifactId}-pom.git,${artifactId}-${version},,mvn -Pplexus-release clean package -DskipTests -Dmaven.javadoc.skip -Dgpg.skip,,true,false,DISCOVERED
RCM-09080,content/org/codehaus/plexus/plexus-archiver/plexus-archiver-4.9.0.buildspec,33e1b240a92a35ac82782c24cbad5f8247c42328aaff27d1eaa98014a885f150,org.codehaus.plexus,plexus-archiver,4.9.0,mvn,mvn,21,https://github.com/codehaus-plexus/${artifactId}.git,${artifactId}-${version},https://repo.maven.apache.org/maven2/org/codehaus/plexus/${artifactId}/${version}/${artifactId}-${version}-source-release.zip,mvn -Pplexus-release clean package -DskipTests -Dmaven.javadoc.skip -Dgpg.skip,,true,false,DISCOVERED
RCM-09084,content/org/codehaus/plexus/plexus-cipher/plexus-cipher-2.1.0.buildspec,3dfebc0f18414547f3ae5ecc2a211875cfe0eb16d59027f4ade9144361937b42,org.codehaus.plexus,plexus-cipher,2.1.0,mvn,mvn,21,https://github.com/codehaus-plexus/${artifactId}.git,${artifactId}-${version},,mvn -Pplexus-release clean package -DskipTests -Dmaven.javadoc.skip -Dgpg.skip,,true,false,DISCOVERED
RCM-09086,content/org/codehaus/plexus/plexus-classworlds/plexus-classworlds-2.10.0.buildspec,9f0aff2426477f473dbb54704c74e626acdc18645f61562eac496b761217a5b6,org.codehaus.plexus,plexus-classworlds,2.10.0,mvn-3.9.12,mvn-3.9.12,25,https://github.com/codehaus-plexus/${artifactId}.git,${artifactId}-${version},,mvn -Pplexus-release clean package -DskipTests -Dmaven.javadoc.skip -Dgpg.skip,,true,false,DISCOVERED
RCM-09093,content/org/codehaus/plexus/plexus-cli/plexus-cli-1.7.buildspec,62a6bc0669da35f520ccd06613c7cfa1ec1a412215aa93bbdf878a1eb40cf752,org.codehaus.plexus,plexus-cli,1.7,mvn,mvn,21,https://github.com/codehaus-plexus/${artifactId}.git,${artifactId}-${version},,mvn -Pplexus-release clean package -DskipTests -Dmaven.javadoc.skip -Dgpg.skip,,true,false,DISCOVERED
RCM-09106,content/org/codehaus/plexus/plexus-compiler/plexus-compiler-2.16.2.buildspec,e397d9408218eae47f620e94b748ee1187e047c6483ab91e0e4e3665ac92e8e3,org.codehaus.plexus,plexus-compiler,2.16.2,mvn,mvn,25,https://github.com/codehaus-plexus/${artifactId}.git,${artifactId}-${version},,mvn -Pplexus-release clean package -DskipTests -Dmaven.javadoc.skip -Dgpg.skip,,true,false,DISCOVERED
RCM-09116,content/org/codehaus/plexus/plexus-components/plexus-components-6.4.buildspec,ef816484270bfc7079f2310dea3ee7ccc43e38b805ca2d92c72aa9f6fd9ab60a,org.codehaus.plexus,plexus-components,6.4,mvn,mvn,7,https://github.com/codehaus-plexus/${artifactId}.git,${artifactId}-${version},,mvn -Pplexus-release clean package -DskipTests -Dmaven.javadoc.skip -Dgpg.skip,,true,false,DISCOVERED
RCM-09120,content/org/codehaus/plexus/plexus-digest/plexus-digest-1.3.buildspec,afb840e912103f5755312cc08f9de9c28b7b091ebae61dde3f52177e9b6e6f31,org.codehaus.plexus,plexus-digest,1.3,mvn,mvn,21,https://github.com/codehaus-plexus/${artifactId}.git,${artifactId}-${version},,mvn -Pplexus-release clean package -DskipTests -Dmaven.javadoc.skip -Dgpg.skip,,true,false,DISCOVERED
RCM-09122,content/org/codehaus/plexus/plexus-i18n/plexus-i18n-1.1.0.buildspec,750183d21f20a4575e8435b283f4d3489b59755efa45ff9dbb3f48179cb8ab1c,org.codehaus.plexus,plexus-i18n,1.1.0,mvn-3.9.11,mvn-3.9.11,25,https://github.com/codehaus-plexus/${artifactId}.git,${artifactId}-${version},,mvn -Pplexus-release clean package -DskipTests -Dmaven.javadoc.skip -Dgpg.skip,,true,false,DISCOVERED
RCM-09126,content/org/codehaus/plexus/plexus-interactivity/plexus-interactivity-1.4.buildspec,14ecfa60c77ceffc410b2efacd62513c9fef63f03edecd4faebbfd457fd7fd96,org.codehaus.plexus,plexus-interactivity,1.4,mvn,mvn,23,https://github.com/codehaus-plexus/${artifactId}.git,${artifactId}-${version},,mvn -Pplexus-release clean package -DskipTests -Dmaven.javadoc.skip -Dgpg.skip,,true,false,DISCOVERED
RCM-09130,content/org/codehaus/plexus/plexus-interpolation/plexus-interpolation-1.29.buildspec,80289d63c26c7e9eb94ef5b5e027ae12ff00fe36929cd8d17a34f248b4d8b56b,org.codehaus.plexus,plexus-interpolation,1.29,mvn-3.9.11,mvn-3.9.11,25,https://github.com/codehaus-plexus/${artifactId}.git,${artifactId}-${version},,mvn -Pplexus-release clean package -DskipTests -Dmaven.javadoc.skip -Dgpg.skip,,true,false,DISCOVERED
RCM-09136,content/org/codehaus/plexus/plexus-io/plexus-io-3.5.0.buildspec,55cb1fdf4e627f0af99228abd32e2aab84c2fc0f208bb4c49cc2f82b44ff7ab5,org.codehaus.plexus,plexus-io,3.5.0,mvn,mvn,22,https://github.com/codehaus-plexus/${artifactId}.git,${artifactId}-${version},,mvn -Pplexus-release clean package -DskipTests -Dmaven.javadoc.skip -Dgpg.skip,,true,false,DISCOVERED
RCM-09150,content/org/codehaus/plexus/plexus-languages/plexus-languages-1.5.1.buildspec,633e3848245b8a800a2175605b7c02d3904734bb29b7a719e2bcebca2abcb6f7,org.codehaus.plexus,plexus-languages,1.5.1,mvn-3.9.9,mvn-3.9.9,25,https://github.com/codehaus-plexus/${artifactId}.git,${artifactId}-${version},,mvn -Pplexus-release clean package -DskipTests -Dmaven.javadoc.skip -Dgpg.skip,,true,false,DISCOVERED
RCM-09179,content/org/codehaus/plexus/plexus-resources/plexus-resources-1.3.1.buildspec,2eaf50b7205e11e9c335e27c9346545d0aea142437734d1b5afa2e8c95cec96a,org.codehaus.plexus,plexus-resources,1.3.1,mvn-3.9.11,mvn-3.9.11,25,https://github.com/codehaus-plexus/${artifactId}.git,${artifactId}-${version},,mvn -Pplexus-release clean package -DskipTests -Dmaven.javadoc.skip -Dgpg.skip,,true,false,DISCOVERED
RCM-09185,content/org/codehaus/plexus/plexus-sec-dispatcher/plexus-sec-dispatcher-4.1.0.buildspec,0154494eda2a8afc1208c53179f291e0bfb12f701abdbc8095a59d244aac3a35,org.codehaus.plexus,plexus-sec-dispatcher,4.1.0,mvn-3.9.9,mvn-3.9.9,17,https://github.com/codehaus-plexus/${artifactId}.git,${artifactId}-${version},,mvn -Pplexus-release clean package -DskipTests -Dmaven.javadoc.skip -Dgpg.skip,,true,false,DISCOVERED
RCM-09188,content/org/codehaus/plexus/plexus-testing/plexus-testing-1.2.0.buildspec,56000d12194416ae2123736ec46f87bd28de8138d480a0c4c581186eb45e2c86,org.codehaus.plexus,plexus-testing,1.2.0,mvn,mvn,21,https://github.com/codehaus-plexus/${artifactId}.git,${artifactId}-${version},,mvn -Pplexus-release clean package -DskipTests -Dmaven.javadoc.skip -Dgpg.skip,,true,false,DISCOVERED
RCM-09205,content/org/codehaus/plexus/plexus-utils/plexus-utils-3.6.1.buildspec,1d6725ef1c2dccf750d2bd6dff993cc832f908cde4f58449890182ba76a7b81c,org.codehaus.plexus,plexus-utils,3.6.1,mvn-3.9.12,mvn-3.9.12,25,https://github.com/codehaus-plexus/${artifactId}.git,${artifactId}-${version},,mvn -Pplexus-release clean package -DskipTests -Dmaven.javadoc.skip -Dgpg.skip,,true,false,DISCOVERED
RCM-09215,content/org/codehaus/plexus/plexus-velocity/plexus-velocity-2.3.0.buildspec,82b527489bfc6c12cb6ca7effd068493f4a04e69bcc85aae6dc75ce4c6cc7d9c,org.codehaus.plexus,plexus-velocity,2.3.0,mvn-3.9.11,mvn-3.9.11,21,https://github.com/codehaus-plexus/${artifactId}.git,${artifactId}-${version},,mvn -Pplexus-release clean package -DskipTests -Dmaven.javadoc.skip -Dgpg.skip,,true,false,DISCOVERED
RCM-09219,content/org/codehaus/plexus/plexus-xml/plexus-xml-4.0.0.buildspec,038458b5a041879e1ff8996f38554f8e124d338244e446767aba2329d05e82d3,org.codehaus.plexus,plexus-xml,4.0.0,mvn,mvn,17,https://github.com/codehaus-plexus/${artifactId}.git,${artifactId}-${version},,mvn -Pplexus-release clean package -DskipTests -Dmaven.javadoc.skip -Dgpg.skip,,true,false,DISCOVERED
RCM-09226,content/org/complate/java/complate-core-0.2.0.buildspec,f0a454d36c34c7d03b25b609843a5f6d644acc4e30773a22783f8422a2fbb8a8,org.complate,complate-core,0.2.0,mvn,mvn,8,https://github.com/complate/complate-java.git,v${version},,mvn -Prelease clean package -DskipTests -Dmaven.javadoc.skip -Dgpg.skip,,true,false,DISCOVERED
RCM-09227,content/org/complate/java/complate-core-0.3.0.buildspec,a1de798b4868ad0291627ff839846334ae3729db4897b668ca6c2163da6652f1,org.complate,complate-parent,0.3.0,mvn-3.8.5,mvn-3.8.5,11,https://github.com/complate/complate-java.git,v${version},,mvn -Prelease clean package -DskipTests -Dmaven.javadoc.skip -Dgpg.skip,,true,false,DISCOVERED
RCM-09229,content/org/complate/spring/complate-spring-mvc-0.7.0.buildspec,576e3656350ed1a42959a8df88839e4988363baa9cda6c690f27cc3e233c1ffc,org.complate,complate-spring-mvc,0.7.0,mvn,mvn,8,https://github.com/complate/complate-spring.git,v${version},,mvn -Prelease clean package -DskipTests -Dmaven.javadoc.skip -Dgpg.skip,,true,false,DISCOVERED
RCM-09279,content/org/cyclonedx/cyclonedx-core-java/cyclonedx-core-java-9.1.0.buildspec,b714d59b7a87dda77781317f9cd652e80987d875fcbf805ce0058de9e7dfcf12,org.cyclonedx,cyclonedx-core-java,9.1.0,mvn,mvn,8,https://github.com/cyclonedx/${artifactId}.git,${artifactId}-${version},,mvn clean package -DskipTests -Dmaven.javadoc.skip -Dgpg.skip,,true,false,DISCOVERED
RCM-09292,content/org/cyclonedx/cyclonedx-maven-plugin/cyclonedx-maven-plugin-2.7.10.buildspec,30f7ab0ec52bf622bfec345c043faae38a0f070dd960af6cecd3923389b4157b,org.cyclonedx,cyclonedx-maven-plugin,2.7.10,mvn,mvn,17,https://github.com/cyclonedx/${artifactId}.git,${artifactId}-${version},,mvn -Prelease clean package -DskipTests -Dmaven.javadoc.skip -Dgpg.skip,,true,false,DISCOVERED
RCM-09310,content/org/dbunit/dbunit-3.2.0.buildspec,c3e4354cca9f48616f4ebd9179f6ce945e4eaba3272b6c7934a1d31c6f8a8ad9,org.dbunit,dbunit,3.2.0,mvn-3.9.12,mvn-3.9.12,25,https://github.com/dbunit/dbunit-extension.git,${artifactId}-${version},,"mvn -Prelease,oracle-default clean verify -DsurefirePluginSkip -DskipTests -Dmaven.javadoc.skip -Dgpg.skip",,true,false,DISCOVERED
RCM-09312,content/org/dbunit/dbunit-maven-plugin/dbunit-maven-plugin-1.3.0.buildspec,abf1ec482e893bdad9e2346996aa808977552519bfa49605f4338d2b218d9b27,org.dbunit,dbunit-maven-plugin,1.3.0,mvn-3.9.12,mvn-3.9.12,25,https://github.com/dbunit/dbunit-maven-plugin.git,plugin-${version},,mvn -Prelease clean verify -DsurefirePluginSkip -DskipTests -Dmaven.javadoc.skip -Dgpg.skip -Dinvoker.skip,,true,false,DISCOVERED
RCM-09313,content/org/eclipse/angus/activation/angus-activation-2.0.2.buildspec,970d16dd9cace0ac040f447887a86ae6368d2884774d28a00cbc42876934c391,org.eclipse.angus,angus-activation-project,2.0.2,mvn,mvn,21,https://github.com/eclipse-ee4j/angus-activation.git,${version},,mvn -Poss-release clean package -DskipTests -Dmaven.javadoc.skip -Dgpg.skip,,true,false,DISCOVERED
RCM-09316,content/org/eclipse/daanse/org.eclipse.daanse.pom.parent/org.eclipse.daanse.pom.parent-0.0.1.buildspec,4cf58cd62fac9dd97d012b0cb7d69c11e9c2760456523eeef9806c9a402b0a12,org.eclipse.daanse,org.eclipse.daanse.pom.parent,0.0.1,mvn-3.9.6,mvn-3.9.6,17,https://github.com/eclipse-daanse/org.eclipse.daanse.pom,v${version},,mvn -Papache-release clean package -DskipTests -Dmaven.javadoc.skip -Dgpg.skip,,true,false,DISCOVERED
RCM-09323,content/org/eclipse/ee4j/project/project-1.0.8.buildspec,cb5beec82ab5b62950e1d06e2f369099e8ac826b50cccc6a0e05019ef4727371,org.eclipse.ee4j,project,1.0.8,mvn,mvn,21,https://github.com/eclipse-ee4j/ee4j.git,${version},,mvn -f parent -Poss-release clean package -DskipTests -Dmaven.javadoc.skip -Dgpg.skip,,true,false,DISCOVERED
RCM-09335,content/org/eclipse/jetty/jetty-project/jetty-project-12.0.13.buildspec,56d671e8bff4ead56b74210377c5f24bc3216ccb9711a1e7787775edeba5ab46,org.eclipse.jetty,jetty-project,12.0.13,mvn-3.9.6,mvn-3.9.6,22,https://github.com/eclipse/jetty.project.git,jetty-${version},,mvn -Peclipse-release clean package -DskipTests -Dgpg.skip -Dtimestamp=${timestamp} -Dbuildinfo.ignore=*/*-p2site.zip,,true,false,DISCOVERED
RCM-09405,content/org/eclipse/jkube/jkube-1.19.0.buildspec,26ac1b5602575b473f2f1bba113fbcf3173f3b7cd8d09c1956b6e70ed9914bcf,org.eclipse.jkube,jkube,1.19.0,mvn,mvn,8,https://github.com/eclipse/${artifactId}.git,v${version},,mvn -Prelease clean package -DskipTests -Dmaven.javadoc.skip -Dgpg.skip -Dasciidoctor.skip,,true,false,DISCOVERED
RCM-09417,content/org/eclipse/sisu/sisu-0.9.0.M4.buildspec,9fb6957c24f3a5d28e68e655184529a5c9300572a5b6040e9aac7671285212b1,org.eclipse.sisu,sisu-inject,0.9.0.M4,mvn-3.9.9,mvn-3.9.9,21,https://github.com/eclipse-sisu/sisu-project.git,milestones/${version},,mvn clean verify -DskipTests -Dmaven.javadoc.skip -Dgpg.skip -Drevision=${version},,true,false,DISCOVERED
RCM-09423,content/org/eclipse/transformer/eclipse-transformer-1.0.0.buildspec,2e088a2e51134ba4783868e767b7f3e082cee82d34b85efc67b2558021258806,org.eclipse.transformer,org.eclipse.transformer.parent,1.0.0,mvn-3.9.8,mvn-3.9.8,17,https://github.com/eclipse/transformer.git,${version},,mvn clean verify -DskipTests -Dmaven.javadoc.skip -Dgpg.skip -Drevision=${version},,true,false,DISCOVERED
RCM-09425,content/org/eclipse/tycho/tycho-5.0.1.buildspec,896fd67aa15faa9fb5a9ddece9be1f6e9798498dac018a10fabe50046b7c52af,org.eclipse.tycho,tycho,5.0.1,mvn-3.9.11,mvn-3.9.11,21,https://github.com/eclipse-tycho/tycho.git,${artifactId}-${version},,mvn clean package -DskipTests,,true,false,DISCOVERED
RCM-09436,content/org/finos/legend/engine/legend-engine-4.6.2.buildspec,935d7e7f25e4c07ff53a4a8c6bfa29f02c6a0e7ba19fa5b3cf7344f9ecf95fe6,org.finos.legend.engine,legend-engine,4.6.2,mvn,mvn,11,https://github.com/finos/${artifactId}.git,${artifactId}-${version},,mvn -Prelease clean package -DskipTests -Dmaven.javadoc.skip -Dgpg.skip,,true,false,DISCOVERED
RCM-09445,content/org/fusesource/jansi/jansi/jansi-2.3.4.buildspec,aae5fe016ff068eb2b8467fe69355d9b228ea245b30e9f3a0cd90d3c88fde5db,org.fusesource.jansi,jansi,2.3.4,mvn,mvn,8,https://github.com/fusesource/${artifactId}.git,${artifactId}-${version},,mvn -Prelease clean package -DskipTests -Dmaven.javadoc.skip -Dgpg.skip,,true,false,DISCOVERED
RCM-09452,content/org/glassfish/build/glassfishbuild-maven-plugin/glassfishbuild-maven-plugin-4.1.0.buildspec,c63f25deb8bca9c28ae9cedc115b77455974d7b1cff8c83138b8481c8fa9fb8b,org.glassfish.build,glassfishbuild-maven-plugin,4.1.0,mvn,mvn,11,https://github.com/eclipse-ee4j/glassfish-build-maven-plugin.git,${version},,mvn -Papache-release clean package -DskipTests -Dmaven.javadoc.skip -Dgpg.skip,,true,false,DISCOVERED
RCM-09457,content/org/glassfish/grizzly/grizzly-5.0.0.buildspec,1c84a9b849f51325e0859937068401e5fb3328ebb38a8ccfc190dd4502fa4f12,org.glassfish.grizzly,grizzly-project,5.0.0,mvn-3.9.11,mvn-3.9.11,21,https://github.com/eclipse-ee4j/glassfish-grizzly.git,${version}-RELEASE,,mvn clean package -Poss-release -DskipTests -Dmaven.javadoc.skip -Djavadoc.skip -Dgpg.skip -Dbuildinfo.detect.skip=false -Dbuildinfo.ignore=,,true,false,DISCOVERED
RCM-09470,content/org/glassfish/hk2/hk2-4.0.1.buildspec,0e6d47a3306b196a87ede9b0e270f9c5790c71938cf9e3a145dd711cd4116372,org.glassfish.hk2,hk2-parent,4.0.1,mvn-3.9.12,mvn-3.9.12,21,https://github.com/eclipse-ee4j/glassfish-hk2.git,${version},,mvn -Poss-release clean package -DskipTests -Dmaven.javadoc.skip -Dgpg.skip -DskipSBOM -pl !hk2-testing/di-tck,,true,false,DISCOVERED
RCM-09471,content/org/glassfish/jaxb/jaxb-4.0.6.buildspec,2ef49a47c123fcc61e822871cfb36a9818fe0283f9104b88a70902fe01f04400,org.glassfish.jaxb,jaxb-parent,4.0.6,mvn-3.9.11,mvn-3.9.11,11,https://github.com/eclipse-ee4j/jaxb-ri.git,${version}-RI,,mvn clean package -f jaxb-ri/pom.xml -DskipTests -Dmaven.javadoc.skip -Dgpg.skip,,true,false,DISCOVERED
RCM-09476,content/org/glassfish/main/glassfish-7.0.14.buildspec,d3aaca5e2519e1366b2f042e9f5c2406a1f6f8d70a9a7790d15fdd943e8384f7,org.glassfish.main,glassfish-parent,7.0.14,mvn-3.9.3,mvn-3.9.3,21,https://github.com/eclipse-ee4j/glassfish.git,${version},,"SHELL mvn clean && find . -type d -exec chmod g+s {} \; && export LC_ALL=C && mvn package -Poss-release,fastest -DskipTests -Dmaven.javadoc.skip -Djavadoc.skip -Dgpg.skip",,false,true,DISCOVERED
RCM-09512,content/org/glassfish/mq/openmq-6.9.0.buildspec,714d22ecc27078183657ccbe6a0d8c7beeb11bd1d1e53f039557cbf7a6905019,org.glassfish.mq,project,6.9.0,mvn-3.9.11,mvn-3.9.11,25,https://github.com/eclipse-ee4j/openmq.git,${version}-RELEASE,,"mvn package -Poss-release,fastest -DskipTests -Dmaven.javadoc.skip -Djavadoc.skip -Dgpg.skip",,true,false,DISCOVERED
RCM-09525,content/org/hibernate/search/hibernate-search-bom/hibernate-search-parent-8.0.0.Alpha3.buildspec,58ad531e8a0bf5c9badef812200a6238bb34ff5ccf1d8a010ccdd10972933f48,org.hibernate.search,hibernate-search-bom,8.0.0.Alpha3,mvn-3.9.6,mvn-3.9.6,21,https://github.com/hibernate/hibernate-search.git,${version},,mvn clean package -Pskip-checks -DskipTests -Dmaven.javadoc.skip -Dgpg.skip -Dno-build-cache -Dbuildinfo.detect.skip=false -Dbuildinfo.skipModules=,,true,false,DISCOVERED
RCM-09552,content/org/hibernate/validator/hibernate-validator/hibernate-validator-9.1.0.Alpha2.buildspec,baa12f6df6be5250a4a85cea928a0efb42ec8269ce5f01e12aaa257e15bbb8a0,org.hibernate.validator,hibernate-validator,9.1.0.Alpha2,mvn-3.9.11,mvn-3.9.11,21,https://github.com/hibernate/hibernate-validator.git,${version},,mvn clean verify -Preproducibility-check -Pjakarta-ee-staging,,true,false,DISCOVERED
RCM-09579,content/org/infinispan/protostream/protostream-6.0.0.Dev11.buildspec,f51366d752d0efd3b64b7122eee3fb916b4459153891fd82b8284562dd1bf373,org.infinispan.protostream,protostream-aggregator,6.0.0.Dev11,mvn,mvn,17,https://github.com/infinispan/protostream.git,${version},,mvn clean package -Pcommunity-release -DskipTests -Dmaven.javadoc.skip -Dgpg.skip -Djava.vendor=,,true,false,DISCOVERED
RCM-09593,content/org/itsallcode/junit5-system-extensions/junit5-system-extensions-1.2.2.buildspec,a1e23a6c8215028dda3acc1d509b487db8348c197eae651e42afbd13d09ce7eb,org.itsallcode,junit5-system-extensions,1.2.2,mvn,mvn,11,https://github.com/itsallcode/junit5-system-extensions.git,${version},,mvn -Papache-release clean package -DskipTests -Dmaven.javadoc.skip -Dgpg.skip,,true,false,DISCOVERED
RCM-09596,content/org/itsallcode/openfasttrace-maven-plugin/openfasttrace-maven-plugin-2.3.0.buildspec,530685e6f97906bb3433d8b487945a754382ff5278908b13922310101dfe683f,org.itsallcode,openfasttrace-maven-plugin,2.3.0,mvn-3.9.8,mvn-3.9.8,17,https://github.com/itsallcode/openfasttrace-maven-plugin.git,${version},,mvn clean package -DskipTests -Dmaven.javadoc.skip -Dgpg.skip,,true,false,DISCOVERED
RCM-09604,content/org/itsallcode/openfasttrace/openfasttrace-4.2.2.buildspec,af65caebba5df6a911c961df5f054d476c15d393882d7b513fffd643e5be3255,org.itsallcode.openfasttrace,openfasttrace,4.2.2,mvn-3.9.12,mvn-3.9.12,17,https://github.com/itsallcode/openfasttrace.git,${version},,mvn package -DskipTests -Dmaven.javadoc.skip -Dgpg.skip -Dbuildinfo.detect.skip=false -Dbuildinfo.skipModules=,,true,false,DISCOVERED
RCM-09628,content/org/jdbi/jdbi3-root-3.53.0.buildspec,c09fc4a15470ac369a2e4879a2675adb1efdc5ad598aed1e46885af15d5637ba,org.jdbi.internal,jdbi3-root,3.53.0,mvn-3.9.8,mvn-3.9.8,26,https://github.com/jdbi/jdbi.git,v${version},,mvn -Pjdbi-release clean package -DskipTests -Dmaven.javadoc.skip -Dgpg.skip -Dcyclonedx.skip,,true,false,DISCOVERED
RCM-09664,content/org/jline/jline-4.0.14.buildspec,d174acd1ecebd767264b3cc2f8ad14ae3c6068c7802971b90853828403fcd2a1,org.jline,jline,4.0.14,mvn-3.9.16,mvn-3.9.16,22,https://github.com/jline/jline3.git,${version},,mvn -Pbundle clean package -DskipTests -Dmaven.javadoc.skip -Dgpg.skip,,true,false,DISCOVERED
RCM-09676,content/org/jpmml/jpmml-codemodel/jpmml-codemodel-1.2.1.buildspec,dd57d9f5133e9aba4fb49cd63017f8734652982ecbd7bf70f38018a97629f7db,org.jpmml,jpmml-codemodel,1.2.1,mvn-3.9.9,mvn-3.9.9,11,https://github.com/jpmml/${artifactId}.git,${version},,mvn -Psonatype-oss-release clean package -DskipTests -Dmaven.javadoc.skip -Dgpg.skip,,true,false,DISCOVERED
RCM-09682,content/org/jpmml/jpmml-converter/jpmml-converter-1.5.8.buildspec,76dce7bbf02bf5300ce60bff96f96b163a47771d0b02dff085b858cf47b15c82,org.jpmml,jpmml-converter,1.5.8,mvn-3.9.6,mvn-3.9.6,8,https://github.com/jpmml/${artifactId}.git,${version},,mvn -Psonatype-oss-release clean package -DskipTests -Dmaven.javadoc.skip -Dgpg.skip,,true,false,DISCOVERED
RCM-09702,content/org/jpmml/jpmml-evaluator/jpmml-evaluator-1.7.0.buildspec,cb628710151bcd1918f68698078a95f76e195759a340fb4a49acd8ea0d7b12f3,org.jpmml,jpmml-evaluator,1.7.0,mvn-3.9.9,mvn-3.9.9,11,https://github.com/jpmml/${artifactId}.git,${version},,mvn -Psonatype-oss-release clean package -DskipTests -Dmaven.javadoc.skip -Dgpg.skip,,true,false,DISCOVERED
RCM-09717,content/org/jpmml/jpmml-h2o/jpmml-h2o-1.3.3.buildspec,eb9bacc81e52aadf677134b78013987adf9574254496ada5fcf8b4cd4c9381b2,org.jpmml,jpmml-h2o,1.3.3,mvn-3.9.6,mvn-3.9.6,11,https://github.com/jpmml/${artifactId}.git,${version},,mvn -Psonatype-oss-release clean package -DskipTests -Dmaven.javadoc.skip -Dgpg.skip,,true,false,DISCOVERED
RCM-09724,content/org/jpmml/jpmml-lightgbm/jpmml-lightgbm-1.5.6.buildspec,2fb5906d542597526bb4e0c10597b6c62541e62934c6db63397a6e6ff26057ee,org.jpmml,jpmml-lightgbm,1.5.6,mvn-3.9.6,mvn-3.9.6,8,https://github.com/jpmml/${artifactId}.git,${version},,mvn -Psonatype-oss-release clean package -DskipTests -Dmaven.javadoc.skip -Dgpg.skip,,true,false,DISCOVERED
RCM-09745,content/org/jpmml/jpmml-model/jpmml-model-1.7.5.buildspec,0a4864e644b02ee5ddeec82ee0d39730947d2f7d5918b92d73278165d39354eb,org.jpmml,jpmml-model,1.7.5,mvn-3.9.6,mvn-3.9.6,11,https://github.com/jpmml/${artifactId}.git,${version},,mvn -Psonatype-oss-release clean package -DskipTests -Dmaven.javadoc.skip -Dgpg.skip,,true,false,DISCOVERED
RCM-09763,content/org/jpmml/jpmml-python/jpmml-python-1.3.15.buildspec,bf26b6315c5eaf5b8e8882c6712c11f523351a88c2399002d7f52690b59d9e1b,org.jpmml,jpmml-python,1.3.15,mvn-3.9.11,mvn-3.9.11,11,https://github.com/jpmml/${artifactId}.git,${version},,mvn -Psonatype-oss-release clean package -DskipTests -Dmaven.javadoc.skip -Dgpg.skip,,true,false,DISCOVERED
RCM-09779,content/org/jpmml/jpmml-r/jpmml-r-1.5.3.buildspec,49a7d2719cef1cbce93984d99a840479d298377a65d642c50720d8529d0fe549,org.jpmml,jpmml-r,1.5.3,mvn-3.9.6,mvn-3.9.6,8,https://github.com/jpmml/${artifactId}.git,${version},,mvn -Psonatype-oss-release clean package -DskipTests -Dmaven.javadoc.skip -Dgpg.skip,,true,false,DISCOVERED
RCM-09810,content/org/jpmml/jpmml-sklearn/jpmml-sklearn-1.8.8.buildspec,fdd4af0986b7bc284c858c004cc8dd9887852772761b205dcf3e939d34890186,org.jpmml,jpmml-sklearn,1.8.8,mvn-3.9.6,mvn-3.9.6,8,https://github.com/jpmml/jpmml-sklearn.git,${version},,mvn -Psonatype-oss-release clean package -DskipTests -Dmaven.javadoc.skip -Dgpg.skip,,true,false,DISCOVERED
RCM-09869,content/org/jpmml/jpmml-sparkml/jpmml-sparkml-2.3.0.buildspec,9f3a2732196e30934117117966c7bd880c40bda94ea0cb4791e0d863f546229d,org.jpmml,jpmml-sparkml,2.3.0,mvn-3.9.6,mvn-3.9.6,8,https://github.com/jpmml/${artifactId}.git,${version},,mvn -Psonatype-oss-release clean package -DskipTests -Dmaven.javadoc.skip -Dgpg.skip,,true,false,DISCOVERED
RCM-09937,content/org/jpmml/jpmml-statsmodels/jpmml-statsmodels-1.3.9.buildspec,e61b51d3cae27b7ce178c0e593c648a1ea3f4a7b789a15cd1dc22a22270646d4,org.jpmml,jpmml-statsmodels,1.3.9,mvn-3.9.12,mvn-3.9.12,11,https://github.com/jpmml/${artifactId}.git,${version},,mvn -Psonatype-oss-release clean package -DskipTests -Dmaven.javadoc.skip -Dgpg.skip,,true,false,DISCOVERED
RCM-09949,content/org/jpmml/jpmml-transpiler/jpmml-transpiler-1.4.5.buildspec,7d5ce1c10cff85eff367a723a88c045514f07e1180bd21ffc07e725adabdd472,org.jpmml,jpmml-transpiler,1.4.5,mvn-3.9.6,mvn-3.9.6,11,https://github.com/jpmml/${artifactId}.git,${version},,mvn -Psonatype-oss-release clean package -DskipTests -Dmaven.javadoc.skip -Dgpg.skip,,true,false,DISCOVERED
RCM-09969,content/org/jpmml/jpmml-xgboost/jpmml-xgboost-1.9.9.buildspec,ddc324163de399926899698a1218cd665ad4883b59d7da563575d2784bce64a7,org.jpmml,jpmml-xgboost,1.9.9,mvn-3.9.11,mvn-3.9.11,11,https://github.com/jpmml/${artifactId}.git,${version},,mvn -Pcentral-release clean package -DskipTests -Dmaven.javadoc.skip -Dgpg.skip -Dbuildinfo.detect.skip=false,,true,false,DISCOVERED
RCM-09971,content/org/jpmml/minify-maven-plugin/minify-maven-plugin-1.0.1.buildspec,f1baabfabd90e27ff649be64036cf878261fbf341f3d5552fde4ec952404a7ef,org.jpmml,minify-maven-plugin,1.0.1,mvn-3.9.6,mvn-3.9.6,8,https://github.com/jpmml/${artifactId}.git,${version},,mvn -Psonatype-oss-release clean package -DskipTests -Dmaven.javadoc.skip -Dgpg.skip,,true,false,DISCOVERED
RCM-09973,content/org/jpmml/packager-maven-plugin/packager-maven-plugin-1.0.1.buildspec,58750b50b707a020f976fceeb555dc794a84093dfbee3cfc4e83abbd8a53ebc2,org.jpmml,packager-maven-plugin,1.0.1,mvn-3.9.6,mvn-3.9.6,11,https://github.com/jpmml/${artifactId}.git,${version},,mvn -Psonatype-oss-release clean package -DskipTests -Dmaven.javadoc.skip -Dgpg.skip,,true,false,DISCOVERED
RCM-09977,content/org/jrivard/xmlchai/xmlchai-0.1.3.buildspec,373c2ded1f28e48e8866db63cd2536d8369fc08134ddbaff2e635182c626ce0c,org.jrivard.xmlchai,xmlchai,0.1.3,mvn,mvn,17,https://github.com/jrivard/chaixml,v1_0_3,,"mvn -Pskip-javadoc,skip-tests clean package -Djarsigner.skip",,true,false,DISCOVERED
RCM-09994,content/org/jvnet/jaxb/jaxb-tools-4.0.8.buildspec,7a7544825724ad22d000c6508495b8174f17d12b02a8cdfaa33787c9d9532a9f,org.jvnet.jaxb,jaxb-tools-project,4.0.8,mvn-3.9.11,mvn-3.9.11,11,https://github.com/highsource/jaxb-tools.git,${version},,mvn -Psonatype-oss-release clean package -DskipTests -Dmaven.javadoc.skip -Dgpg.skip -Dbuildinfo.detect.skip=false,,true,false,DISCOVERED
RCM-09997,content/org/kocakosm/jblake2/jblake2-0.5.buildspec,4a6971d6e3cd9c94e9b03170b982992bfbc21b306ecd1d1a836c40230b65143b,org.kocakosm,jblake2,0.5,mvn,mvn,17,https://github.com/kocakosm/jblake2.git,${version},,mvn -Prelease clean package -DskipTests -Dmaven.javadoc.skip -Dgpg.skip,,true,false,DISCOVERED
RCM-10001,content/org/kordamp/pomchecker/pomchecker-1.14.0.buildspec,6e8687533d1e74f068691f8f1436b4f0c04121e1985917ed2245c6b1ec0e024f,org.kordamp.maven,pomchecker,1.14.0,mvn-3.9.8,mvn-3.9.8,11,https://github.com/kordamp/pomchecker.git,v${version},,mvn -ntp clean verify -Ppublication -Dreproducible=true,,true,false,DISCOVERED
RCM-10022,content/org/liquibase/ext/liquibase-percona/liquibase-percona-4.26.0.buildspec,a2d732fd8249cedbde3135dde5e055d1763f0a9e70bc363d4a99afbd9b70e037,org.liquibase.ext,liquibase-percona,4.26.0,mvn,mvn,17,https://github.com/liquibase/${artifactId}.git,v${version},,mvn clean package -Prelease -DskipTests -Dmaven.javadoc.skip,,true,false,DISCOVERED
RCM-10060,content/org/metricshub/community-connectors/community-connectors-1.0.21.buildspec,8cc0cd83c40a2e74300a00ebb816850a1ab68f8fb7733814e3930852cdf8f7e9,org.metricshub,community-connectors,1.0.21,mvn,mvn,17,https://github.com/MetricsHub/${artifactId}.git,v${version},,mvn clean package -DskipTests -Dmaven.javadoc.skip -Dgpg.skip -Dbuildinfo.ignore=,,true,false,DISCOVERED
RCM-10061,content/org/metricshub/ipmi-java/ipmi-java-1.2.01.buildspec,dbf9b6ca8df13c039c99e10575e13efd14aadd049bb27003714662098081b65e,org.metricshub,ipmi-java,1.2.01,mvn,mvn,17,https://github.com/MetricsHub/${artifactId}.git,v${version},,mvn clean package -DskipTests -Dmaven.javadoc.skip -Dgpg.skip,,true,false,DISCOVERED
RCM-10065,content/org/metricshub/jawk/jawk-4.0.01.buildspec,cbc0fbdc8f605ee067d97db1b07313170a90acd77fd6fb0b4ece54dfd22ce958,org.metricshub,jawk,4.0.01,mvn,mvn,17,https://github.com/MetricsHub/${artifactId}.git,v${version},,mvn clean package -DskipTests -Dmaven.javadoc.skip -Dgpg.skip,,true,false,DISCOVERED
RCM-10069,content/org/metricshub/jflat/jflat-1.1.00.buildspec,68adc945a430c09524d2158fd5f01b225f57ddb9099d0f46aef31e0b4a9b67a4,org.metricshub,jflat,1.1.00,mvn,mvn,17,https://github.com/MetricsHub/${artifactId}.git,v${version},,mvn clean package -DskipTests -Dmaven.javadoc.skip -Dgpg.skip,,true,false,DISCOVERED
RCM-10075,content/org/metricshub/printf4j/printf4j-0.9.08.buildspec,89a48db60797b45433205dea117494666422ff0fcd47b1f343e48444e95932ab,org.metricshub,printf4j,0.9.08,mvn,mvn,17,https://github.com/MetricsHub/${artifactId}.git,v${version},,mvn clean package -DskipTests -Dmaven.javadoc.skip -Dgpg.skip,,true,false,DISCOVERED
RCM-10077,content/org/metricshub/snmp-java/snmp-java-2.1.00.buildspec,8ee9612fa6c36c466266ac08ca07ebb720e0d5b3411404e12e309d95e407c1fd,org.metricshub,snmp-java,2.1.00,mvn,mvn,17,https://github.com/MetricsHub/${artifactId}.git,v${version},,mvn clean package -DskipTests -Dmaven.javadoc.skip -Dgpg.skip,,true,false,DISCOVERED
RCM-10080,content/org/metricshub/ssh-java/ssh-java-1.0.03.buildspec,2315f79c4bcce4f0540f1134a5a25570a792c430fd5454c1ca37337377696631,org.metricshub,ssh-java,1.0.03,mvn,mvn,17,https://github.com/MetricsHub/${artifactId}.git,v${version},,mvn clean package -DskipTests -Dmaven.javadoc.skip -Dgpg.skip,,true,false,DISCOVERED
RCM-10082,content/org/metricshub/tablejoin/tablejoin-1.0.02.buildspec,63093d3993e9c2cdffe3ba828618edd99ff52142f569f6131fb3b791b309d8cb,org.metricshub,tablejoin,1.0.02,mvn,mvn,17,https://github.com/MetricsHub/${artifactId}.git,v${version},,mvn clean package -DskipTests -Dmaven.javadoc.skip -Dgpg.skip,,true,false,DISCOVERED
RCM-10083,content/org/metricshub/vcenter-java/vcenter-java-1.0.02.buildspec,4bd04d0f92804f73d1d98dea9fcea4a54fc4b5fe4c68c9dbba1c5dd025387acd,org.metricshub,vcenter-java,1.0.02,mvn,mvn,17,https://github.com/MetricsHub/${artifactId}.git,v${version},,mvn clean package -DskipTests -Dmaven.javadoc.skip -Dgpg.skip,,true,false,DISCOVERED
RCM-10084,content/org/metricshub/wbem-java/wbem-java-1.0.02.buildspec,28793aa244cb75646cb3539917ff4095ddccc0bc0937658bd75ec7f354ecf475,org.metricshub,wbem-java,1.0.02,mvn,mvn,17,https://github.com/MetricsHub/${artifactId}.git,v${version},,mvn clean package -DskipTests -Dmaven.javadoc.skip -Dgpg.skip,,true,false,DISCOVERED
RCM-10085,content/org/metricshub/winrm-java/winrm-java-1.1.02.buildspec,a7c8a54a848bca1e8896416b6a47f37368d573502f4f0bf4d2bbc9597449f573,org.metricshub,winrm-java,1.1.02,mvn,mvn,17,https://github.com/MetricsHub/${artifactId}.git,v${version},,mvn clean package -DskipTests -Dmaven.javadoc.skip -Dgpg.skip,,true,false,DISCOVERED
RCM-10088,content/org/metricshub/wmi-java/wmi-java-1.0.05.buildspec,84a8015997aaef7fb2c37f70c009a11c36d8d8d0f0341669478079f1b9f3dec2,org.metricshub,wmi-java,1.0.05,mvn,mvn,17,https://github.com/MetricsHub/${artifactId}.git,v${version},,mvn clean package -DskipTests -Dmaven.javadoc.skip -Dgpg.skip,,true,false,DISCOVERED
RCM-10089,content/org/metricshub/xflat/xflat-1.0.02.buildspec,5c81f0cbde514e887d111eacab0461db1db4a2a341d6194dda6985fb8a43a527,org.metricshub,xflat,1.0.02,mvn,mvn,17,https://github.com/MetricsHub/${artifactId}.git,v${version},,mvn clean package -DskipTests -Dmaven.javadoc.skip -Dgpg.skip,,true,false,DISCOVERED
RCM-10072,content/org/metricshub/maven/metricshub-connector-maven-plugin/metricshub-connector-maven-plugin-1.0.11.buildspec,0cc65b52a1cba43d4173b213414e94e0d107779073248731898c219f110b360a,org.metricshub.maven,metricshub-connector-maven-plugin,1.0.11,mvn,mvn,17,https://github.com/MetricsHub/${artifactId}.git,v${version},,mvn clean package -DskipTests -Dmaven.javadoc.skip -Dgpg.skip,,true,false,DISCOVERED
RCM-10096,content/org/moditect/moditect/moditect-1.3.0.buildspec,cb66c3dde2023f38874d2a86ccefbde00261583b6a557c95006e27005ca9b88c,org.moditect,moditect,1.3.0,mvn,mvn,11,https://github.com/moditect/${artifactId}.git,${version}.Final,,mvn -Dmaven.site.skip -Drelease package -DskipTests -Dmaven.javadoc.skip -Dgpg.skip,,true,false,DISCOVERED
RCM-10090,content/org/moditect/layrry/layrry-1.0.0.Final.buildspec,279eb14fac77abd217336e2609f7783185f45465d5db322217774c5a5ed682f6,org.moditect.layrry,layrry-aggregator,1.0.0.Final,mvn,mvn,17,https://github.com/moditect/layrry.git,v${version},,mvn -Dmaven.site.skip -Drelease package -DskipTests -Dmaven.javadoc.skip -Dgpg.skip,,true,false,DISCOVERED
RCM-10100,content/org/mybatis/base-bundle-descriptor/base-bundle-descriptor-12.buildspec,6b4da281ef3847107e2090af56f1a67c31e5fbd70860b575604b0caefa17694c,org.mybatis,base-bundle-descriptor,12,mvn-3.9.8,mvn-3.9.8,22,https://github.com/mybatis/${artifactId}.git,${artifactId}-${version},,mvn -Prelease clean package -DskipTests -Dmaven.javadoc.skip -Dgpg.skip,,true,false,DISCOVERED
RCM-10151,content/org/mybatis/jpetstore/jpetstore-6.1.0.buildspec,4719c0eb1ee8c4732e2c8b3ae3190488ae19bded17b2e52a9d6fd24bc1b1ce3a,org.mybatis,jpetstore,6.1.0,mvn,mvn,17,https://github.com/mybatis/jpetstore-6.git,${artifactId}-${version},,mvn -Prelease clean package -DskipTests -Dmaven.javadoc.skip -Dgpg.skip,,true,false,DISCOVERED
RCM-10187,content/org/mybatis/mybatis/mybatis-3.5.18.buildspec,f488cd095353063f6f0d12ec65ec810ad7117f10fadeaa1b2476bc91c3e4cd2e,org.mybatis,mybatis,3.5.18,mvn-3.9.9,mvn-3.9.9,21,https://github.com/mybatis/mybatis-3.git,${artifactId}-${version},,mvn -Prelease clean package -DskipTests -Dmaven.javadoc.skip -Dgpg.skip,,true,false,DISCOVERED
RCM-10176,content/org/mybatis/mybatis-2-spring/mybatis-2-spring-1.4.0.buildspec,cb8d310bfb1b4eb4b64b6b680038256b91370cfaafdb6e61ce71720e73d537b2,org.mybatis,mybatis-2-spring,1.4.0,mvn-3.9.16,mvn-3.9.16,25,https://github.com/mybatis/ibatis-spring.git,${artifactId}-${version},,mvn -Prelease clean package -DskipTests -Dmaven.javadoc.skip -Dgpg.skip,,true,false,DISCOVERED
RCM-10133,content/org/mybatis/cdi/mybatis-cdi-2.0.1.buildspec,15b05ac308c1ba5999437b09168078a86b9a8086e23258e7eb7ab678511c7b9d,org.mybatis,mybatis-cdi,2.0.1,mvn-3.9.5,mvn-3.9.5,21,https://github.com/mybatis/cdi.git,${artifactId}-${version},,mvn -Prelease clean package -DskipTests -Dmaven.javadoc.skip -Dgpg.skip -Pcdi-2.0,,true,false,DISCOVERED
RCM-10149,content/org/mybatis/guice/mybatis-guice-4.1.0.buildspec,21c2186255269beb14bb0bbbd7a1cac42efb470f417dcad1b27543cb4b29a925,org.mybatis,mybatis-guice,4.1.0,mvn-3.9.11,mvn-3.9.11,25,https://github.com/mybatis/guice.git,${artifactId}-${version},,mvn -Prelease clean package -DskipTests -Dmaven.javadoc.skip -Dgpg.skip,,true,false,DISCOVERED
RCM-10157,content/org/mybatis/migrations/migrations-3.4.0.buildspec,a88217fbc16fa7c51a362d6d24ab21dba35219f5afccc45091151a066fdd3d1c,org.mybatis,mybatis-migrations,3.4.0,mvn-3.9.8,mvn-3.9.8,22,https://github.com/mybatis/migrations.git,${artifactId}-${version},,mvn -Prelease clean package -DskipTests -Dmaven.javadoc.skip -Dgpg.skip -Pcdi-2.0,,true,false,DISCOVERED
RCM-10210,content/org/mybatis/parent/mybatis-parent-40.buildspec,9e9497510a3febb8035c22cf4712b4e2381980d1f12d41109bd4bc134f4b57e8,org.mybatis,mybatis-parent,40,mvn-3.9.5,mvn-3.9.5,11,https://github.com/mybatis/parent.git,${artifactId}-${version},,mvn -Prelease clean package -DskipTests -Dmaven.javadoc.skip -Dgpg.skip,,true,false,DISCOVERED
RCM-10193,content/org/mybatis/mybatis-spring/mybatis-spring-3.0.1.buildspec,d7ad2caa6161bd66b3c7cf4f3231647cc5c61e5e758a4012dcc8e5616002a896,org.mybatis,mybatis-spring,3.0.1,mvn,mvn,17,https://github.com/mybatis/spring.git,${artifactId}-${version},,mvn -Prelease clean package -DskipTests -Dmaven.javadoc.skip -Dgpg.skip,,true,false,DISCOVERED
RCM-10203,content/org/mybatis/mybatis-typehandlers-threeten-extra/mybatis-typehandlers-threeten-extra-1.2.0.buildspec,ffcbf42bfd38d1afcd9feca069cbce1d1b64436e767fa58f3ba0a72819f5dca2,org.mybatis,mybatis-typehandlers-threeten-extra,1.2.0,mvn-3.9.16,mvn-3.9.16,25,https://github.com/mybatis/typehandlers-threeten-extra.git,${artifactId}-${version},,mvn -Prelease clean package -DskipTests -Dmaven.javadoc.skip -Dgpg.skip -Dformatter.skip,,true,false,DISCOVERED
RCM-10165,content/org/mybatis/mybatis2/mybatis2-2.7.2.buildspec,dc70178e6739d80284aa22fbeccf1fa0df6504e269a5e9cf3442652cce1cc567,org.mybatis,mybatis2,2.7.2,mvn-3.9.11,mvn-3.9.11,25,https://github.com/mybatis/mybatis-2.git,${artifactId}-${version},,mvn -Prelease clean package -DskipTests -Dmaven.javadoc.skip -Dgpg.skip,,true,false,DISCOVERED
RCM-10104,content/org/mybatis/caches/mybatis-caffeine/mybatis-caffeine-1.1.0.buildspec,c2becbc9392eec1d200f6c3ec08424365ef9d4806331e3b74b749615739e7043,org.mybatis.caches,mybatis-caffeine,1.1.0,mvn,mvn,17,https://github.com/mybatis/${artifactId}.git,${artifactId}-${version},,mvn -Prelease clean package -DskipTests -Dmaven.javadoc.skip -Dgpg.skip,,true,false,DISCOVERED
RCM-10112,content/org/mybatis/caches/mybatis-ehcache/mybatis-ehcache-2.0.0.buildspec,114b8510bd5b3f7ba2300246ebd418f27fe3155c5df6dc01f67aa0a68e266d58,org.mybatis.caches,mybatis-ehcache,2.0.0,mvn-3.9.16,mvn-3.9.16,25,https://github.com/mybatis/ehcache-cache.git,${artifactId}-${version},,mvn -Prelease clean package -DskipTests -Dmaven.javadoc.skip -Dgpg.skip,,true,false,DISCOVERED
RCM-10118,content/org/mybatis/caches/mybatis-hazelcast/mybatis-hazelcast-1.4.1.buildspec,f0e1a2f29676b5eb03b3a3d6c7496ac4053e35d1f523cef56b9749e093aec5af,org.mybatis.caches,mybatis-hazelcast,1.4.1,mvn-3.9.16,mvn-3.9.16,25,https://github.com/mybatis/hazelcast-cache.git,${artifactId}-${version},,mvn -Prelease clean package -DskipTests -Dmaven.javadoc.skip -Dgpg.skip,,true,false,DISCOVERED
RCM-10120,content/org/mybatis/caches/mybatis-ignite/mybatis-ignite-1.2.0.buildspec,56c9646c15fcb9747161e000848a26cf4f57e583e49e9846f2c8ef73a98c70f6,org.mybatis.caches,mybatis-ignite,1.2.0,mvn-3.9.11,mvn-3.9.11,25,https://github.com/mybatis/ignite-cache.git,${artifactId}-${version},,mvn -Prelease clean package -DskipTests -Dmaven.javadoc.skip -Dgpg.skip,,true,false,DISCOVERED
RCM-10124,content/org/mybatis/caches/mybatis-memcached/mybatis-memcached-1.2.1.buildspec,d8799cc299a399e4f85581782e51987697189efbdf143eacc1e5a3c27f8019c3,org.mybatis.caches,mybatis-memcached,1.2.1,mvn-3.9.11,mvn-3.9.11,25,https://github.com/mybatis/memcached-cache.git,${artifactId}-${version},,mvn -Prelease clean package -DskipTests -Dmaven.javadoc.skip -Dgpg.skip,,true,false,DISCOVERED
RCM-10127,content/org/mybatis/caches/mybatis-redis/mybatis-redis-1.1.0.buildspec,8fdf67c89ca28a294bd6dd42bf4dfd3c0962ae4fc41dd6775593d66b1f6f8e30,org.mybatis.caches,mybatis-redis,1.1.0,mvn-3.9.11,mvn-3.9.11,25,https://github.com/mybatis/redis-cache.git,${artifactId}-${version},,mvn -Prelease clean package -DskipTests -Dmaven.javadoc.skip -Dgpg.skip,,true,false,DISCOVERED
RCM-10140,content/org/mybatis/dynamic-sql/mybatis-dynamic-sql-1.5.0.buildspec,448076f90230c27f53fd54656db3f845489d67b6205182a88035aff2969f9442,org.mybatis.dynamic-sql,mybatis-dynamic-sql,1.5.0,mvn,mvn,17,https://github.com/mybatis/${artifactId}.git,${artifactId}-${version},,mvn -Prelease clean package -DskipTests -Dmaven.javadoc.skip -Dgpg.skip,,true,false,DISCOVERED
RCM-10145,content/org/mybatis/generator/mybatis-generator-2.0.0.buildspec,58e6b6f04f21424abc3d37b0b36e90db8821effaa7ede33e5b12cd6648698da0,org.mybatis.generator,mybatis-generator,2.0.0,mvn-3.9.12,mvn-3.9.12,17,https://github.com/mybatis/generator.git,${artifactId}-${version},,mvn -f core -Prelease clean package -DskipTests -Dmaven.javadoc.skip -Dgpg.skip,,true,false,DISCOVERED
RCM-10156,content/org/mybatis/maven/migrations-maven-plugin/migrations-maven-plugin-1.4.0.buildspec,98f705a7cf8425285ab04c512eecb3bd0465c28f87d41a37a3d5fd9ad8f62e76,org.mybatis.maven,migrations-maven-plugin,1.4.0,mvn-3.9.16,mvn-3.9.16,25,https://github.com/mybatis/${artifactId}.git,${artifactId}-${version},,mvn -Prelease clean package -DskipTests -Dmaven.javadoc.skip -Dgpg.skip -Pcdi-2.0,,true,false,DISCOVERED
RCM-10223,content/org/mybatis/scala/mybatis-scala-1.3.2.buildspec,762c58d010ccb1e3b98e37f75c198ddc1db25619a97604871306d2d7a71b7f68,org.mybatis.scala,mybatis-scala-parent_2.13,1.3.2,mvn-3.9.11,mvn-3.9.11,25,https://github.com/mybatis/scala.git,${artifactId}-${version},,mvn -Prelease clean package -DskipTests -Dmaven.javadoc.skip -Dgpg.skip,,true,false,DISCOVERED
RCM-10227,content/org/mybatis/scripting/mybatis-freemarker/mybatis-freemarker-1.3.2.buildspec,2b95af261d425cb43d91f0a4a22111edbeba06d3f0844a050c36573346996882,org.mybatis.scripting,mybatis-freemarker,1.3.2,mvn-3.9.16,mvn-3.9.16,25,https://github.com/mybatis/freemarker-scripting.git,${artifactId}-${version},,mvn -Prelease clean package -DskipTests -Dmaven.javadoc.skip -Dgpg.skip,,true,false,DISCOVERED
RCM-10228,content/org/mybatis/scripting/mybatis-thymeleaf/mybatis-thymeleaf-1.0.4.buildspec,a3cd88534855c6785fcbbd210e478f82962ddf4b251a32e01459d9431546ebc2,org.mybatis.scripting,mybatis-thymeleaf,1.0.4,mvn,mvn,17,https://github.com/mybatis/thymeleaf-scripting.git,${artifactId}-${version},,mvn -Prelease clean package -DskipTests -Dmaven.javadoc.skip -Dgpg.skip,,true,false,DISCOVERED
RCM-10234,content/org/mybatis/scripting/mybatis-velocity/mybatis-velocity-2.3.0.buildspec,d0237e5b702ab1495449736139503df3d81c555a9f9dee5d7c040de836913028,org.mybatis.scripting,mybatis-velocity,2.3.0,mvn-3.9.8,mvn-3.9.8,22,https://github.com/mybatis/velocity-scripting.git,${artifactId}-${version},,mvn -Prelease clean package -DskipTests -Dmaven.javadoc.skip -Dgpg.skip,,true,false,DISCOVERED
RCM-10239,content/org/mybatis/spring/boot/mybatis-spring-boot-2.3.2.buildspec,533bfb07c908277b34ff93751b20e62537fcde320d1a3f75d0062de7abb28212,org.mybatis.spring.boot,mybatis-spring-boot,2.3.2,mvn,mvn,11,https://github.com/mybatis/spring-boot-starter.git,${artifactId}-${version},,mvn -Prelease clean package -DskipTests -Dmaven.javadoc.skip -Dgpg.skip,,true,false,DISCOVERED
RCM-10251,content/org/nlpub/watset/watset-2.3.1.buildspec,a8f75b78cb658d907e00a9ea5cb52fbc425230179e30b591f017042a4a9109db,org.nlpub,watset,2.3.1,mvn,mvn,11,https://github.com/nlpub/watset-java,${version},,mvn clean package -DskipTests -Dmaven.javadoc.skip -Dgpg.skip,,true,false,DISCOVERED
RCM-10266,content/org/openapitools/openapidiff/openapi-diff-2.1.0-beta.12.buildspec,bc903a624076e10eaf3fa000399214a0e49d90216dc8fc104e143acc09677169,org.openapitools.openapidiff,openapi-diff-parent,2.1.0-beta.12,mvn,mvn,11,https://github.com/OpenAPITools/openapi-diff.git,${version},,mvn -Prelease clean package -DskipTests -Dmaven.javadoc.skip -Dgpg.skip -Dcyclonedx.skip,,true,false,DISCOVERED
RCM-10286,content/org/osgi/test/osgi-test-1.0.1.buildspec,b8cc40b4d5c3c40108285a246b2e72e251eb8e3a2f7babecfdbdb7172caba36a,org.osgi,org.osgi.test.parent,1.0.1,mvn,mvn,8,https://github.com/osgi/osgi-test.git,${version},,mvn -Possrh clean verify -DskipTests -Dmaven.javadoc.skip -Dgpg.skip,,true,false,DISCOVERED
RCM-10355,content/org/owasp/dependency-check/dependency-check-7.4.4.buildspec,c96d49d79758f369ce9c3a1e1e649fe9b85cb5f98311c7ab69e8e8d94dc8625e,org.owasp,dependency-check-parent,7.4.4,mvn,mvn,8,https://github.com/jeremylong/DependencyCheck,v${version},,mvn clean package -Prelease-profile -DskipTests -Dmaven.javadoc.skip -Dgpg.skip,,true,false,DISCOVERED
RCM-10294,content/org/owasp/antisamy/antisamy-1.6.3.buildspec,f80491495c674f5a19800e15da815ea1118c464b32adeb50ae80a5a98736f339,org.owasp.antisamy,antisamy,1.6.3,mvn,mvn,8,https://github.com/nahsra/${artifactId}.git,${version},,"mvn clean package -DskipTests -Dmaven.javadoc.skip -Dgpg.skip -Dbuildinfo.ignore=cyclonedx.xml,cyclonedx.json",,true,false,DISCOVERED
RCM-10386,content/org/phoebus/phoebus-5.0.2.buildspec,7749b918a9e6b55bfa5e0de11d77d2954d06d775358a0dc9b289d58669b8fc1b,org.phoebus,parent,5.0.2,mvn,mvn,17,https://github.com/ControlSystemStudio/phoebus,v${version},,mvn -Pdocs clean package -DskipTests -Dgpg.skip,,true,false,DISCOVERED
RCM-10391,content/org/quickperf/quick-perf-1.0.1.buildspec,38ec4c4e9416db3c4d8426036d5c4314b4eff8e4d629e1924687f0826af25d93,org.quickperf,quick-perf,1.0.1,mvn,mvn,11,https://github.com/quick-perf/quickperf.git,release-${version},,mvn clean package -DskipTests -Dmaven.javadoc.skip -Dgpg.skip,,true,false,DISCOVERED
RCM-10393,content/org/quickperf/quick-perf-live/quick-perf-live-0.11.buildspec,ac0f17a87a6185f31b9302940118a88fece4adf924eb21097cdb535b73b4b6aa,org.quickperf,quick-perf-live,0.11,mvn,mvn,11,https://github.com/quick-perf/quickperf-live.git,release-${version},,mvn clean package -Prelease -DskipTests -Dmaven.javadoc.skip -Dgpg.skip,,true,false,DISCOVERED
RCM-10396,content/org/quickperf/quick-sql-test-data/quick-sql-test-data-0.1.buildspec,d5674a3b1ddc799e947f1135dfcc0170eed8ede50b14f47b631f42184b8efe7d,org.quickperf,quick-sql-test-data,0.1,mvn,mvn,11,https://github.com/quick-perf/${artifactId}.git,${artifactId}-${version},,mvn clean package -Prelease -DskipTests -Dmaven.javadoc.skip -Dgpg.skip,,true,false,DISCOVERED
RCM-10398,content/org/sentrysoftware/http/http-1.0.01.buildspec,da321ca16db59dde2711111b386b688a3113746da62f75ee56d85ba79ccf0fd4,org.sentrysoftware,http,1.0.01,mvn,mvn,17,https://github.com/sentrysoftware/${artifactId}.git,v${version},,mvn clean package -DskipTests -Dmaven.javadoc.skip -Dgpg.skip,,true,false,DISCOVERED
RCM-10400,content/org/sentrysoftware/ipmi/ipmi-1.0.01.buildspec,d6248dcab8ba81b592cddee54f343302f2b827678ce5904031e3178903dda656,org.sentrysoftware,ipmi,1.0.01,mvn,mvn,17,https://github.com/sentrysoftware/${artifactId}.git,v${version},,mvn clean package -DskipTests -Dmaven.javadoc.skip -Dgpg.skip,,true,false,DISCOVERED
RCM-10405,content/org/sentrysoftware/jawk/jawk-3.1.00.buildspec,4db6f60854119fc575ee676db160e366ab6482948bfaf2554b9c0852258f50a7,org.sentrysoftware,jawk,3.1.00,mvn,mvn,17,https://github.com/sentrysoftware/${artifactId}.git,v${version},,mvn clean package -DskipTests -Dmaven.javadoc.skip -Dgpg.skip,,true,false,DISCOVERED
RCM-10415,content/org/sentrysoftware/jflat/jflat-1.0.01.buildspec,1ce5d737292a8a6b075ba55f70773e8353f81949258def22d9f0b9fc5292f758,org.sentrysoftware,jflat,1.0.01,mvn,mvn,17,https://github.com/sentrysoftware/${artifactId}.git,v${version},,mvn clean package -DskipTests -Dmaven.javadoc.skip -Dgpg.skip,,true,false,DISCOVERED
RCM-10456,content/org/sentrysoftware/metricshub-community-connectors/metricshub-community-connectors-1.0.07.buildspec,02cb4b33909c87e124eded1a848348a1eedec4044eabe7fdd372a95a3b03f39b,org.sentrysoftware,metricshub-community-connectors,1.0.07,mvn,mvn,17,https://github.com/sentrysoftware/${artifactId}.git,v${version},,mvn clean package -DskipTests -Dmaven.javadoc.skip -Dgpg.skip -Dbuildinfo.ignore=,,true,false,DISCOVERED
RCM-10459,content/org/sentrysoftware/metricshub/metricshub-0.9.01.buildspec,57d1d8d85da887e16dcd80671f10aa59ef7b4aee85817fb37feb0ac6e3a4c907,org.sentrysoftware,metricshub-parent,0.9.01,mvn,mvn,17,https://github.com/sentrysoftware/metricshub.git,v${version},,mvn clean package -DskipTests -Dmaven.javadoc.skip -Dgpg.skip,,true,false,DISCOVERED
RCM-10460,content/org/sentrysoftware/printf4j/printf4j-0.9.05.buildspec,2b3a12ea8f3a9526be58acb9d5c4f7265f6aaea7173e345d30fdcf8572909210,org.sentrysoftware,printf4j,0.9.05,mvn,mvn,17,https://github.com/sentrysoftware/${artifactId}.git,v${version},,mvn clean package -DskipTests -Dmaven.javadoc.skip -Dgpg.skip,,true,false,DISCOVERED
RCM-10463,content/org/sentrysoftware/snmp/snmp-1.0.00.buildspec,d5af76984c476395e01e92f6631c2a827dd4c5d25d009f7ae6ff24162128ee99,org.sentrysoftware,snmp,1.0.00,mvn,mvn,17,https://github.com/sentrysoftware/${artifactId}.git,v${version},,mvn clean package -DskipTests -Dmaven.javadoc.skip -Dgpg.skip,,true,false,DISCOVERED
RCM-10468,content/org/sentrysoftware/ssh/ssh-1.0.02.buildspec,40c0c5c3cd330b8624e9645cd02e037ba2ddf93cd845fd82655f9c0857f03fb6,org.sentrysoftware,ssh,1.0.02,mvn,mvn,17,https://github.com/sentrysoftware/${artifactId}.git,v${version},,mvn clean package -DskipTests -Dmaven.javadoc.skip -Dgpg.skip,,true,false,DISCOVERED
RCM-10470,content/org/sentrysoftware/tablejoin/tablejoin-1.0.01.buildspec,bb73402e4e6b216ea2a521c7c906054398a1f973f1b86c8783562f1e9139d7a0,org.sentrysoftware,tablejoin,1.0.01,mvn,mvn,17,https://github.com/sentrysoftware/${artifactId}.git,v${version},,mvn clean package -DskipTests -Dmaven.javadoc.skip -Dgpg.skip,,true,false,DISCOVERED
RCM-10471,content/org/sentrysoftware/vcenter/vcenter-1.0.00.buildspec,7687902576bed26c087766e721a57596baba48fb2c66dfb3e52a9813127d380d,org.sentrysoftware,vcenter,1.0.00,mvn,mvn,17,https://github.com/sentrysoftware/${artifactId}.git,v${version},,mvn clean package -DskipTests -Dmaven.javadoc.skip -Dgpg.skip,,true,false,DISCOVERED
RCM-10474,content/org/sentrysoftware/wbem/wbem-1.0.01.buildspec,8f624e7eea0e3beceb87d45c2769fa8c1976a5a8d6084fba3cf8f939805106c5,org.sentrysoftware,wbem,1.0.01,mvn,mvn,17,https://github.com/sentrysoftware/${artifactId}.git,v${version},,mvn clean package -DskipTests -Dmaven.javadoc.skip -Dgpg.skip,,true,false,DISCOVERED
RCM-10476,content/org/sentrysoftware/winrm/winrm-1.0.01.buildspec,0344d065ddda968566553fef3003224ba3143f85c5fd6a91cc5ed6a1db4b82b4,org.sentrysoftware,winrm,1.0.01,mvn,mvn,17,https://github.com/sentrysoftware/${artifactId}.git,v${version},,mvn clean package -DskipTests -Dmaven.javadoc.skip -Dgpg.skip,,true,false,DISCOVERED
RCM-10481,content/org/sentrysoftware/wmi/wmi-1.0.02.buildspec,d34ffa7d138f27311f6706861d6a4d988d5cc72b1e50a817af5c9e7392e2aa67,org.sentrysoftware,wmi,1.0.02,mvn,mvn,17,https://github.com/sentrysoftware/${artifactId}.git,v${version},,mvn clean package -DskipTests -Dmaven.javadoc.skip -Dgpg.skip,,true,false,DISCOVERED
RCM-10482,content/org/sentrysoftware/xflat/xflat-1.0.00.buildspec,bc045fadd77e70309d6b7b9b3ff5057d3e8c2bb6f87754739db21590dab00d0a,org.sentrysoftware,xflat,1.0.00,mvn,mvn,17,https://github.com/sentrysoftware/${artifactId}.git,v${version},,mvn clean package -DskipTests -Dmaven.javadoc.skip -Dgpg.skip,,true,false,DISCOVERED
RCM-10418,content/org/sentrysoftware/maven/maven-skin-tools/maven-skin-tools-1.2.00.buildspec,a1c8147f764f55e06fc9f1e9c8c85a2098bd8b7b6e53cc5ee5aafc7b2c4a8f59,org.sentrysoftware.maven,maven-skin-tools,1.2.00,mvn,mvn,17,https://github.com/sentrysoftware/${artifactId}.git,v${version},,mvn clean package -DskipTests -Dmaven.javadoc.skip -Dgpg.skip,,true,false,DISCOVERED
RCM-10428,content/org/sentrysoftware/maven/metricshub-connector-maven-plugin/metricshub-connector-maven-plugin-1.0.02.buildspec,a46c8473b1a6fffb4752ff8ad732a3c6f3132e8e312871ea4ac212c68d0ca0df,org.sentrysoftware.maven,metricshub-connector-maven-plugin,1.0.02,mvn,mvn,17,https://github.com/sentrysoftware/${artifactId}.git,v${version},,mvn clean package -DskipTests -Dmaven.javadoc.skip -Dgpg.skip,,true,false,DISCOVERED
RCM-10446,content/org/sentrysoftware/maven/sentry-maven-skin/sentry-maven-skin-6.6.01.buildspec,96136cb452b6b97e45dd2dcd8db780c8bea7b2cf2d77b19e5fc6168152363400,org.sentrysoftware.maven,sentry-maven-skin,6.6.01,mvn,mvn,17,https://github.com/sentrysoftware/sentry-maven-skin.git,v${version},,mvn clean package -DskipTests -Dmaven.javadoc.skip -Dgpg.skip,,true,false,DISCOVERED
RCM-10503,content/org/simplify4u/pgp-keys-map/pgp-keys-map-2024.04.04.buildspec,be0310539e013bb62d0329485ed70544d71d420a630b43605c9b3142d722c4f5,org.simplify4u,pgp-keys-map,2024.04.04,mvn,mvn,8,git@github.com:s4u/${artifactId}.git,v${version},,mvn -N clean package -Dmaven.test.skip,,true,false,DISCOVERED
RCM-10529,content/org/simplify4u/slf4j-mock/slf4j-mock-2.1.0.buildspec,e92b408f6da284fd33ecdcbc09bfbcefe14da6d526da156a77f902c569855308,org.simplify4u,slf4j-mock,2.1.0,mvn,mvn,8,git@github.com:s4u/slf4j-mock.git,v${version},,mvn clean package -Dmaven.test.skip -Dpgpverify.skip,,true,false,DISCOVERED
RCM-10517,content/org/simplify4u/plugins/pgpverify-maven-plugin/pgpverify-maven-plugin-1.18.1.buildspec,678e15e056ef712b2b224dc6c3e42b837469f9272bcc59525471b91228476ac6,org.simplify4u.plugins,pgpverify-maven-plugin,1.18.1,mvn,mvn,8,git@github.com:s4u/pgpverify-maven-plugin.git,v${version},,mvn clean package -Dmaven.test.skip,,true,false,DISCOVERED
RCM-10527,content/org/simplify4u/plugins/sign-maven-plugin/sign-maven-plugin-1.0.1.buildspec,847e5262355523d3b65d3ac19581de47f682fead8fbadbc52348a6a5ead34a78,org.simplify4u.plugins,sign-maven-plugin,1.0.1,mvn,mvn,8,https://github.com/s4u/${artifactId}.git,v${version},,mvn clean package -Dmaven.test.skip -Dpgpverify.skip,,true,false,DISCOVERED
RCM-10546,content/org/slf4j/slf4j-2.1.0-alpha1.buildspec,b363d99c2dd83582191608874c7cedc225f9bd5c0472d1fbe760271ba3c4ba72,org.slf4j,slf4j-parent,2.1.0-alpha1,mvn,mvn,21,https://github.com/qos-ch/slf4j.git,v_${version},,SHELL mvn clean package -DskipTests -Dmaven.javadoc.skip && mvn package -DskipTests -Dmaven.javadoc.skip,,false,true,DISCOVERED
RCM-10565,content/org/sonatype/nexus/archetypes/nexus-format-archetype/nexus-format-archetype-1.0.74.buildspec,56add15b9cc48860712891839eff14cbc66a3202f534ca6724b8b889a4a38e26,org.sonatype.nexus.archetypes,nexus-format-archetype,1.0.74,mvn,mvn,8,https://github.com/sonatype-nexus-community/${artifactId}.git,${artifactId}-${version},,mvn clean package -DskipTests -Dmaven.javadoc.skip -Dgpg.skip,,true,false,DISCOVERED
RCM-10568,content/org/spdx/java-spdx-library/java-spdx-library-1.1.12.buildspec,e1d3ca8b118d1225444e21c1ee221fd745f86a7e39c2d85e7dba8a231963e6f5,org.spdx,java-spdx-library,1.1.12,mvn,mvn,17,https://github.com/spdx/Spdx-Java-Library.git,v${version},,mvn -Prelease clean verify -DskipTests -Dmaven.javadoc.skip -Dgpg.skip -Dspdx.skip,,true,false,DISCOVERED
RCM-10580,content/org/spdx/spdx-java-core/spdx-java-core-1.0.0.buildspec,dd6a3edf6ca1780afd026e898fc7929a79aec5f2e06ba65f86f858832b9000b2,org.spdx,spdx-java-core,1.0.0,mvn,mvn,23,https://github.com/spdx/spdx-java-core.git,v${version},,mvn -Prelease clean verify -DskipTests -Dmaven.javadoc.skip -Dgpg.skip -Dspdx.skip,,true,false,DISCOVERED
RCM-10590,content/org/spdx/spdx-maven-plugin/spdx-maven-plugin-0.7.2.buildspec,89bc4e50e023ce740374c7d203a4f1e0f361713549272dbff015491f124ed6f4,org.spdx,spdx-maven-plugin,0.7.2,mvn,mvn,17,https://github.com/spdx/${artifactId}.git,v${version},,mvn -Prelease clean verify -DskipTests -Dmaven.javadoc.skip -Dgpg.skip,,true,false,DISCOVERED
RCM-10600,content/org/tomitribe/transformer/org.eclipse.transformer.parent-0.1.1a.buildspec,af7a92e7de09dc867aca871d9a2cb8930f00c890c57d0ae588edda26aa17406f,org.tomitribe.transformer,org.eclipse.transformer.parent,0.1.1a,mvn,mvn,8,https://github.com/tomitribe/transformer.git,${artifactId}-${version},,mvn clean package -DskipTests -Dmaven.javadoc.skip -Dgpg.skip,,true,false,DISCOVERED
RCM-10602,content/org/webjars/angularjs/angularjs-1.8.3.buildspec,9d554b6d160ce4eaaeffff2b6748be76e5f4619d88bc39b5200459168c708004,org.webjars,angularjs,1.8.3,mvn,mvn,19,https://github.com/webjars/${artifactId}.git,${artifactId}-${version},,mvn clean package -DskipTests -Dmaven.javadoc.skip -Dgpg.skip,,true,false,DISCOVERED
RCM-10605,content/org/webjars/bootstrap/bootstrap-5.2.2.buildspec,ea07a415f4b9acb9f97e5d93a138b6dd1bf94ec430075607e4c88ae90d5ffdf1,org.webjars,bootstrap,5.2.2,mvn,mvn,8,https://github.com/webjars/${artifactId}.git,${artifactId}-${version},,mvn clean package -DskipTests -Dmaven.javadoc.skip -Dgpg.skip,,true,false,DISCOVERED
RCM-10638,content/org/webjars/flexmonster/flexmonster-2.9.35.buildspec,4929eb20cf50f9d9177e96b9945ba0f85fc1af760779f78fd54dafb4e899f729,org.webjars,flexmonster,2.9.35,mvn,mvn,8,https://github.com/webjars/${artifactId}.git,${artifactId}-${version},,mvn clean package -DskipTests -Dmaven.javadoc.skip -Dgpg.skip,,true,false,DISCOVERED
RCM-10703,content/org/webjars/font-awesome/font-awesome-6.2.1.buildspec,256cb01b63c9c64a2733519b8bc5f915edff343bc0fcbca961f25356aa415e48,org.webjars,font-awesome,6.2.1,mvn,mvn,8,https://github.com/webjars/${artifactId}.git,${artifactId}-${version},,mvn clean package -DskipTests -Dmaven.javadoc.skip -Dgpg.skip,,true,false,DISCOVERED
RCM-10720,content/org/webjars/highcharts/highcharts-12.1.0.buildspec,472e04c0669e0f5c9609d631dffc34c59c26037bd50ecb06deef86ddbc3d2adf,org.webjars,highcharts,12.1.0,mvn,mvn,21,https://github.com/webjars/${artifactId}.git,${artifactId}-${version},,mvn clean package -DskipTests -Dmaven.javadoc.skip -Dgpg.skip,,true,false,DISCOVERED
RCM-10724,content/org/webjars/jquery-ui/jquery-ui-1.14.1.buildspec,009b44fe15310cec5684418bfa6dd16061afa2c221c5cca7b4844246d293205c,org.webjars,jquery-ui,1.14.1,mvn,mvn,21,https://github.com/webjars/${artifactId}.git,${artifactId}-${version},,mvn clean package -DskipTests -Dmaven.javadoc.skip -Dgpg.skip,,true,false,DISCOVERED
RCM-10726,content/org/webjars/jszip/jszip-3.10.1.buildspec,35946b2338b3bd0fa90d2b782aac7eb93ecd290ae836d3fbe047dbfc06506294,org.webjars,jszip,3.10.1,mvn,mvn,8,https://github.com/webjars/${artifactId}.git,${artifactId}-${version},,mvn clean package -DskipTests -Dmaven.javadoc.skip -Dgpg.skip,,true,false,DISCOVERED
RCM-10727,content/org/webjars/openlayers/openlayers-8.2.0.buildspec,ae22e8687238a3bc09eb1c027e643203a5f2c38251198f5ec0947c74e6ca98a6,org.webjars,openlayers,8.2.0,mvn,mvn,8,https://github.com/webjars/openlayers.git,${artifactId}-${version},,mvn clean package -DskipTests -Dmaven.javadoc.skip -Dgpg.skip,,true,false,DISCOVERED
RCM-10732,content/org/webjars/redoc/redoc-2.5.1.buildspec,eda7ed19703397c7168fc22d59f472d0fab48a0cd82302b0f9da0eb809c5b992,org.webjars,redoc,2.5.1,mvn,mvn,21,https://github.com/webjars/${artifactId}.git,${artifactId}-${version},,mvn clean package -DskipTests -Dmaven.javadoc.skip -Dgpg.skip,,true,false,DISCOVERED
RCM-10771,content/org/webjars/swagger-ui/swagger-ui-5.3.1.buildspec,984a6d071aa09f4ccd702e4022485d9d4cb5dc126656bb1509f13d247f7b254f,org.webjars,swagger-ui,5.3.1,mvn,mvn,8,https://github.com/webjars/${artifactId}.git,${artifactId}-${version},,mvn clean package -DskipTests -Dmaven.javadoc.skip -Dgpg.skip,,true,false,DISCOVERED
RCM-10777,content/org/webjars/uswds/uswds-3.4.1.buildspec,8d336dec5f6032fdbff4e71a4a2a3da03b483a4048eb5391af7518573c83aae9,org.webjars,uswds,3.4.1,mvn,mvn,19,https://github.com/webjars/${artifactId}.git,${artifactId}-${version},,mvn clean package -DskipTests -Dmaven.javadoc.skip -Dgpg.skip,,true,false,DISCOVERED
RCM-10804,content/org/webjars/webjars-locator/webjars-locator-0.50.buildspec,1eb34f449984a3afc885339e6f5b1f1818c620f1f21815f3ad1c8a1f4f946014,org.webjars,webjars-locator,0.50,mvn-3.9.3,mvn-3.9.3,8,https://github.com/webjars/${artifactId}.git,${artifactId}-${version},,mvn clean package -DskipTests -Dmaven.javadoc.skip -Dgpg.skip,,true,false,DISCOVERED
RCM-10779,content/org/webjars/webjars-locator-core/webjars-locator-core-0.52.buildspec,34e494962becc3094ae4e3bcf154eae60e84f3bb837eeb28e8eebdf545d18475,org.webjars,webjars-locator-core,0.52,mvn,mvn,8,https://github.com/webjars/${artifactId}.git,${artifactId}-${version},,mvn clean package -DskipTests -Dmaven.javadoc.skip -Dgpg.skip,,true,false,DISCOVERED
RCM-10787,content/org/webjars/webjars-locator-lite/webjars-locator-lite-0.0.1.buildspec,4fbaceae42cb700d2c1179937b7625831133004eb3f96f8d3f5522bc57cf5d40,org.webjars,webjars-locator-lite,0.0.1,mvn-3.9.3,mvn-3.9.3,8,https://github.com/webjars/${artifactId}.git,${artifactId}-${version},,mvn clean package -DskipTests -Dmaven.javadoc.skip -Dgpg.skip,,true,false,DISCOVERED
RCM-10808,content/pl/com/labaj/auto-record/auto-record-2.0.0.buildspec,b99f0a1ec3e5130a70dc861cad0a6ba0c88245f762742636f5ee16e527c0ae87,pl.com.labaj,auto-record,2.0.0,mvn,mvn,17,https://github.com/pawellabaj/auto-record.git,v${version},,mvn -Prelease clean package -DskipTests -Dmaven.javadoc.skip -Dgpg.skip,,true,false,DISCOVERED
RCM-10813,content/pl/com/labaj/autorecord/auto-record/auto-record-3.1.0.buildspec,4d6682c4947741fbb33ec3e9881da3076a14892b5d228fceac05ac352e7bfeac,pl.com.labaj.autorecord,auto-record,3.1.0,mvn,mvn,17,https://github.com/pawellabaj/auto-record.git,v${version},,mvn -Prelease clean package -DskipTests -Dmaven.javadoc.skip -Dgpg.skip -Dbuildinfo.detect.skip=false,,true,false,DISCOVERED
RCM-10836,content/tech/picnic/error-prone-support/error-prone-support/error-prone-support-0.27.0.buildspec,b03fcddefced55389faf91a7d358ce444346a03a10f8bdcfb3a0b9b5e8acc14a,tech.picnic.error-prone-support,error-prone-support,0.27.0,mvn-3.9.11,mvn-3.9.11,25,https://github.com/PicnicSupermarket/${artifactId}.git,v${version},,mvn -Prelease clean package -DskipTests -Dmaven.javadoc.skip -Dgpg.skip,,true,false,DISCOVERED
RCM-10847,content/tel/schich/javacan/javacan-3.4.0.buildspec,109d67aee212a664831a36dec9ed07c8ad401e42e57f73e37b7d460b5b0eb13f,tel.schich,javacan,3.4.0,mvn,mvn,8,https://github.com/pschichtel/JavaCAN.git,${artifactId}-${version},,"mvn clean package -Prelease-javacan,all-architectures -DskipTests -Dmaven.javadoc.skip -Dgpg.skip",,true,false,DISCOVERED
RCM-11058,content/tools/jackson/jackson-bom/jackson-bom-3.1.2.buildspec,cd5f93045f2f2a09503933add276cec6cb2bc791353c8720e57df5dae74a4a65,tools.jackson,jackson-bom,3.1.2,mvn-3.9.9,mvn-3.9.9,17,https://github.com/FasterXML/jackson-bom.git,${artifactId}-${version},,mvn -Papache-release clean package -DskipTests -Dmaven.javadoc.skip -Dgpg.skip,,true,false,DISCOVERED
RCM-10866,content/tools/jackson/core/jackson-core/jackson-core-3.1.2.buildspec,9b43ccd9df160347e92f20bc9725024fc0b5ecbc6c2413f48ea591a502a79875,tools.jackson.core,jackson-core,3.1.2,mvn-3.9.9,mvn-3.9.9,21,https://github.com/FasterXML/${artifactId}.git,${artifactId}-${version},,mvn -Prelease clean package -DskipTests -Dmaven.javadoc.skip -Dgpg.skip,,true,false,DISCOVERED
RCM-10874,content/tools/jackson/core/jackson-databind/jackson-databind-3.0.0-rc1.buildspec,79465368b95590a66334229c451544c089d316792498a525fb6989fccdd0f69b,tools.jackson.core,jackson-databind,3.0.0-rc1,mvn-3.9.9,mvn-3.9.9,17,https://github.com/FasterXML/${artifactId}.git,${artifactId}-${version},,mvn -Prelease clean package -DskipTests -Dmaven.javadoc.skip -Dgpg.skip,,true,false,DISCOVERED
RCM-10958,content/tools/jackson/dataformat/jackson-dataformat-xml/jackson-dataformat-xml-3.0.4.buildspec,5fc1342336f2a82599c587f4bd48277e27e6edc27f9eabf1d4667338b595186e,tools.jackson.dataformat,jackson-dataformat-xml,3.0.4,mvn-3.9.11,mvn-3.9.11,17,https://github.com/FasterXML/jackson-dataformat-xml.git,${artifactId}-${version},,mvn -Prelease clean package -DskipTests -Dmaven.javadoc.skip -Dgpg.skip -Dbuildinfo.ignore=,,true,false,DISCOVERED
RCM-10914,content/tools/jackson/dataformat/jackson-dataformats-binary/jackson-dataformats-binary-3.1.2.buildspec,0052eb9861f0885a4259d084ca1ab56c8a02ed1bcae8eb37fee03a9cf14d2520,tools.jackson.dataformat,jackson-dataformats-binary,3.1.2,mvn-3.9.11,mvn-3.9.11,17,https://github.com/FasterXML/jackson-dataformats-binary.git,${artifactId}-${version},,mvn -Prelease clean package -DskipTests -Dmaven.javadoc.skip -Dgpg.skip -Dbuildinfo.ignore=,,true,false,DISCOVERED
RCM-10935,content/tools/jackson/dataformat/jackson-dataformats-text/jackson-dataformats-text-3.1.0.buildspec,48d7b32afca9db83b8e376966c2a94e1c1f12dcfc1c76efc5d6f9b29df70505b,tools.jackson.dataformat,jackson-dataformats-text,3.1.0,mvn-3.9.11,mvn-3.9.11,17,https://github.com/FasterXML/jackson-dataformats-text.git,${artifactId}-${version},,mvn -Prelease clean package -DskipTests -Dmaven.javadoc.skip -Dgpg.skip -Dbuildinfo.ignore=,,true,false,DISCOVERED
RCM-10986,content/tools/jackson/datatype/jackson-datatype-joda/jackson-datatype-joda-3.1.2.buildspec,df845e09f450ae1a20997e7892d304e5c747fb2141c84a6a47446e41473adb44,tools.jackson.datatype,jackson-datatype-joda,3.1.2,mvn-3.9.11,mvn-3.9.11,17,https://github.com/FasterXML/jackson-datatype-joda.git,${artifactId}-${version},,mvn -Prelease clean package -DskipTests -Dmaven.javadoc.skip -Dgpg.skip -Dbuildinfo.ignore=,,true,false,DISCOVERED
RCM-11005,content/tools/jackson/datatype/jackson-datatypes-collections/jackson-datatypes-collections-3.0.3.buildspec,d6ca231dc078a9c3585781fb9e570c71e43315480c915cf4ac46df0d35e062b1,tools.jackson.datatype,jackson-datatypes-collections,3.0.3,mvn-3.9.11,mvn-3.9.11,17,https://github.com/FasterXML/jackson-datatypes-collections.git,${artifactId}-${version},,mvn -Prelease clean package -DskipTests -Dmaven.javadoc.skip -Dgpg.skip -Dbuildinfo.ignore=,,true,false,DISCOVERED
RCM-11024,content/tools/jackson/datatype/jackson-datatypes-misc-parent/jackson-datatypes-misc-parent-3.0.0-rc7.buildspec,cccb1e6067251ad7f80d4c5ae52d3b5bfc918d1f03b9800618d810c0d1157c2d,tools.jackson.datatype,jackson-datatypes-misc-parent,3.0.0-rc7,mvn-3.9.11,mvn-3.9.11,17,https://github.com/FasterXML/jackson-datatypes-misc.git,${artifactId}-${version},,mvn -Prelease clean package -DskipTests -Dmaven.javadoc.skip -Dgpg.skip -Dbuildinfo.ignore=,,true,false,DISCOVERED
RCM-11073,content/tools/jackson/jr/jackson-jr-3.0.0-rc8.buildspec,52f05746263548194f13f3bce9f317412cc7cb9d9e156054eab3d19cf1af6ab1,tools.jackson.jr,jackson-jr-parent,3.0.0-rc8,mvn-3.9.11,mvn-3.9.11,17,https://github.com/FasterXML/jackson-jr.git,${artifactId}-${version},,mvn -Prelease clean package -DskipTests -Dmaven.javadoc.skip -Dgpg.skip -Dbuildinfo.ignore=,,true,false,DISCOVERED
RCM-11130,content/us/abstracta/jmeter/jmeter-java-dsl/jmeter-java-dsl-2.0.buildspec,6e1f3b5b988cc544e579de3eef4101eef4c2130fbd153193a7acfe449f01011c,us.abstracta.jmeter,jmeter-java-dsl-parent,2.0,mvn,mvn,11,https://github.com/abstracta/jmeter-java-dsl.git,v${version},,mvn -Prelease clean package -DskipTests -Dmaven.javadoc.skip -Dgpg.skip,,true,false,DISCOVERED
RCM-11151,content/world/convex/convex-0.7.9.buildspec,f6f6ffa8b5257a5468766fa6e5b93199eba8a75eb54a4d28fc3e9cc2d3d516b6,world.convex,convex,0.7.9,mvn-3.9.8,mvn-3.9.8,17,https://github.com/Convex-Dev/${artifactId}.git,${version},,mvn -Prelease clean verify -DskipTests -Dmaven.javadoc.skip -Dgpg.skip,,true,false,DISCOVERED
