candidate_id,buildspec_path,buildspec_sha256,group_id,artifact_id,version,build_tool,maven_version,jdk_version,git_repository,git_revision,source_distribution,build_command,reference_repository,container_compatible,special_shell_command,status,selection_role
RCM-00007,content/at/yawk/lz4/lz4-java/lz4-java-1.11.1.buildspec,75f178bcf92eb739fba4a99878888cd90dec823b149315f6232310a493b0c703,at/yawk/lz4,lz4-java,1.11.1,mvn-3.9.11,mvn-3.9.11,21,https://github.com/yawkat/lz4-java.git,v${version},,SHELL mvn package -DskipTests -Dmaven.javadoc.skip -Dbuildinfo.ignore=,,false,true,DISCOVERED,pilot-primary
RCM-00029,content/ch/galinet/reproducible-build-maven-plugin/reproducible-build-maven-plugin-0.17.0.buildspec,2f29b80c85d164a4094ba4f33509e221cf9f54338e686744fa5bf682d0a55fb4,ch.galinet,reproducible-build-maven-plugin,0.17.0,mvn,mvn,8,https://github.com/nilsaellen/reproducible-build-maven-plugin.git,v${version},,mvn -Psonatype-oss-release clean package -DskipTests -Dmaven.javadoc.skip -Dgpg.skip,,true,false,DISCOVERED,pilot-primary
RCM-00039,content/ch/qos/logback/access/access-2.0.4.buildspec,3499f4f94f9855afd71c1d67db8def6af15eca605a0ef9681356fefbd369ee3e,ch.qos.logback.access,parent,2.0.4,mvn,mvn,21,https://github.com/qos-ch/logback-access.git,v_${version},,mvn clean package -DskipTests -Dmaven.javadoc.skip -Dgpg.skip,,true,false,DISCOVERED,pilot-primary
RCM-00045,content/ch/qos/logback/db/logback-db-1.2.11.1.buildspec,24693698caed717ebc4237a41708cc2299f528246e7848069e988d6eb07c454e,ch.qos.logback.db,logback-parent-db,1.2.11.1,mvn,mvn,8,https://github.com/qos-ch/logback-db.git,v_${version},,mvn -Papache-release clean package -DskipTests -Dmaven.javadoc.skip -Dgpg.skip,,true,false,DISCOVERED,pilot-primary
RCM-00129,content/ch/qos/reload4j/reload4j-1.2.18.5.buildspec,f6794f6c25d8d162af8507a83fef9114624ac635158aff58be8886526d3b85bd,ch.qos.reload4j,reload4j,1.2.18.5,mvn,mvn,8,https://github.com/qos-ch/${artifactId}.git,v_${version},,mvn clean package -DskipTests -Dmaven.javadoc.skip -Dgpg.skip,,true,false,DISCOVERED,pilot-primary
RCM-00141,content/ch/vorburger/mariaDB4j/mariaDB4j-pom-3.3.1.buildspec,4869a8c856d177503b057a625d2e30c99701bf9cbfe8f59876b874888e64267d,ch.vorburger.mariaDB4j,mariaDB4j,3.3.1,mvn-3.9.5,mvn-3.9.5,21,https://github.com/MariaDB4j/MariaDB4j.git,${artifactId}-${version},,mvn -Prelease clean package -DskipTests -Dmaven.javadoc.skip -Dgpg.skip,,true,false,DISCOVERED,pilot-primary
RCM-00152,content/com/adobe/acs/aem-commons/acs-aem-commons-6.17.4.buildspec,6b08b81227895373eee5980146fe588edae88094dbdaa380849b3af0910b1cff,com.adobe.acs,acs-aem-commons,6.17.4,mvn-3.9.11,mvn-3.9.11,21,https://github.com/Adobe-Consulting-Services/${artifactId}.git,${artifactId}-${version},,mvn -Prelease clean package -DskipTests -Dmaven.javadoc.skip -Dgpg.skip,,true,false,DISCOVERED,pilot-primary
RCM-00183,content/com/corgibytes/mrm/mrm-1.4.2.buildspec,5a9c60f5a558c686a346be01f43cdeb41920e14e624c8e408c19f3da5892ecfb,com.corgibytes,mrm,1.4.2,mvn,mvn,17,https://github.com/corgibytes/mrm,mrm-${version},,mvn -Pmojo-release clean package -DskipTests -Dmaven.javadoc.skip -Dgpg.skip,,true,false,DISCOVERED,pilot-primary
RCM-00184,content/com/corgibytes/versions-maven-plugin/versions-maven-plugin-2.11.1.buildspec,eb9cb7c1ad552cf50c9a1e2029b11d3dd827c1a1aabb18462cd188e1dd81b31f,com.corgibytes,versions-maven-plugin,2.11.1,mvn,mvn,17,https://github.com/corgibytes/versions-maven-plugin,versions-maven-plugin-$version,,mvn -Pmojo-release clean package -DskipTests -Dmaven.javadoc.skip -Dgpg.skip,,true,false,DISCOVERED,pilot-primary
RCM-00774,content/com/fasterxml/oss-parent/oss-parent-56.buildspec,932de6117e360ed3341035c722003622da387fabd73e0907d380a4d137fea4a5,com.fasterxml,oss-parent,56,mvn,mvn,11,https://github.com/FasterXML/${artifactId}.git,${artifactId}-${version},,mvn -Prelease clean package -DskipTests -Dmaven.javadoc.skip -Dgpg.skip,,true,false,DISCOVERED,pilot-primary
RCM-00651,content/com/fasterxml/jackson/jackson-bom/jackson-bom-2.17.3.buildspec,003d504170485377da3d2d790a518e25c09f3712d64ad7e7b8655d30720ffc73,com.fasterxml.jackson,jackson-bom,2.17.3,mvn,mvn,11,https://github.com/FasterXML/jackson-bom.git,${artifactId}-${version},,mvn -Papache-release clean package -DskipTests -Dmaven.javadoc.skip -Dgpg.skip,,true,false,DISCOVERED,pilot-primary
RCM-00708,content/com/fasterxml/jackson/jackson-parent/jackson-parent-2.20-rc1.buildspec,6d25f500ae1bbfb6d07edacc15b517d363a344d0aa8ee10d2ee914f114b1b346,com.fasterxml.jackson,jackson-parent,2.20-rc1,mvn,mvn,11,https://github.com/FasterXML/jackson-parent.git,${artifactId}-${version},,mvn -Papache-release clean package -DskipTests -Dmaven.javadoc.skip -Dgpg.skip,,true,false,DISCOVERED,pilot-primary
RCM-00215,content/com/fasterxml/jackson/annotations/jackson-annotations-2.17.2.buildspec,f6787ffe643a919cc7b97062c84c887cbfd8c1406db3df243e0d3697f7c55870,com.fasterxml.jackson.core,jackson-annotations,2.17.2,mvn-3.9.3,mvn-3.9.3,8,https://github.com/FasterXML/${artifactId}.git,${artifactId}-${version},,mvn -Prelease clean package -DskipTests -Dmaven.javadoc.skip -Dgpg.skip,,true,false,DISCOVERED,pilot-primary
RCM-00340,content/com/fasterxml/jackson/databind/jackson-databind-2.20.0.buildspec,752d22adf3fdf7d219fb13bd7c739c956bff3d3995d741f42eca3728e91ac2b5,com.fasterxml.jackson.core,jackson-databind,2.20.0,mvn-3.9.11,mvn-3.9.11,8,https://github.com/FasterXML/${artifactId}.git,${artifactId}-${version},,mvn -Prelease clean package -DskipTests -Dgpg.skip -Dbuildinfo.ignore=,,true,false,DISCOVERED,pilot-primary
RCM-00474,content/com/fasterxml/jackson/dataformat/jackson-dataformat-xml/jackson-dataformat-xml-2.19.1.buildspec,77a3c06244049d1be3a21d18917bcecd30eb6157b86f8a3da94520171b43c9be,com.fasterxml.jackson.dataformat,jackson-dataformat-xml,2.19.1,mvn-3.9.6,mvn-3.9.6,8,https://github.com/FasterXML/jackson-dataformat-xml.git,${artifactId}-${version},,mvn -Prelease clean package -DskipTests -Dmaven.javadoc.skip -Dgpg.skip,,true,false,DISCOVERED,pilot-primary
RCM-00389,content/com/fasterxml/jackson/dataformat/jackson-dataformats-binary/jackson-dataformats-binary-2.20.2.buildspec,7ae53c929556f27801ceb1ae5270c321fd578f2db38e4d63f32f436723831390,com.fasterxml.jackson.dataformat,jackson-dataformats-binary,2.20.2,mvn-3.9.11,mvn-3.9.11,8,https://github.com/FasterXML/jackson-dataformats-binary.git,${artifactId}-${version},,mvn -Prelease clean package -DskipTests -Dgpg.skip -Dbuildinfo.ignore=,,true,false,DISCOVERED,pilot-primary
RCM-00434,content/com/fasterxml/jackson/dataformat/jackson-dataformats-text/jackson-dataformats-text-2.20.1.buildspec,52f1103e8e603ac4d1356e194cbfde7f0a4a2fe0e91727f50b26c6de774325f7,com.fasterxml.jackson.dataformat,jackson-dataformats-text,2.20.1,mvn-3.9.11,mvn-3.9.11,8,https://github.com/FasterXML/jackson-dataformats-text.git,${artifactId}-${version},,mvn -Prelease clean package -DskipTests -Dgpg.skip -Dbuildinfo.ignore=,,true,false,DISCOVERED,pilot-primary
RCM-00611,content/com/fasterxml/jackson/datatype/jackson-datatypes-misc-parent/jackson-datatypes-misc-parent-2.19.0-rc2.buildspec,c89485c8d260e6742782332875b373bc930d9858565fb62b52fef855b6f4563f,com.fasterxml.jackson.datatype,jackson-datatypes-misc-parent,2.19.0-rc2,mvn-3.9.9,mvn-3.9.9,8,https://github.com/FasterXML/jackson-datatypes-misc.git,${artifactId}-${version},,mvn -Prelease clean package -DskipTests -Dmaven.javadoc.skip -Dgpg.skip,,true,false,DISCOVERED,pilot-primary
RCM-00711,content/com/fasterxml/jackson/jr/jackson-jr-2.14.0.buildspec,83fade41dca8b93efb4084828e030c179d7b77997c87adc54464dd130d20c066,com.fasterxml.jackson.jr,jackson-jr-parent,2.14.0,mvn,mvn,8,https://github.com/FasterXML/jackson-jr.git,${artifactId}-${version},,mvn -Prelease clean package -DskipTests -Dmaven.javadoc.skip -Dgpg.skip,,true,false,DISCOVERED,pilot-primary
RCM-00800,content/com/fasterxml/uuid/java-uuid-generator-4.2.0.buildspec,7b511f5132ec95b343ba57d9ec253850692282ccd7a8d67792dcacc5a0503373,com.fasterxml.uuid,java-uuid-generator,4.2.0,mvn-3.8.6,mvn-3.8.6,8,https://github.com/cowtowncoder/${artifactId}.git,${artifactId}-${version},,mvn -Prelease clean package -DskipTests -Dmaven.javadoc.skip -Dgpg.skip,,true,false,DISCOVERED,pilot-primary
RCM-00924,content/com/github/hazendaz/displaytag-doc/displaytag-doc-2.5.2.buildspec,af2407fad8cb45241091a72b55eee956b7b4ccb56bd1a9222cfbfe76c1f27a99,com.github.hazendaz,displaytag-doc,2.5.2,mvn-3.9.6,mvn-3.9.6,17,https://github.com/hazendaz/displaytag.git,${artifactId}-${version},,mvn -Papache-release clean package -DskipTests -Dmaven.javadoc.skip -Dgpg.skip -Dlicense.skip,,true,false,DISCOVERED,pilot-primary
RCM-01041,content/com/github/hazendaz/javabean-tester/javabean-tester-2.7.0.buildspec,17983aeb370e8ee5a1c59c6c74736a0db172e7834a46127fb749b8f52daf5627,com.github.hazendaz,javabean-tester,2.7.0,mvn-3.9.5,mvn-3.9.5,21,https://github.com/hazendaz/${artifactId}.git,${artifactId}-${version},,mvn clean package -DskipTests -Dmaven.javadoc.skip -Dgpg.skip -Dlicense.skip,,true,false,DISCOVERED,pilot-primary
RCM-01143,content/com/github/hazendaz/sitemesh/sitemesh-2.5.2.buildspec,c3f1da8bef7abe7e2664811fe2296cf899cab909655f9f4983f929fd132ed57d,com.github.hazendaz,sitemesh,2.5.2,mvn-3.9.9,mvn-3.9.9,21,https://github.com/hazendaz/${artifactId}2.git,${artifactId}-${version},,mvn clean package -DskipTests -Dmaven.javadoc.skip -Dgpg.skip -Dlicense.skip,,true,false,DISCOVERED,pilot-primary
RCM-00916,content/com/github/hazendaz/catch-exception/catch-exception-2.3.3.buildspec,11500a9063215e5b7b65e3e4e6f83067acfe823c1bd383a822e4cf9bfeeb357c,com.github.hazendaz.catch-exception,catch-exception-parent,2.3.3,mvn-3.9.9,mvn-3.9.9,22,https://github.com/hazendaz/catch-exception.git,${artifactId}-${version},,mvn clean package -DskipTests -Dmaven.javadoc.skip -Dgpg.skip -Dlicense.skip,,true,false,DISCOVERED,pilot-primary
RCM-01073,content/com/github/hazendaz/maven/directory-maven-plugin/directory-maven-plugin-1.1.2.buildspec,1e9c0aa9484bdbebfcfc64c69a2571b5279502d505dbde09d3b7d6144589f857,com.github.hazendaz.maven,directory-maven-plugin,1.1.2,mvn-3.9.6,mvn-3.9.6,21,https://github.com/hazendaz/${artifactId}.git,${artifactId}-${version},,mvn clean package -DskipTests -Dmaven.javadoc.skip -Dgpg.skip -Dlicense.skip,,true,false,DISCOVERED,pilot-primary
RCM-01169,content/com/github/marschall/jakarta-jms-adapter/jakarta-jms-adapter-0.1.0.buildspec,49b4b5f0be86fa54d8ffac1817ddbc7da9b50a05dd0463f4bbe1240342e3a2a3,com.github.marschall,jakarta-jms-adapter,0.1.0,mvn,mvn,17,https://github.com/marschall/${artifactId}.git,${version},,mvn clean package -DskipTests -Dmaven.javadoc.skip,,true,false,DISCOVERED,pilot-primary
RCM-01178,content/com/github/marschall/jfr-jdbc/jfr-jdbc-0.5.0.buildspec,61611f54972ea3d154c4b1b2018b023e42670bb0a6c33d61cdf682404810c332,com.github.marschall,jfr-jdbc,0.5.0,mvn-3.9.11,mvn-3.9.11,17,https://github.com/marschall/${artifactId}.git,${version},,mvn clean package -DskipTests -Dmaven.javadoc.skip,,true,false,DISCOVERED,pilot-primary
RCM-01180,content/com/github/marschall/jfr-jdbctemplate/jfr-jdbctemplate-3.0.0.buildspec,3a3364686c021522cd30d18e96b9184cc84cf17d6755ab5509a20eb31ed9382a,com.github.marschall,jfr-jdbctemplate,3.0.0,mvn,mvn,17,https://github.com/marschall/${artifactId}.git,${version},,mvn clean package -DskipTests -Dmaven.javadoc.skip,,true,false,DISCOVERED,pilot-primary
RCM-01181,content/com/github/marschall/jfr-jmstemplate/jfr-jmstemplate-3.0.0.buildspec,27599c8864e4fddd8e3434b5c6c0cae5275c2af3b160ba4747abd1d0144a46ee,com.github.marschall,jfr-jmstemplate,3.0.0,mvn,mvn,17,https://github.com/marschall/${artifactId}.git,${version},,mvn clean package -DskipTests -Dmaven.javadoc.skip,,true,false,DISCOVERED,pilot-primary
RCM-01182,content/com/github/marschall/jfr-maven-extension/jfr-maven-extension-0.2.0.buildspec,92e5354fecf576307d3eefd3205129989b205150374def50184542c7ed5f8ee3,com.github.marschall,jfr-maven-extension,0.2.0,mvn,mvn,11,https://github.com/marschall/${artifactId}.git,${version},,mvn clean package -DskipTests -Dmaven.javadoc.skip,,true,false,DISCOVERED,pilot-primary
RCM-01186,content/com/github/marschall/memoryfilesystem-junit-provider/memoryfilesystem-junit-provider-2.0.1.buildspec,a452e62216d1bb3a91da41fa777647078936ef2458d43fe808c145aac6cf54f8,com.github.marschall,memoryfilesystem-junit-provider,2.0.1,mvn,mvn,17,https://github.com/marschall/${artifactId}.git,${version},,mvn clean package -DskipTests -Dmaven.javadoc.skip,,true,false,DISCOVERED,pilot-primary
RCM-01193,content/com/github/nbbrd/beanzooka/beanzooka-1.5.0.buildspec,e2d4112ccdf221f26bfa96aa559273263f48b4c0f4c52621598fb85f7e6abaac,com.github.nbbrd.beanzooka,beanzooka,1.5.0,mvn-3.9.12,mvn-3.9.12,21,https://github.com/nbbrd/beanzooka.git,v${version},,mvn -Pbase-deploy clean package -DskipTests -Dmaven.javadoc.skip -Dgpg.skip,,true,false,DISCOVERED,pilot-primary
RCM-01209,content/com/github/nbbrd/heylogs/heylogs-0.8.0.buildspec,1301ed4a37a3273d58fbc8217766b59375e402e4520cc4c2dbd77296f06e6221,com.github.nbbrd.heylogs,heylogs-parent,0.8.0,mvn,mvn,21,https://github.com/nbbrd/heylogs.git,v${version},,mvn -Pbase-deploy clean package -DskipTests -Dmaven.javadoc.skip -Dgpg.skip,,true,false,DISCOVERED,pilot-primary
RCM-01214,content/com/github/nbbrd/java-console-properties/java-console-properties-1.4.1.buildspec,a261df38e903a8b69feb3f6650a27768ae2074e48a6cd8ff8a37771ba6ec0cca,com.github.nbbrd.java-console-properties,java-console-properties,1.4.1,mvn,mvn,21,https://github.com/nbbrd/java-console-properties.git,v${version},,mvn -Pbase-deploy clean package -DskipTests -Dmaven.javadoc.skip -Dgpg.skip,,true,false,DISCOVERED,pilot-primary
RCM-01215,content/com/github/nbbrd/java-design-util/java-design-util-1.10.0.buildspec,2f5db45cd973fe35d7757b085094f7cd54f88ac7490af904aa60aa2ab2cd6bc2,com.github.nbbrd.java-design-util,java-design-parent,1.10.0,mvn-3.9.12,mvn-3.9.12,21,https://github.com/nbbrd/java-design-util.git,v${version},,mvn -Pbase-deploy clean package -DskipTests -Dmaven.javadoc.skip -Dgpg.skip,,true,false,DISCOVERED,pilot-primary
RCM-01225,content/com/github/nbbrd/java-desktop-util/java-desktop-util-2.4.0.buildspec,1187d6c04cff67781ab5682e672e9d1f3180e6d6db6c56974dc81069370ea8c2,com.github.nbbrd.java-desktop-util,java-desktop-util-parent,2.4.0,mvn,mvn,21,https://github.com/nbbrd/java-desktop-util.git,v${version},,mvn -Pbase-deploy clean package -DskipTests -Dmaven.javadoc.skip -Dgpg.skip,,true,false,DISCOVERED,pilot-primary
RCM-01235,content/com/github/nbbrd/java-io-util/java-io-parent-0.0.32.buildspec,a1d2fdda491b6d0e22f3d56ddf44dab8794da9b4cf7eb90920da5157c2c55b63,com.github.nbbrd.java-io-util,java-io-parent,0.0.32,mvn,mvn,21,https://github.com/nbbrd/java-io-util.git,v${version},,mvn -Pbase-deploy clean package -DskipTests -Dmaven.javadoc.skip -Dgpg.skip,,true,false,DISCOVERED,pilot-primary
RCM-01251,content/com/github/nbbrd/jdplus-sdmx/jdplus-sdmx-3.4.0.buildspec,a7769f7fbf864d91b332c122d82724bf9fc859d84b92791248acac505e553b08,com.github.nbbrd.jdplus-sdmx,jdplus-sdmx,3.4.0,mvn-3.9.11,mvn-3.9.11,21,https://github.com/nbbrd/jdplus-sdmx.git,v${version},,mvn -Pbase-deploy clean package -DskipTests -Dmaven.javadoc.skip -Dgpg.skip,,true,false,DISCOVERED,pilot-primary
RCM-01268,content/com/github/nbbrd/sdmx-dl/sdmx-dl-3.0.0-beta.14.buildspec,c41300bb9554f960ca1b91c367c116545e8af30015a2f55377f1ce80016af216,com.github.nbbrd.sdmx-dl,sdmx-dl-parent,3.0.0-beta.14,mvn-3.9.9,mvn-3.9.9,21,https://github.com/nbbrd/sdmx-dl.git,v${version},,mvn -Pbase-deploy clean package -DskipTests -Dmaven.javadoc.skip -Dgpg.skip,,true,false,DISCOVERED,pilot-primary
RCM-01278,content/com/github/nbbrd/spreadsheet4j/spreadsheet-2.6.0.buildspec,397242bab50d70c8e19c8927d4ea61bfaad85a8a0dcf235c5f04727fe4807fee,com.github.nbbrd.spreadsheet4j,spreadsheet-parent,2.6.0,mvn-3.9.12,mvn-3.9.12,21,https://github.com/nbbrd/spreadsheet4j.git,v${version},,mvn -Pbase-deploy clean package -DskipTests -Dmaven.javadoc.skip -Dgpg.skip,,true,false,DISCOVERED,pilot-primary
RCM-01281,content/com/github/package-url/packageurl-java/packageurl-java-1.4.1.buildspec,0de3ba394bd20a057b363cb659d1b567f26e90e39a58fef309919730be88b992,com.github.package-url,packageurl-java,1.4.1,mvn,mvn,8,https://github.com/package-url/${artifactId}.git,${artifactId}-${version},,mvn -Prelease clean package -DskipTests -Dmaven.javadoc.skip -Dgpg.skip,,true,false,DISCOVERED,pilot-primary
RCM-01320,content/com/github/seregamorph/maven-surefire-cached/maven-surefire-cached-0.22.buildspec,884a4b87403658fb590c05cd8216c88f1f7b6b3ff9d8eda2be569c42b6f31221,com.github.seregamorph,maven-surefire-cached,0.22,mvn,mvn,17,https://github.com/seregamorph/${artifactId}.git,v${version},,mvn clean package -DskipTests -Dmaven.javadoc.skip,,true,false,DISCOVERED,pilot-primary
RCM-01341,content/com/github/seregamorph/maven-turbo-builder/maven-turbo-builder-1.0.buildspec,54310773947aba12f533dcfda0ad7304fe3794c60d13987055f0e9bc1fd12510,com.github.seregamorph,maven-turbo-builder,1.0,mvn,mvn,17,https://github.com/maven-turbo-reactor/${artifactId}.git,v${version},,mvn clean package -DskipTests -Dmaven.javadoc.skip,,true,false,DISCOVERED,pilot-primary
RCM-01344,content/com/github/seregamorph/spring-test-smart-context/spring-test-smart-context-0.14.buildspec,6dd26ef574da7e88403da97fcf6e0d4fe1f4e88eb3da2be8eb3e228951614a59,com.github.seregamorph,spring-test-smart-context-parent,0.14,mvn,mvn,17,https://github.com/seregamorph/spring-test-smart-context.git,v${version},,mvn clean package -DskipTests -Dmaven.javadoc.skip -Dgpg.skip,,true,false,DISCOVERED,pilot-primary
RCM-01347,content/com/github/seregamorph/test-distribution/test-distribution-0.10.buildspec,bbabe07833b3f84fb0ecfc57e2207a1a0076d186418564e9c48bfa42e56e1dfb,com.github.seregamorph,test-distribution,0.10,mvn,mvn,17,https://github.com/seregamorph/${artifactId}.git,v${version},,mvn clean package -DskipTests -Dmaven.javadoc.skip,,true,false,DISCOVERED,pilot-primary
RCM-01361,content/com/github/sitture/env-config/env-config-1.9.0.buildspec,51bf9d0b83ee5012e82cafe10d7943485dad8754617409f1d9065f166762175f,com.github.sitture,env-config,1.9.0,mvn,mvn,11,https://github.com/sitture/env-config.git,${version},,mvn -Papache-release clean package -DskipTests -Dmaven.javadoc.skip -Dgpg.skip,,true,false,DISCOVERED,pilot-primary
RCM-01378,content/com/github/spotbugs/spotbugs-maven-plugin/spotbugs-maven-plugin-4.7.3.3.buildspec,6e155b081727394280623b452837244bab33eadb07953500067ca46ac2946bd7,com.github.spotbugs,spotbugs-maven-plugin,4.7.3.3,mvn-3.8.6,mvn-3.8.6,17,https://github.com/spotbugs/${artifactId}.git,${artifactId}-${version},,mvn clean package -Prelease -DskipTests -Dmaven.javadoc.skip -Dgpg.skip,,true,false,DISCOVERED,pilot-primary
RCM-01433,content/com/github/veithen/jrel/jrel-0.1.0.buildspec,1251041f259bb16c5bdb9f295f6dbfb9803a87d30e0035a0fbd74c9d37a9de1a,com.github.veithen,jrel,0.1.0,mvn,mvn,11,https://github.com/veithen/${artifactId}.git,${version},,mvn clean package -Prelease -DskipTests -Dmaven.javadoc.skip -Dgpg.skip,,true,false,DISCOVERED,pilot-primary
RCM-01457,content/com/github/veithen/parent/veithen-parent-42.buildspec,de74fcd11bdecafc8d5066dcc7b74a45c84a491917d35988e7cd8a5377da82af,com.github.veithen,parent,42,mvn,mvn,11,https://github.com/veithen/${artifactId}.git,${version},,mvn clean package -Prelease -DskipTests -Dmaven.javadoc.skip -Dgpg.skip,,true,false,DISCOVERED,pilot-primary
RCM-01420,content/com/github/veithen/cosmos/cosmos-0.5.0.buildspec,1afa16f300aede01ba13402e37a0a90e79a3d5a6ba3a086a66ab3ba79e6a2767,com.github.veithen.cosmos,cosmos,0.5.0,mvn,mvn,11,https://github.com/veithen/${artifactId}.git,${version},,mvn clean package -Prelease -DskipTests -Dmaven.javadoc.skip -Dgpg.skip,,true,false,DISCOVERED,pilot-primary
RCM-01434,content/com/github/veithen/maven/eclipse-settings-maven-plugin/eclipse-settings-maven-plugin-0.3.0.buildspec,76e47d28f8f9b309047f9ff5125ba4c177957964ebaf3e7cbd76f47af314ee8f,com.github.veithen.maven,eclipse-settings-maven-plugin,0.3.0,mvn,mvn,11,https://github.com/veithen/${artifactId}.git,${version},,mvn clean package -Prelease -DskipTests -Dmaven.javadoc.skip -Dgpg.skip,,true,false,DISCOVERED,pilot-primary
RCM-01449,content/com/github/veithen/maven/wsimport-maven-plugin/wsimport-maven-plugin-0.3.0.buildspec,ceabb712c9fe58f90679d5e8f673c1309aaa6e20b31b81f5378c45c74b452565,com.github.veithen.maven,wsimport-maven-plugin,0.3.0,mvn,mvn,17,https://github.com/veithen/${artifactId}.git,${version},,mvn clean package -Prelease -DskipTests -Dmaven.javadoc.skip -Dgpg.skip,,true,false,DISCOVERED,pilot-primary
RCM-01451,content/com/github/veithen/maven/xjc-maven-plugin/xjc-maven-plugin-0.2.1.buildspec,11b2fa688a7cf2191541f01948ddb266bdb40c904678b98844d2e36585439709,com.github.veithen.maven,xjc-maven-plugin,0.2.1,mvn,mvn,17,https://github.com/veithen/${artifactId}.git,${version},,mvn clean package -Prelease -DskipTests -Dmaven.javadoc.skip -Dgpg.skip,,true,false,DISCOVERED,pilot-primary
RCM-01483,content/com/google/code/gson/gson-2.13.2-rc1.buildspec,96cc8bab0b6bc1a106916c08e83cbef5026b3a26445a695ae660bed819f7f541,com.google.code.gson,gson-parent,2.13.2-rc1,mvn-3.9.11,mvn-3.9.11,17,https://github.com/google/gson.git,${artifactId}-${version},,mvn clean package -Prelease -DskipTests -Dmaven.javadoc.skip -Dgpg.skip -Dbuildinfo.ignore=,,true,false,DISCOVERED,pilot-primary
RCM-01559,content/com/hibegin/common-dao/common-dao-1.0.47.buildspec,b813ba63f36db5996260ad70d12ab86dc47957d70b73fd1795e2fc989d204e41,com.hibegin,common-dao,1.0.47,mvn-3.9.11,mvn-3.9.11,11,https://github.com/94fzb/common-dao,v${version},,mvn clean package -DskipTests -Dmaven.javadoc.skip -Dgpg.skip,,true,false,DISCOVERED,pilot-primary
RCM-01684,content/com/homeofthewizard/gcp-secretmanager-maven-plugin/gcp-secretmanager-maven-plugin-1.0.0-beta.buildspec,b7d6ba9096a76866c7c581b51b936d72c6fa7578635903a5717b7bdcb0fa6246,com.homeofthewizard,gcp-secretmanager-maven-plugin,1.0.0-beta,mvn-3.9.11,mvn-3.9.11,21,https://github.com/homeofthewizard/gcp-secretmanager-maven-plugin.git,v${version},,mvn -Ppublication clean package -DskipTests -Dmaven.javadoc.skip -Dgpg.skip,,true,false,DISCOVERED,pilot-primary
RCM-01685,content/com/homeofthewizard/spring-bridge-maven-plugin/spring-bridge-maven-plugin-1.0.0-alpha.buildspec,642355df8c11c81a013a1e7649cafa64f16a52de98c230def86a265044931b20,com.homeofthewizard,spring-bridge-maven-plugin,1.0.0-alpha,mvn,mvn,17,https://github.com/homeofthewizard/${artifactId}.git,${version},,mvn -Ppublication clean package -DskipTests -Dmaven.javadoc.skip -Dgpg.skip,,true,false,DISCOVERED,pilot-primary
RCM-01726,content/com/io7m/cardant/com.io7m.cardant-1.0.0-beta0002.buildspec,0e3f5c68dfee106553af9928c0a0d41e289594c30517b4d0c3011ad9d39c5601,com.io7m.cardant,com.io7m.cardant,1.0.0-beta0002,mvn-3.9.3,mvn-3.9.3,21,https://github.com/io7m/$(echo,${artifactId}-${version},,mvn -Dio7m.release -Pio7m-oci-image -Dio7m.quickBuild -DbuildNumber=bd84bd5f917f1b4f489915a3b2e00570b999c265 clean package,,true,false,DISCOVERED,pilot-primary
RCM-01741,content/com/io7m/cxbutton/com.io7m.cxbutton-0.0.5.buildspec,fece6976149d18d446214b6efd1e9f0039b9eb3dd1754f7c3d8dda31d01753b8,com.io7m.cxbutton,com.io7m.cxbutton,0.0.5,mvn-3.9.3,mvn-3.9.3,17.0.5,https://github.com/io7m/$(echo,${artifactId}-${version},,mvn -DskipTests clean package,,true,false,DISCOVERED,pilot-primary
RCM-01744,content/com/io7m/digal/com.io7m.digal-0.0.2.buildspec,6e13c2039cfb58603c01a17cb57c0386c79612f0aad25d45282ba2a2588a8447,com.io7m.digal,com.io7m.digal,0.0.2,mvn-3.9.3,mvn-3.9.3,17.0.5,https://github.com/io7m/$(echo,${artifactId}-${version},,mvn -DskipTests clean package,,true,false,DISCOVERED,pilot-primary
RCM-01757,content/com/io7m/ervilla/com.io7m.ervilla-0.0.2.buildspec,3d869950a46234e5bafdd9fccea1146407973727bbc1c6b50f93bbd56a11f8ee,com.io7m.ervilla,com.io7m.ervilla,0.0.2,mvn-3.9.3,mvn-3.9.3,17.0.7,https://github.com/io7m/$(echo,${artifactId}-${version},,mvn -DskipTests clean package,,true,false,DISCOVERED,pilot-primary
RCM-01767,content/com/io7m/genevan/com.io7m.genevan-1.0.0.buildspec,799fa1973b37f9f9f890cd2843e724e67ef33e723d89d8a3e48ed909c044f128,com.io7m.genevan,com.io7m.genevan,1.0.0,mvn-3.9.3,mvn-3.9.3,21,https://github.com/io7m/$(echo,${artifactId}-${version},,mvn -DskipTests clean package,,true,false,DISCOVERED,pilot-primary
RCM-01770,content/com/io7m/gtyrell/com.io7m.gtyrell-3.1.0.buildspec,248940eae445c248cba521a94237a1ec249d3c8e54dde1da6941a9831226c64f,com.io7m.gtyrell,com.io7m.gtyrell,3.1.0,mvn-3.9.3,mvn-3.9.3,17.0.7,https://github.com/io7m/$(echo,895799b,,mvn -DskipTests clean package,,true,false,DISCOVERED,pilot-primary
RCM-01783,content/com/io7m/hibiscus/com.io7m.hibiscus-1.0.0.buildspec,a54d8daf9a000de796ee306aa16e7448f9786eab0b0fedef7dd2ef980d326a1d,com.io7m.hibiscus,com.io7m.hibiscus,1.0.0,mvn-3.9.3,mvn-3.9.3,21,https://github.com/io7m/$(echo,${artifactId}-${version},,mvn -DskipTests clean package,,true,false,DISCOVERED,pilot-primary
RCM-01786,content/com/io7m/idstore/com.io7m.idstore-2.0.0.buildspec,7b4e6a3c94634e86784712bce2e6724f4cbf6b817b8a765c86873f250344e9d5,com.io7m.idstore,com.io7m.idstore,2.0.0,mvn-3.9.4,mvn-3.9.4,21,https://github.com/io7m/$(echo,${artifactId}-${version},,mvn -DskipTests clean package -Dbuildinfo.ignore=,,true,false,DISCOVERED,pilot-primary
RCM-01789,content/com/io7m/ieee754b16/com.io7m.ieee754b16-3.0.1.buildspec,892c42467eaf9502d01c1fee1d217b6f7b5f1522e19c7d61c68222cbdfd3815d,com.io7m.ieee754b16,com.io7m.ieee754b16,3.0.1,mvn-3.9.3,mvn-3.9.3,21,https://github.com/io7m/$(echo,${artifactId}-${version},,mvn -DskipTests clean package -Dassembly.skipAssembly,,true,false,DISCOVERED,pilot-primary
RCM-01790,content/com/io7m/immutables-style/com.io7m.immutables-style-1.0.0.buildspec,49183f06020e381c852f62fe9b6ac75f5175be27541afba35ec549e1a447a3c7,com.io7m.immutables-style,com.io7m.immutables-style,1.0.0,mvn-3.9.3,mvn-3.9.3,21,https://github.com/io7m/$(echo,${artifactId}-${version},,mvn -DskipTests clean package,,true,false,DISCOVERED,pilot-primary
RCM-01794,content/com/io7m/jade/com.io7m.jade-1.1.0.buildspec,811a0a54957eed4eca9cc63da3e67178719c99a7fdce8f703aa776886d2e13e5,com.io7m.jade,com.io7m.jade,1.1.0,mvn-3.8.5,mvn-3.8.5,21,https://github.com/io7m/$(echo,${artifactId}-${version},,mvn -DskipTests clean package,,true,false,DISCOVERED,pilot-primary
RCM-01795,content/com/io7m/jaffirm/com.io7m.jaffirm-3.0.3.buildspec,ad383dcf2f98d867d85c854a9141189aac91cb902b974ce6bf10f52b30d0a680,com.io7m.jaffirm,com.io7m.jaffirm,3.0.3,mvn-3.9.3,mvn-3.9.3,11.0.6,https://github.com/io7m/$(echo,${artifactId}-${version},,mvn -DskipTests clean package -Dassembly.skipAssembly,,true,false,DISCOVERED,pilot-primary
RCM-01824,content/com/io7m/jdownload/com.io7m.jdownload-1.0.0.buildspec,f64681eb0bd3a7270da3b4c788cda22a35c550f47e19b8c3032a12d456e1a703,com.io7m.jdownload,com.io7m.jdownload,1.0.0,mvn-3.9.3,mvn-3.9.3,21,https://github.com/io7m/$(echo,${artifactId}-${version},,mvn -DskipTests clean package,,true,false,DISCOVERED,pilot-primary
RCM-01829,content/com/io7m/jfsm/com.io7m.jfsm-2.0.0.buildspec,602b712fd08b6ff34247bff91e2c16abe526c6bec78a07228cc11760d0e711d7,com.io7m.jfsm,com.io7m.jfsm,2.0.0,mvn-3.9.3,mvn-3.9.3,17.0.3,https://github.com/io7m/$(echo,${artifactId}-${version},,mvn -DskipTests clean package -Dassembly.skipAssembly,,true,false,DISCOVERED,pilot-primary
RCM-01831,content/com/io7m/jintegers/com.io7m.jintegers-3.0.0.buildspec,7001f76c6ba54158c3c0a43630dd5e52666160d1fd81dcf3cebc4377e7c39c84,com.io7m.jintegers,com.io7m.jintegers,3.0.0,mvn-3.9.3,mvn-3.9.3,17.0.3,https://github.com/io7m/$(echo,${artifactId}-${version},,mvn -DskipTests clean package -Dassembly.skipAssembly,,true,false,DISCOVERED,pilot-primary
RCM-01833,content/com/io7m/jinterp/com.io7m.jinterp-2.0.1.buildspec,8411b5ccd05ae6ce179d804bf783ab5659045f5ed5e2c35ed79e2359a8604f2b,com.io7m.jinterp,com.io7m.jinterp,2.0.1,mvn-3.9.3,mvn-3.9.3,21,https://github.com/io7m/$(echo,${artifactId}-${version},,mvn -DskipTests clean package,,true,false,DISCOVERED,pilot-primary
RCM-01834,content/com/io7m/jlexing/com.io7m.jlexing-3.2.0.buildspec,fd6cc427cbd97a2e16eee8ea565995c23c1918e56ea9c076091bdf2dca364cd7,com.io7m.jlexing,com.io7m.jlexing,3.2.0,mvn-3.9.3,mvn-3.9.3,21,https://github.com/io7m/$(echo,${artifactId}-${version},,mvn -DskipTests clean package,,true,false,DISCOVERED,pilot-primary
RCM-01837,content/com/io7m/jmulticlose/com.io7m.jmulticlose-1.1.0.buildspec,9fb66d429e754742d5f274e051577143702def63047a772462af215c25b38710,com.io7m.jmulticlose,com.io7m.jmulticlose,1.1.0,mvn-3.9.3,mvn-3.9.3,17.0.8,https://github.com/io7m/$(echo,${artifactId}-${version},,mvn -DskipTests clean package,,true,false,DISCOVERED,pilot-primary
RCM-01841,content/com/io7m/jmurmur/com.io7m.jmurmur-2.0.0.buildspec,717e849811844ea8e16cb868d7cc315a7b64a470fcee749601aca6ab83b6582c,com.io7m.jmurmur,com.io7m.jmurmur,2.0.0,mvn-3.9.3,mvn-3.9.3,17.0.3,https://github.com/io7m/$(echo,${artifactId}-${version},,mvn -DskipTests clean package -Dassembly.skipAssembly,,true,false,DISCOVERED,pilot-primary
RCM-01844,content/com/io7m/jnfp/com.io7m.jnfp-3.0.0.buildspec,2033976a140416d428fa4903012e094d6b74b0dbb55c7fee1182c683830b575f,com.io7m.jnfp,com.io7m.jnfp,3.0.0,mvn-3.9.3,mvn-3.9.3,17.0.3,https://github.com/io7m/$(echo,${artifactId}-${version},,mvn -DskipTests clean package -Dassembly.skipAssembly,,true,false,DISCOVERED,pilot-primary
RCM-01850,content/com/io7m/jodist/com.io7m.jodist-2.0.1.buildspec,f6c70c6074b0dafb5dfaa12b6a8cbad6c5fd6818836c6f265b47fdccb1edcb66,com.io7m.jodist,com.io7m.jodist,2.0.1,mvn-3.9.3,mvn-3.9.3,21,https://github.com/io7m/$(echo,${artifactId}-${version},,mvn -DskipTests clean package,,true,false,DISCOVERED,pilot-primary
RCM-01860,content/com/io7m/jptbox/com.io7m.jptbox-2.0.0.buildspec,f5d10e404a78e18ae643e537975a08106edca3f8bade075e70e724aeac790d64,com.io7m.jptbox,com.io7m.jptbox,2.0.0,mvn-3.9.3,mvn-3.9.3,17.0.3,https://github.com/io7m/$(echo,${artifactId}-${version},,mvn -DskipTests clean package -Dassembly.skipAssembly,,true,false,DISCOVERED,pilot-primary
RCM-01861,content/com/io7m/jpuddle/com.io7m.jpuddle-0.5.0.buildspec,413019c5aae7f674221a03ae0371179103941e51a359e7dbf8d5323673e0efbe,com.io7m.jpuddle,com.io7m.jpuddle,0.5.0,mvn-3.9.3,mvn-3.9.3,17.0.3,https://github.com/io7m/$(echo,${artifactId}-${version},,mvn -DskipTests clean package -Dassembly.skipAssembly,,true,false,DISCOVERED,pilot-primary
RCM-01863,content/com/io7m/jqpage/com.io7m.jqpage-0.0.2.buildspec,1194fe26f349a26dbc71dbcb22ff0d6f2b052c22a07c610121403978dce02214,com.io7m.jqpage,com.io7m.jqpage,0.0.2,mvn-3.9.3,mvn-3.9.3,17.0.4.1,https://github.com/io7m/$(echo,${artifactId}-${version},,mvn -DskipTests clean package,,true,false,DISCOVERED,pilot-primary
RCM-01867,content/com/io7m/jranges/com.io7m.jranges-6.0.0.buildspec,362e86b7446110c5d0a11648a534d84abc1fa4d344e72758dd2d2ff7975dd2fb,com.io7m.jranges,com.io7m.jranges,6.0.0,mvn-3.9.3,mvn-3.9.3,21,https://github.com/io7m/$(echo,${artifactId}-${version},,mvn -DskipTests clean package -Dassembly.skipAssembly,,true,false,DISCOVERED,pilot-primary
RCM-01878,content/com/io7m/jserial/com.io7m.jserial-1.0.0.buildspec,baf1c64d706c5149c1f70d19ef2d151ee456260441eb35930e4d19d336a11871,com.io7m.jserial,com.io7m.jserial,1.0.0,mvn-3.9.3,mvn-3.9.3,21,https://github.com/io7m/$(echo,${artifactId}-${version},,mvn -DskipTests clean package -Dassembly.skipAssembly,,true,false,DISCOVERED,pilot-primary
RCM-01886,content/com/io7m/jtensors/com.io7m.jtensors-11.0.0.buildspec,848289e841f0a78b20f7f792d98aeec87696ac9665c26126448e9086d97975d3,com.io7m.jtensors,com.io7m.jtensors,11.0.0,mvn-3.9.3,mvn-3.9.3,21,https://github.com/io7m/$(echo,${artifactId}-${version},,mvn -DskipTests clean package -Dbuildinfo.ignore=,,true,false,DISCOVERED,pilot-primary
RCM-01887,content/com/io7m/junreachable/com.io7m.junreachable-4.0.1.buildspec,aee7b411d689f4a5e4999b89ce259afc35136e7d27c6ca2aa05f217709dc8845,com.io7m.junreachable,com.io7m.junreachable,4.0.1,mvn-3.9.3,mvn-3.9.3,21,https://github.com/io7m/$(echo,${artifactId}-${version},,mvn -DskipTests clean package,,true,false,DISCOVERED,pilot-primary
RCM-01890,content/com/io7m/junsigned/com.io7m.junsigned-4.0.0.buildspec,3dcff714b17ceb636b9df087bbe027337b8ed1d18b49ba2925de1db1a1b56156,com.io7m.junsigned,com.io7m.junsigned,4.0.0,mvn-3.9.3,mvn-3.9.3,21,https://github.com/io7m/$(echo,${artifactId}-${version},,mvn -DskipTests clean package -Dassembly.skipAssembly,,true,false,DISCOVERED,pilot-primary
RCM-01907,content/com/io7m/jxtrand/com.io7m.jxtrand-2.1.0.buildspec,78e8938a7214b23d2c6d08aabfe51ff4c562a0341fc18496172de1d3c985fd5f,com.io7m.jxtrand,com.io7m.jxtrand,2.1.0,mvn-3.9.3,mvn-3.9.3,21,https://github.com/io7m/$(echo,${artifactId}-${version},,mvn -DskipTests clean package,,true,false,DISCOVERED,pilot-primary
RCM-01914,content/com/io7m/lanark/com.io7m.lanark-1.2.0.buildspec,6e31281ace9f4fcadd7f51805f072ee7eeba2616ba6effaedce84d618abc9c52,com.io7m.lanark,com.io7m.lanark,1.2.0,mvn-3.9.3,mvn-3.9.3,21,https://github.com/io7m/$(echo,${artifactId}-${version},,mvn -DskipTests clean package,,true,false,DISCOVERED,pilot-primary
RCM-01930,content/com/io7m/medrina/com.io7m.medrina-1.0.0.buildspec,9033c4bc1d50784ab7fb3f1593339fdd69b1ac641e7803db2cb0bfd71d05340c,com.io7m.medrina,com.io7m.medrina,1.0.0,mvn-3.9.3,mvn-3.9.3,21,https://github.com/io7m/$(echo,${artifactId}-${version},,mvn -DskipTests clean package -Dassembly.skipAssembly,,true,false,DISCOVERED,pilot-primary
RCM-01932,content/com/io7m/mesquida/com.io7m.mesquida-0.0.1.buildspec,e0290b6058a0f3ea5d910575558d16d89867648da7f1eddce2c76ead08eb80f4,com.io7m.mesquida,com.io7m.mesquida,0.0.1,mvn-3.9.3,mvn-3.9.3,17.0.7,https://github.com/io7m/$(echo,${artifactId}-${version},,mvn -DskipTests clean package -Dassembly.skipAssembly,,true,false,DISCOVERED,pilot-primary
RCM-01936,content/com/io7m/mime2045/com.io7m.mime2045-1.0.1.buildspec,507fd7ac60ebd158041141914904a65ae9e8f1f43ef23e4d5480aa9ef8045c11,com.io7m.mime2045,com.io7m.mime2045,1.0.1,mvn-3.9.3,mvn-3.9.3,21,https://github.com/io7m/$(echo,${artifactId}-${version},,mvn -DskipTests clean package,,true,false,DISCOVERED,pilot-primary
RCM-01940,content/com/io7m/percentpass/com.io7m.percentpass-0.0.2.buildspec,a5cd8cce4d5933224aeb11787b4c662ce28ef232f532bc86d1aab239728d2bc7,com.io7m.percentpass,com.io7m.percentpass,0.0.2,mvn-3.9.3,mvn-3.9.3,17.0.3,https://github.com/io7m/$(echo,${artifactId}-${version},,mvn -DskipTests clean package,,true,false,DISCOVERED,pilot-primary
RCM-01957,content/com/io7m/primogenitor/com.io7m.primogenitor-6.3.0.buildspec,a84943ed409f147136a46574bca54635ef80a3eebdc627dc54f103bf052ab80e,com.io7m.primogenitor,com.io7m.primogenitor,6.3.0,mvn-3.9.3,mvn-3.9.3,17,https://github.com/io7m/$(echo,ec8c74b3122b0c60a757202aa895f5b34bff670e,,mvn -Dio7m.api.previousVersion=0.0.0 -DskipTests clean package,,true,false,DISCOVERED,pilot-primary
RCM-02008,content/com/io7m/repetoir/com.io7m.repetoir-1.0.1.buildspec,8c987505cd855dc710f137a736bc34d77f5d27871488dca4a385e8c8fbbd3166,com.io7m.repetoir,com.io7m.repetoir,1.0.1,mvn-3.9.3,mvn-3.9.3,21,https://github.com/io7m/$(echo,${artifactId}-${version},,mvn -DskipTests clean package,,true,false,DISCOVERED,pilot-primary
RCM-02010,content/com/io7m/seltzer/com.io7m.seltzer-1.0.1.buildspec,5430439407c08ed82bd59e21042ec6812308af7bc7bbc9453aa9b5009da3c1d6,com.io7m.seltzer,com.io7m.seltzer,1.0.1,mvn-3.9.3,mvn-3.9.3,21,https://github.com/io7m/$(echo,${artifactId}-${version},,mvn -DskipTests clean package,,true,false,DISCOVERED,pilot-primary
RCM-02017,content/com/io7m/sunburst/com.io7m.sunburst-0.0.6.buildspec,f3d0e1677b03f370f840739df4fe845498c6fd31e8bdd9ddf5da2be383faf610,com.io7m.sunburst,com.io7m.sunburst,0.0.6,mvn-3.9.3,mvn-3.9.3,17.0.7,https://github.com/io7m/$(echo,${artifactId}-${version},,mvn -DskipTests clean package,,true,false,DISCOVERED,pilot-primary
RCM-02021,content/com/io7m/tabla/com.io7m.tabla-1.0.0.buildspec,8466f3a72705724c875e7e21882bc956a43b574a0a9261704969e42db603212e,com.io7m.tabla,com.io7m.tabla,1.0.0,mvn-3.9.3,mvn-3.9.3,21,https://github.com/io7m/$(echo,${artifactId}-${version},,mvn -DskipTests clean package,,true,false,DISCOVERED,pilot-primary
RCM-02038,content/com/io7m/trasco/com.io7m.trasco-1.1.0.buildspec,d6733c7d36a49d20d315b5abba763d7d5bdcbd2361a60c64961fd3b60786f36e,com.io7m.trasco,com.io7m.trasco,1.1.0,mvn-3.9.3,mvn-3.9.3,17.0.8,https://github.com/io7m/$(echo,${artifactId}-${version},,mvn -DskipTests clean package,,true,false,DISCOVERED,pilot-primary
RCM-02046,content/com/io7m/verdant/com.io7m.verdant-1.0.1.buildspec,8d0bd0fb80b5f70b9ad4a249cb249f73957323ca684a369f54de49293c328eb1,com.io7m.verdant,com.io7m.verdant,1.0.1,mvn-3.9.3,mvn-3.9.3,21,https://github.com/io7m/$(echo,${artifactId}-${version},,mvn -DskipTests clean package,,true,false,DISCOVERED,pilot-primary
RCM-02065,content/com/io7m/xoanon/com.io7m.xoanon-1.0.0.buildspec,f1a8bb934e01dda50d952df1b2a22ed24c9908eb59e692f8f6abfea159dad727,com.io7m.xoanon,com.io7m.xoanon,1.0.0,mvn-3.9.3,mvn-3.9.3,21,https://github.com/io7m/$(echo,${artifactId}-${version},,mvn -DskipTests clean package,,true,false,DISCOVERED,pilot-primary
RCM-02077,content/com/io7m/xstructural/com.io7m.xstructural-2.1.0.buildspec,5534f2e636a199b8a73887c05b51f0886ba0c6980e6c640f041563d992dd859a,com.io7m.xstructural,com.io7m.xstructural,2.1.0,mvn-3.9.12,mvn-3.9.12,21,https://github.com/io7m/$(echo,${artifactId}-${version},,mvn -DskipTests clean package -Dassembly.skipAssembly,,true,false,DISCOVERED,pilot-primary
RCM-02093,content/com/ongres/scram/scram-aggregator-3.4.buildspec,a861f4462bc713ac810c9573bbd6fbc2d2a4702787760056d41c973c2fff9d8d,com.ongres.scram,scram-aggregator,3.4,mvn-3.9.11,mvn-3.9.11,25,https://github.com/ongres/scram.git,${version},,mvn clean package -P release -DskipTests -Dmaven.javadoc.skip -Dgpg.skip,,true,false,DISCOVERED,pilot-primary
RCM-02117,content/com/semanticcms/semanticcms-all/semanticcms-all-1.14.0.buildspec,78d07aeeb0b7cf999cc81ae430b2579815767c8514aa156bdf971f6fa8f354c1,com.semanticcms,semanticcms-all,1.14.0,mvn-3.9.3,mvn-3.9.3,17,https://github.com/ao-apps/semanticcms-all.git,${artifactId}-${version},,mvn -Prelease clean package -DskipTests -Dmaven.javadoc.skip -Dgpg.skip,,true,false,DISCOVERED,pilot-primary
RCM-02121,content/com/semanticcms/semanticcms-bom-book/semanticcms-bom-book-1.14.0.buildspec,6c271144a94b59eb2ca6acfa0859a894d47a29c7c81edecd51dfa73918afffa6,com.semanticcms,semanticcms-bom-book,1.14.0,mvn-3.9.3,mvn-3.9.3,17,https://github.com/ao-apps/semanticcms-bom.git,${artifactId}-${version},,mvn -f book -Prelease clean package -DskipTests -Dmaven.javadoc.skip -Dgpg.skip,,true,false,DISCOVERED,pilot-primary
RCM-02139,content/com/semanticcms/semanticcms-core-bom/semanticcms-core-bom-1.22.0.buildspec,f2d6e58272069c05a3da835d86b904aea2129256c5dd225afa5d54ebc92989e6,com.semanticcms,semanticcms-core-bom,1.22.0,mvn-3.9.3,mvn-3.9.3,17,https://github.com/ao-apps/semanticcms-core-bom.git,${artifactId}-${version},,mvn -Prelease clean package -DskipTests -Dmaven.javadoc.skip -Dgpg.skip,,true,false,DISCOVERED,pilot-primary
RCM-02143,content/com/semanticcms/semanticcms-core-breadcrumblist-json-ld/semanticcms-core-breadcrumblist-json-ld-1.5.0.buildspec,aa4058198aa6f55bd8990dff786a639b7cee91cfd9a437e788ccbf51b22ae1bd,com.semanticcms,semanticcms-core-breadcrumblist-json-ld,1.5.0,mvn-3.9.3,mvn-3.9.3,17,https://github.com/ao-apps/semanticcms-core-breadcrumblist-json-ld.git,${artifactId}-${version},,mvn -Prelease clean package -DskipTests -Dmaven.javadoc.skip -Dgpg.skip,,true,false,DISCOVERED,pilot-primary
RCM-02148,content/com/semanticcms/semanticcms-core-docs/semanticcms-core-docs-1.10.0.buildspec,60ef145e4aaaed9818c2a04c1e35a5d1258bf528f78294d351699fb79286e10e,com.semanticcms,semanticcms-core-docs,1.10.0,mvn-3.9.3,mvn-3.9.3,17,https://github.com/ao-apps/semanticcms-core-docs.git,${artifactId}-${version},,mvn -Prelease clean package -DskipTests -Dmaven.javadoc.skip -Dgpg.skip,,true,false,DISCOVERED,pilot-primary
RCM-02147,content/com/semanticcms/semanticcms-core-docs-book/semanticcms-core-docs-book-2.0.1.buildspec,cf0ea0d51ad4e3c734c232ac100307ed9e4e7e2243c30bfd4a3823adf1f325d4,com.semanticcms,semanticcms-core-docs-book,2.0.1,mvn-3.9.3,mvn-3.9.3,21,https://github.com/ao-apps/semanticcms-core-docs.git,${artifactId}-${version},,mvn -f book -Prelease clean package -DskipTests -Dmaven.javadoc.skip -Dgpg.skip,,true,false,DISCOVERED,pilot-primary
RCM-02151,content/com/semanticcms/semanticcms-news-all-book/semanticcms-news-all-book-1.22.0.buildspec,1f7c42a59ad126b94310242df5b727c80997fab77a0a80e2e0508f501422107f,com.semanticcms,semanticcms-news-all-book,1.22.0,mvn-3.9.3,mvn-3.9.3,21,https://github.com/ao-apps/semanticcms-news-all.git,${artifactId}-${version},,mvn -f book -Prelease clean package -DskipTests -Dmaven.javadoc.skip -Dgpg.skip,,true,false,DISCOVERED,pilot-primary
RCM-02177,content/com/semanticcms/semanticcms-parent/semanticcms-parent-2.0.1.buildspec,95e83d00d01d9ce957e731c082a41fc21b06a3fe1db02f8f9c433d1e62e3d271,com.semanticcms,semanticcms-parent,2.0.1,mvn-3.9.3,mvn-3.9.3,11,https://github.com/ao-apps/semanticcms-parent.git,${artifactId}-${version},,mvn -Prelease clean package -DskipTests -Dmaven.javadoc.skip -Dgpg.skip,,true,false,DISCOVERED,pilot-primary
RCM-02184,content/com/semanticcms/semanticcms-tag-reference/semanticcms-tag-reference-1.10.2.buildspec,e182a12544c6c132d6e28fbb7d4b03033bfc0df5ea2255bc744dcd2a6f045f45,com.semanticcms,semanticcms-tag-reference,1.10.2,mvn-3.9.2,mvn-3.9.2,17,https://github.com/ao-apps/${artifactId}.git,${artifactId}-${version},,mvn -Prelease clean package -DskipTests -Dmaven.javadoc.skip -Dgpg.skip,,true,false,DISCOVERED,pilot-primary
RCM-06468,content/org/apache/commons/commons-beanutils/commons-beanutils-1.11.0.buildspec,daa8fe93441f2c8bb9c319db5b8745499e2590820d7ed5c2e91479fe4d4ca5b5,commons-beanutils,commons-beanutils,1.11.0,mvn,mvn,21,https://github.com/apache/${artifactId}.git,rel/${artifactId}-${version},,mvn clean verify -DskipTests -Dgpg.skip -Dmaven.javadoc.skip -Dbuildinfo.ignore=,,true,false,DISCOVERED,pilot-primary
RCM-06479,content/org/apache/commons/commons-codec/commons-codec-1.16.1.buildspec,898f80f26b27c475c7e7f79f8e4ec604eab66fbfbd474f8234a893452fdd3dcb,commons-codec,commons-codec,1.16.1,mvn,mvn,21,https://github.com/apache/commons-codec.git,rel/${artifactId}-${version},,mvn clean package -DskipTests -Dmaven.javadoc.skip -Dgpg.skip -Dbuildinfo.ignore=*/*.spdx.json,,true,false,DISCOVERED,pilot-primary
RCM-06539,content/org/apache/commons/commons-logging/commons-logging/commons-logging-1.3.4.buildspec,de349112af7a3f2280b0e0c2caf1570e68b732399780fafec677e3c856519538,commons-logging,commons-logging,1.3.4,mvn,mvn,17,https://github.com/apache/${artifactId},rel/${artifactId}-${version},,mvn clean package -DskipTests -Dmaven.javadoc.skip -Dgpg.skip -Dcommons.spdx.version=0.7.1 -Dspdx.skip,,true,false,DISCOVERED,pilot-primary
RCM-02315,content/cool/klass/klass-0.5.0.buildspec,592d3313ab76da08430c6c0b72d4565376d96345b79062990eb98a48a968f923,cool.klass,klass,0.5.0,mvn-3.9.9,mvn-3.9.9,17,https://github.com/liftwizard/${artifactId}.git,${version},,mvn -T 1 -Pdeploy clean verify -DskipTests -Dmaven.javadoc.skip -Dgpg.skip,,true,false,DISCOVERED,pilot-primary
RCM-02414,content/de/jflex/jflex-1.9.0.buildspec,b50fc966d7b724ff7cb49138e94012c1670a0904ae16498a367343f9059a7126,de.jflex,jflex-parent,1.9.0,mvn,mvn,19,https://github.com/jflex-de/jflex.git,v${version},,mvn -Prelease clean package -DskipTests -Dmaven.javadoc.skip -Dgpg.skip,,true,false,DISCOVERED,pilot-primary
RCM-02427,content/de/knightsoft-net/gwt-commons-lang3/gwt-commons-lang3-3.19.0-0.buildspec,a677de0dcf937871c1aa49ba13ce8e92a0d28c8fe7a8cb694df528f82c921bb5,de.knightsoft-net,gwt-commons-lang3,3.19.0-0,mvn,mvn,21,https://gitlab.com/ManfredTremmel/gwt-commons-lang3.git,v${version},,mvn -Prelease clean package -DskipTests -Dmaven.javadoc.skip -Dgpg.skip -Dcommons.release.dryRun -Dcommons.release.isDistModule=false -Dcommons.spdx.version=0.7.1 -Dspdx.skip,,true,false,DISCOVERED,pilot-primary
RCM-02430,content/de/knightsoft-net/gwt-commons-validator/gwt-commons-validator-1.10.1-0.buildspec,6b076991b67ee6d0669130534ad634f7081f132ca98a649e26d83567d3988f12,de.knightsoft-net,gwt-commons-validator,1.10.1-0,mvn,mvn,21,https://gitlab.com/ManfredTremmel/gwt-commons-validator.git,v${version},,mvn -Prelease clean package -DskipTests -Dmaven.javadoc.skip -Dgpg.skip -Dcommons.release.dryRun -Dcommons.release.isDistModule=false -Dcommons.spdx.version=0.7.1 -Dspdx.skip,,true,false,DISCOVERED,pilot-primary
RCM-02454,content/dev/langchain4j/cdi/langchain4j-cdi-1.3.2.buildspec,36e8f2e8560d7e6c96e104a8acf2458a427283fe44da5bd2f866f624262a34aa,dev.langchain4j.cdi,langchain4j-cdi-parent,1.3.2,mvn-3.9.12,mvn-3.9.12,21,https://github.com/langchain4j/langchain4j-cdi.git,${version},,mvn -ntp clean package -DskipTests -Dmaven.javadoc.skip -Dgpg.skip -Dspotless.skip -Dbuildinfo.detect.skip=false -DperformRelease,,true,false,DISCOVERED,pilot-primary
RCM-02526,content/eu/europa/ec/joinup/sat/jdplus-incubator/jdplus-incubator-2.2.0.buildspec,920c51f228b522462b30793568762d185e780fd72453db064375d98ddbd8b606,eu.europa.ec.joinup.sat,jdplus-incubator,2.2.0,mvn,mvn,21,https://github.com/jdemetra/jdplus-incubator.git,v${version},,mvn -Pbase-deploy clean package -DskipTests -Dmaven.javadoc.skip -Dgpg.skip,,true,false,DISCOVERED,pilot-primary
RCM-02542,content/eu/europa/ec/joinup/sat/jdplus-nowcasting/jdplus-nowcasting-2.0.0.buildspec,cd46cb68f9eba9d2e628ee70154415a304f7d609f3603eb2bbb0ab9379f0e8ef,eu.europa.ec.joinup.sat,jdplus-nowcasting,2.0.0,mvn,mvn,21,https://github.com/jdemetra/jdplus-nowcasting.git,v${version},,mvn -Pbase-deploy clean package -DskipTests -Dmaven.javadoc.skip -Dgpg.skip,,true,false,DISCOVERED,pilot-primary
RCM-02543,content/eu/europa/ec/joinup/sat/jwsacruncher/jwsacruncher-2.2.5.buildspec,de36271f903b83b51f375129543325973718d966c3ff7d694db313462525b2ed,eu.europa.ec.joinup.sat,jwsacruncher,2.2.5,mvn,mvn,21,https://github.com/jdemetra/jwsacruncher.git,v${version},,mvn -Pbase-deploy clean package -DskipTests -Dmaven.javadoc.skip -Dgpg.skip,,true,false,DISCOVERED,pilot-primary
RCM-02550,content/eu/europa/ted/eforms/eforms-core-java/eforms-core-java-1.1.0.buildspec,80cd311faab263b351486ccf34b886915c8521466cf90e828036632181e3a041,eu.europa.ted.eforms,eforms-core-java,1.1.0,mvn,mvn,11,https://github.com/OP-TED/eforms-core-java.git,${version},,mvn -Prelease clean package -DskipTests -Dmaven.javadoc.skip -Dgpg.skip,,true,false,DISCOVERED,pilot-primary
RCM-02559,content/eu/europa/ted/eforms/eforms-sdk-analyzer/eforms-sdk-analyzer-1.14.0.buildspec,b6c88f24acbea95aa085668314fb80e8a9b1f32c5a45a5bdc2a41768f3f91a03,eu.europa.ted.eforms,eforms-sdk-analyzer,1.14.0,mvn,mvn,11,https://github.com/OP-TED/eforms-sdk-analyzer.git,${version},,mvn -Prelease clean package -DskipTests -Dmaven.javadoc.skip -Dgpg.skip,,true,false,DISCOVERED,pilot-primary
RCM-02631,content/eu/maveniverse/maven/checksum/checksum-0.1.0.buildspec,cd9c0bc9004e64a5bbcbf355336728f82b663bab856b264c56a6717ab1945096,eu.maveniverse.maven.checksum,checksum,0.1.0,mvn-3.9.12,mvn-3.9.12,21,https://github.com/maveniverse/${artifactId}.git,release-${version},,mvn -Pmaveniverse-release clean package -DskipTests -Dmaven.javadoc.skip -Dgpg.skip -Denforcer.skip,,true,false,DISCOVERED,pilot-primary
RCM-02653,content/eu/maveniverse/maven/heimdall/heimdall-0.1.2.buildspec,9c9a40c99aa4409d40195eb46eba9b0cc8aa6fdd3bf8194bfa207270dd195259,eu.maveniverse.maven.heimdall,heimdall,0.1.2,mvn-3.9.9,mvn-3.9.9,21,https://github.com/maveniverse/${artifactId}.git,release-${version},,mvn -Pmaveniverse-release clean package -DskipTests -Dmaven.javadoc.skip -Dgpg.skip -Denforcer.skip,,true,false,DISCOVERED,pilot-primary
RCM-02666,content/eu/maveniverse/maven/mase/mase/mase-1.0.2.buildspec,1030aa2065a6d0bbb6f71f244d57f72b90970d0ea2800dc02ba5f48d81e13887,eu.maveniverse.maven.mase,mase,1.0.2,mvn-3.9.5,mvn-3.9.5,21,https://github.com/maveniverse/mase.git,release-${version},,mvn -Pmaveniverse-release clean package -DskipTests -Dmaven.javadoc.skip -Dgpg.skip,,true,false,DISCOVERED,pilot-primary
RCM-02733,content/eu/maveniverse/maven/mima/mima-2.4.45.buildspec,5adefc8f68e13ce9c2ab37af2e9b0ae7b9b85580ecd42ecf2ccf0888ea47a8aa,eu.maveniverse.maven.mima,mima,2.4.45,mvn-3.9.14,mvn-3.9.14,21,https://github.com/maveniverse/${artifactId}.git,release-${version},,mvn -Pmaveniverse-release clean package -DskipTests -Dmaven.javadoc.skip -Dgpg.skip -Denforcer.skip,,true,false,DISCOVERED,pilot-primary
RCM-02805,content/eu/maveniverse/maven/nisse/nisse-0.4.5.buildspec,6999182ff00ef3efa83cf9008404def9598a28b0a134baf9e2815156f17ea1cf,eu.maveniverse.maven.nisse,nisse,0.4.5,mvn-3.9.8,mvn-3.9.8,21,https://github.com/maveniverse/${artifactId}.git,release-${version},,mvn -Pmaveniverse-release clean package -DskipTests -Dgpg.skip -Denforcer.skip,,true,false,DISCOVERED,pilot-primary
RCM-02985,content/eu/maveniverse/maven/toolbox/toolbox-0.3.2.buildspec,7fad32d2e572ed82bfd5d96418cf3436db16b282b9eaceddc83b7067d11c61eb,eu.maveniverse.maven.toolbox,toolbox,0.3.2,mvn-3.9.9,mvn-3.9.9,21,https://github.com/maveniverse/toolbox.git,release-${version},,mvn -Pmaveniverse-release clean package -DskipTests -Dmaven.javadoc.skip -Dgpg.skip,,true,false,DISCOVERED,pilot-primary
RCM-03010,content/eu/maveniverse/maven/toolrunner/toolrunner-0.2.0.buildspec,c356d76ea5e4c282eeebc63e4723be527d66898bb6d0b1c5ce7a540ecef1f605,eu.maveniverse.maven.toolrunner,toolrunner,0.2.0,mvn-3.9.12,mvn-3.9.12,21,https://github.com/maveniverse/${artifactId}.git,release-${version},,mvn -Pmaveniverse-release clean package -DskipTests -Dmaven.javadoc.skip -Dgpg.skip -Denforcer.skip,,true,false,DISCOVERED,pilot-primary
RCM-03019,content/eu/maveniverse/maven/zippy/zippy-0.1.1.buildspec,733a344542fa054f42015af847d3f87aeaacf1f2b64096d4ac3588561c75ec72,eu.maveniverse.maven.zippy,zippy,0.1.1,mvn-3.9.9,mvn-3.9.9,21,https://github.com/maveniverse/zippy.git,release-${version},,mvn -Pmaveniverse-release clean package -DskipTests -Dmaven.javadoc.skip -Dgpg.skip,,true,false,DISCOVERED,pilot-primary
RCM-03102,content/fr/inria/gforge/spoon/spoon-core/spoon-core-10.4.3-beta-21.buildspec,e36d9087d408a03cefa51993e50b1bde889dd23f8021dd095b16a8704599542f,fr.inria.gforge.spoon,spoon-core,10.4.3-beta-21,mvn,mvn,11,https://github.com/inria/spoon.git,v${version},,mvn -f spoon-pom -Prelease clean package -DskipDepClean -DskipTests -Dmaven.javadoc.skip -Dgpg.skip,,true,false,DISCOVERED,pilot-primary
RCM-03211,content/fr/marcwrobel/jbanking/jbanking-4.1.0.buildspec,024ebdef105b1a1e91af507f31bedad9af930740c0a28ee3653175aa882a2ca1,fr.marcwrobel,jbanking,4.1.0,mvn-3.8.6,mvn-3.8.6,17,https://github.com/marcwrobel/jbanking.git,v${version},,mvn -Prelease clean package -DskipTests -Dmaven.javadoc.skip -Dgpg.skip -Dcyclonedx.skip,,true,false,DISCOVERED,pilot-primary
RCM-03216,content/fr/vidal/oss/atom-jaxb-1.1.0.buildspec,e2ae301a37795b9a3406920a074c5cd6b00cb06f052a5c8b7a5887b8656580c9,fr.vidal.oss,atom-jaxb,1.1.0,mvn,mvn,8,https://github.com/vidal-community/atom-jaxb.git,v${version},,mvn -Prelease clean verify -DskipTests -Dmaven.javadoc.skip -Dgpg.skip,,true,false,DISCOVERED,pilot-primary
RCM-03465,content/io/avaje/applog/avaje-applog-1.1.buildspec,eb25619eaac87986917cfb2f0e0d71d0bd253a296c715daa4c9b30a719954f47,io.avaje,avaje-applog,1.1,mvn,mvn,21,https://github.com/avaje/avaje-applog.git,${version},,mvn -Pcentral clean package -DskipTests -Dmaven.javadoc.skip -Dgpg.skip,,true,false,DISCOVERED,pilot-primary
RCM-03479,content/io/avaje/config-toml/avaje-config-toml-4.1.buildspec,c08f50d5911ea0783f11d482de4efa169a30fb2ec5eab784c86ab3dc09f47a1c,io.avaje,avaje-config-toml,4.1,mvn-3.9.9,mvn-3.9.9,24,https://github.com/avaje/avaje-config.git,${version},,mvn -f ${artifactId} -Pcentral clean package -DskipTests -Dmaven.javadoc.skip -Dgpg.skip,,true,false,DISCOVERED,pilot-primary
RCM-03733,content/io/avaje/logback-encoder/avaje-logback-encoder-0.12.buildspec,8147df7c16c55dd743cd6cbf6db27ea61467c87cfbb7f7eb6a94b5b2c42579f9,io.avaje,avaje-logback-encoder,0.12,mvn,mvn,21,https://github.com/avaje/avaje-logback-encoder.git,${version},,mvn -Pcentral clean package -DskipTests -Dmaven.javadoc.skip -Dgpg.skip,,true,false,DISCOVERED,pilot-primary
RCM-03767,content/io/avaje/metrics/avaje-metrics-9.8.buildspec,68dd5b8e0ef4ee7b53b228bfce3110d6fa7545462f8501df8a3befe086d76fcb,io.avaje,avaje-metrics-parent,9.8,mvn,mvn,21,https://github.com/avaje/avaje-metrics.git,${version},,mvn -Pcentral clean package -DskipTests -Dmaven.javadoc.skip -Dgpg.skip,,true,false,DISCOVERED,pilot-primary
RCM-03779,content/io/avaje/prisms/avaje-prisms-1.36.buildspec,b826170087f8f8e09fc43404844ea86d79ab54dc7cccce7cc2a395899714d957,io.avaje,avaje-prisms-parent,1.36,mvn,mvn,21,https://github.com/avaje/avaje-prisms.git,${version},,mvn -Pcentral clean package -DskipTests -Dmaven.javadoc.skip -Dgpg.skip,,true,false,DISCOVERED,pilot-primary
RCM-03801,content/io/avaje/sigma/avaje-sigma-1.0.buildspec,de12c755b2c08a83b2d417b336feddab6ffd372cb12084a8af0ea05207c62c8b,io.avaje,avaje-sigma-parent,1.0,mvn,mvn,21,https://github.com/avaje/avaje-sigma.git,${version},,mvn -Pcentral clean package -DskipTests -Dmaven.javadoc.skip -Dgpg.skip,,true,false,DISCOVERED,pilot-primary
RCM-03842,content/io/cucumber/ci-environment/ci-environment-14.0.0.buildspec,ce394d67ef389d8663cb859d5770fc504c3ea9c3b00f5c996892dd05c1603af8,io.cucumber,ci-environment,14.0.0,mvn-3.9.12,mvn-3.9.12,21,https://github.com/cucumber/ci-environment.git,v${version},,mvn -f java -Psign-source-javadoc clean package -DskipTests -Dmaven.javadoc.skip -Dgpg.skip,,true,false,DISCOVERED,pilot-primary
RCM-03879,content/io/cucumber/cucumber-json-formatter/cucumber-json-formatter-0.3.0.buildspec,0bd853ea31006c1c5b1b433ee14a165b562397b1fdf5b8468a7c2dec5f1f550e,io.cucumber,cucumber-json-formatter,0.3.0,mvn,mvn,17,https://github.com/cucumber/${artifactId}.git,v${version},,mvn -f java/pom.xml -Psign-source-javadoc clean package -DskipTests -Dmaven.javadoc.skip -Dgpg.skip,,true,false,DISCOVERED,pilot-primary
RCM-03935,content/io/cucumber/gherkin/gherkin-26.2.0.buildspec,8ebe7b29cb431a97725c0de5f33c3d6daa78eac63e98a1eaa8fed50b3ca78483,io.cucumber,gherkin,26.2.0,mvn,mvn,11,https://github.com/cucumber/${artifactId}.git,v${version},,mvn -f java/pom.xml -Psign-source-javadoc clean package -DskipTests -Dmaven.javadoc.skip -Dgpg.skip,,true,false,DISCOVERED,pilot-primary
RCM-04025,content/io/cucumber/junit-xml-formatter/junit-xml-formatter-0.7.0.buildspec,c3a7e77f9413840e034a4144cfa3bf0ab667c9445ef2a8e1eb87942558bcbad1,io.cucumber,junit-xml-formatter,0.7.0,mvn,mvn,11,https://github.com/cucumber/cucumber-${artifactId}.git,v${version},,mvn -f java/pom.xml -Psign-source-javadoc clean package -DskipTests -Dmaven.javadoc.skip -Dgpg.skip,,true,false,DISCOVERED,pilot-primary
RCM-04098,content/io/cucumber/query/query-12.1.1.buildspec,e722c10818f7326caf851c5a4a8967fc7a5d5793ec39c58bbc399fe83ba3511e,io.cucumber,query,12.1.1,mvn,mvn,11,https://github.com/cucumber/${artifactId}.git,v${version},,mvn -f java/pom.xml -Psign-source-javadoc clean package -DskipTests -Dmaven.javadoc.skip -Dgpg.skip,,true,false,DISCOVERED,pilot-primary
RCM-04143,content/io/cucumber/tag-expressions/tag-expressions-9.1.0.buildspec,a497afbe580e303f2dbb7cebe356ceefab33dead8b5c4b78898f640a06c4f96f,io.cucumber,tag-expressions,9.1.0,mvn-3.9.12,mvn-3.9.12,21,https://github.com/cucumber/${artifactId}.git,v${version},,mvn -f java/pom.xml -Psign-source-javadoc clean package -DskipTests -Dmaven.javadoc.skip -Dgpg.skip,,true,false,DISCOVERED,pilot-primary
RCM-04149,content/io/cucumber/testng-xml-formatter/testng-xml-formatter-0.2.0.buildspec,c40fbdcf004e357633f8da0fdf441064bc3f9e202c130ec0de9df42f3b4b233f,io.cucumber,testng-xml-formatter,0.2.0,mvn,mvn,11,https://github.com/cucumber/${artifactId}.git,v${version},,mvn -f java/pom.xml -Psign-source-javadoc clean package -DskipTests -Dmaven.javadoc.skip -Dgpg.skip,,true,false,DISCOVERED,pilot-primary
RCM-04231,content/io/dropwizard/core/dropwizard-4.0.0-beta.2.buildspec,be8713bc66b6a0c91f84a47499b6fb529959a7ef7ea3e1517a6afea88bd61225,io.dropwizard,dropwizard-project,4.0.0-beta.2,mvn,mvn,11,https://github.com/dropwizard/dropwizard.git,v${version},,mvn clean package -Prelease -DskipTests -Dmaven.javadoc.skip -Dgpg.skip -Dpgpverify.skip -Dcyclonedx.skip,,true,false,DISCOVERED,pilot-primary
RCM-04319,content/io/dropwizard/metrics/dropwizard-metrics-4.1.34.buildspec,c67f6a2550822b00b3d280fae915f8874b17f4e24eb759916435d8f277ed1671,io.dropwizard.metrics,metrics-parent,4.1.34,mvn,mvn,8,https://github.com/dropwizard/metrics.git,v${version},,mvn -Prelease-sign-artifacts clean package -DskipTests -Dmaven.javadoc.skip -Dgpg.skip -Dcyclonedx.skip,,true,false,DISCOVERED,pilot-primary
RCM-04368,content/io/dropwizard/metrics/okhttp/metrics-okhttp-0.5.0-rc.1.buildspec,99564002751b4357e2326f576245b4ae44f0f91a723a2f3d60d966dfd9d4a16f,io.dropwizard.metrics.okhttp,metrics-okhttp-parent,0.5.0-rc.1,mvn-3.9.6,mvn-3.9.6,21,https://github.com/dropwizard/metrics-okhttp.git,v0.5.0-rc1,,mvn -Prelease-sign-artifacts clean package -DskipTests -Dmaven.javadoc.skip -Dgpg.skip -Dcyclonedx.skip,,true,false,DISCOVERED,pilot-primary
RCM-04276,content/io/dropwizard/metrics5/dropwizard-metrics-5.0.0-rc21.buildspec,e204a2d5bf3801df2a2fba3c3ea454e97442c29b989204ccd21eaa9fabf30da9,io.dropwizard.metrics5,metrics-parent,5.0.0-rc21,mvn,mvn,17,https://github.com/dropwizard/metrics.git,v${version},,mvn -Prelease-sign-artifacts clean package -DskipTests -Dmaven.javadoc.skip -Dgpg.skip -Dcyclonedx.skip,,true,false,DISCOVERED,pilot-primary
RCM-04387,content/io/dropwizard/modules/parent/module-parent-4.0.0-rc.2.buildspec,0441286bdc938343d68e0932265bdc58a4de296c0b51cb63b6602125ac42e3d6,io.dropwizard.modules,module-parent,4.0.0-rc.2,mvn,mvn,11,https://github.com/dropwizard/module-parent.git,${artifactId}-${version},,mvn -Prelease clean verify -DskipTests -Dmaven.javadoc.skip -Dgpg.skip,,true,false,DISCOVERED,pilot-primary
RCM-04493,content/io/github/albertus82/unexepack/unexepack-0.1.1.buildspec,82d19e2445abe3b93aff34150c9ce1e9d0cf93a0711738b68751d44957a143c1,io.github.albertus82,unexepack,0.1.1,mvn,mvn,17,https://github.com/albertus82/unEXEPACK.git,v${version},,mvn -Papache-release clean package -DskipTests -Dmaven.javadoc.skip -Dgpg.skip,,true,false,DISCOVERED,pilot-primary
RCM-04643,content/io/github/git-commit-id/git-commit-id-maven-plugin-9.0.0.buildspec,b6550a8e83b7b8da904dff50b2194a4c13825fc3cd2d63ed18caad7dc59321cb,io.github.git-commit-id,git-commit-id-maven-plugin,9.0.0,mvn,mvn,21,https://github.com/git-commit-id/${artifactId}.git,v${version},,mvn clean package -DskipTests -Dmaven.javadoc.skip -Dgpg.skip -Dskip,,true,false,DISCOVERED,pilot-primary
RCM-04646,content/io/github/gls-athena/athena-0.0.12.buildspec,f341bd9bca2b031a30da2392c725ee734d125924f71ce4ad1a0c2eb763c99108,io.github.gls-athena,athena-parent,0.0.12,mvn,mvn,21,https://github.com/gls-athena/athena-parent,v$version,,mvn clean package -Prelease -DskipTests --batch-mode -Dmaven.javadoc.skip=true,,true,false,DISCOVERED,pilot-primary
RCM-04654,content/io/github/hboutemy/sigstore-maven-plugin/sigstore-maven-plugin-1.0.0-beta-3.buildspec,903badaa29cdda3c7eafd488ad67a4d6904210cfa0e0c859bff8eca78b3aa0ec,io.github.hboutemy,sigstore-maven-plugin,1.0.0-beta-3,mvn,mvn,11,https://github.com/hboutemy/${artifactId}.git,${artifactId}-${version},,mvn clean package source:jar -DskipTests -Dmaven.javadoc.skip -Dgpg.skip,,true,false,DISCOVERED,pilot-primary
RCM-04656,content/io/github/jmkeyes/curator-kubernetes-ensemble-provider/curator-kubernetes-ensemble-provider-0.3.1.buildspec,ee64a57af9a0981288c991dfe27ee0e5eeb03871246ff94982fe339b079d50b4,io.github.jmkeyes,curator-kubernetes-ensemble-provider,0.3.1,mvn-3.9.9,mvn-3.9.9,17,https://github.com/jmkeyes/${artifactId}.git,${version},,mvn -Pmaven-central clean package -DskipTests -Dmaven.javadoc.skip -Dgpg.skip,,true,false,DISCOVERED,pilot-primary
RCM-04672,content/io/github/jmkeyes/thrift-spring-boot-starter/thrift-spring-boot-starter-2.0.0.buildspec,69060abe233ed3ba580d20d1fb193fad06cea2a1962c598cf43ad07ce7c036d0,io.github.jmkeyes,thrift-spring-boot-starter,2.0.0,mvn-3.9.9,mvn-3.9.9,17,https://github.com/jmkeyes/${artifactId}.git,${version},,mvn -Pmaven-central clean package -DskipTests -Dmaven.javadoc.skip -Dgpg.skip,,true,false,DISCOVERED,pilot-primary
RCM-04674,content/io/github/kbuntrock/openapi-maven-plugin/openapi-maven-plugin-0.0.28.buildspec,af74118100dbb64e06d37a1733de43419769d96da79466e7337ca7990e53b868,io.github.kbuntrock,openapi-maven-plugin,0.0.28,mvn-3.9.9,mvn-3.9.9,17,https://github.com/kbuntrock/${artifactId}.git,${version},,mvn clean package -Pprerelease -DskipTests -f openapi-maven-plugin,,true,false,DISCOVERED,pilot-primary
RCM-04861,content/io/jstach/jstachio/jstachio-1.3.0.buildspec,f642bbd423febdee6d5c0413afc621f0a00d65d564be42f606688b0bddcf0fef,io.jstach,jstachio,1.3.0,mvn-3.9.2,mvn-3.9.2,17,https://github.com/jstachio/${artifactId}.git,v${version},,bin/rebuild.sh,,true,false,DISCOVERED,pilot-primary
RCM-04853,content/io/jstach/ezkv/ezkv-0.3.0.buildspec,c297028467c5dc7cf3e05d397d232fcdf3b4694f5c53c3afa56f488fcfac4639,io.jstach.ezkv,ezkv-maven-parent,0.3.0,mvn-3.9.9,mvn-3.9.9,21.0.2,https://github.com/jstachio/ezkv.git,v${version},,bin/rebuild.sh,,true,false,DISCOVERED,pilot-primary
RCM-04869,content/io/jstach/pistachio/pistachio-maven-parent/pistachio-maven-parent-0.1.0.buildspec,ea8ecc87a8af56e7daf5bcba524d76994a93d8f3bd32676a18362cad2e3964f5,io.jstach.pistachio,pistachio-maven-parent,0.1.0,mvn-3.9.4,mvn-3.9.4,18,https://github.com/jstachio/pistachio.git,${artifactId}-${version},,mvn -Papache-release clean package -DskipTests -Dmaven.javadoc.skip -Dgpg.skip,,true,false,DISCOVERED,pilot-primary
RCM-05001,content/io/micronaut/build/micronaut-maven-plugin/micronaut-maven-plugin-3.4.0-RC1.buildspec,34c810c8a45c1376ffc1484f9b050f233e2464bffaed9deb5c6434d3cc0a0cee,io.micronaut.build,micronaut-maven-plugin,3.4.0-RC1,mvn,mvn,8,https://github.com/micronaut-projects/${artifactId}.git,v${version},,mvn -Prelease clean package -DskipTests -Dmaven.javadoc.skip -Dgpg.skip,,true,false,DISCOVERED,pilot-primary
RCM-05014,content/io/micronaut/maven/micronaut-maven-plugin/micronaut-maven-plugin-4.0.0-M6.buildspec,fcd2e0cc1a4a9ded9d7d9ed4baed21740c468a368bb883caa8afcabbdf43db31,io.micronaut.maven,micronaut-maven-plugin,4.0.0-M6,mvn,mvn,17,https://github.com/micronaut-projects/${artifactId}.git,v${version},,mvn -Prelease clean package -DskipTests -Dmaven.javadoc.skip -Dgpg.skip,,true,false,DISCOVERED,pilot-primary
RCM-05282,content/io/smallrye/jandex/jandex-3.2.3-RC1.buildspec,f718947e73d03e7ccdb2e6560249254ed809faa2521c014d7a3f5bc8ab61aa9d,io.smallrye,jandex-parent,3.2.3-RC1,mvn,mvn,21,https://github.com/smallrye/jandex.git,${version},,mvn clean package -DskipTests -Dmaven.javadoc.skip -Dgpg.skip -Denv.JAVA_HOME=/usr,,true,false,DISCOVERED,pilot-primary
RCM-05296,content/io/takari/incrementalbuild/incrementalbuild-1.0.2.buildspec,9dd38eed0e003e8675cbcaf81646bf7165edb182503105749a82938b429a914d,io.takari,io.takari.incrementalbuild,1.0.2,mvn,mvn,21,https://github.com/takari/${artifactId}.git,${artifactId}-${version},,mvn clean package -DskipTests -Dmaven.javadoc.skip -Dgpg.skip -Dbuildinfo.detect.skip=false -Dbuildinfo.skipModules=,,true,false,DISCOVERED,pilot-primary
RCM-05325,content/io/takari/maven/takari-smart-builder/takari-smart-builder-1.1.1.buildspec,0bd62ce6d134787ecdfc4b21d730b99f61864c0fa2afb02af789d3995e395041,io.takari.maven,takari-smart-builder,1.1.1,mvn-3.9.12,mvn-3.9.12,21,https://github.com/takari/takari-smart-builder.git,${artifactId}-${version},,mvn clean package -DskipTests -Dmaven.javadoc.skip -Dgpg.skip,,true,false,DISCOVERED,pilot-primary
RCM-05317,content/io/takari/maven/plugins/takari-plugin-testing/takari-plugin-testing-3.0.4.buildspec,0a6c79472c08b525c9bc910eeb096b3a1d1b4ffa4bcd5928b9c17bf0fe078dc8,io.takari.maven.plugins,takari-plugin-testing-project,3.0.4,mvn,mvn,11,https://github.com/takari/takari-plugin-testing-project.git,takari-plugin-testing-${version},,mvn clean package -DskipTests -Dmaven.javadoc.skip -Dgpg.skip -Dbuildinfo.detect.skip=false -Dbuildinfo.skipModules=,,true,false,DISCOVERED,pilot-primary
RCM-05346,content/io/telicent/jena/jena-kafka/jena-kafka-2.1.1.buildspec,6c37c911899f19ec3de56e4e2a6147a8ba63cdc40b8e92562159bae29026a0d9,io.telicent.jena,jena-kafka,2.1.1,mvn-3.9.8,mvn-3.9.8,17,https://github.com/telicent-oss/jena-fuseki-kafka,${version},,mvn clean package -DskipTests -Dmaven.javadoc.skip -Dgpg.skip,,true,false,DISCOVERED,pilot-primary
RCM-05373,content/io/telicent/jena/rdf-abac/rdf-abac-1.0.0.buildspec,7699d0678c85e69b38051d6a013d8baca084933340540f147e4e6e980723520d,io.telicent.jena,rdf-abac,1.0.0,mvn-3.9.6,mvn-3.9.6,17,https://github.com/telicent-oss/rdf-abac,${version},,mvn -Papache-release clean package -DskipTests -Dmaven.javadoc.skip -Dgpg.skip,,true,false,DISCOVERED,pilot-primary
RCM-05436,content/io/telicent/smart-caches/graph/scg-base/scg-base-0.83.9.buildspec,3dd3a390397fdc6efb2c8c0cad863e4fc7934728d93a74440440c3cc8368b4db,io.telicent.smart-caches.graph,scg-base,0.83.9,mvn,mvn,21,https://github.com/Telicent-oss/smart-cache-graph,${version},,mvn -Papache-release clean package -DskipTests -Dmaven.javadoc.skip -Dgpg.skip,,true,false,DISCOVERED,pilot-primary
RCM-05502,content/io/wcm/io.wcm.caconfig/wcm-caconfig-editor-1.7.4.buildspec,81e631e5d072e6ff409993d109d52c126e11bfae1baf8b269c9eb3cae80fd7ae,io.wcm,io.wcm.caconfig.editor.parent,1.7.4,mvn,mvn,8,https://github.com/wcm-io/wcm-io-caconfig.git,${artifactId}-${version},,mvn -f editor/pom.xml -Pio.wcm clean package -DskipTests -Dmaven.javadoc.skip -Dmaven.buildNumber.skip -DbuildNumber=919782b4 -Dtimestamp=2020-07-10T20:43:39+02:00,,true,false,DISCOVERED,pilot-primary
RCM-05509,content/io/wcm/io.wcm.handler/commons/io.wcm.handler.commons-2.0.0.buildspec,78fb8ede019d8d259f38b07b716ed4b4ec08f7baab02cac755a66d8e3293e387,io.wcm,io.wcm.handler.commons,2.0.0,mvn-3.9.4,mvn-3.9.4,11,https://github.com/wcm-io/${artifactId}.git,${version},,mvn -Papache-release clean package -DskipTests -Dmaven.javadoc.skip -Dgpg.skip -Dtimestamp=$timestamp,,true,false,DISCOVERED,pilot-primary
RCM-05531,content/io/wcm/io.wcm.handler/link/wcm-link-1.5.4.buildspec,6add776c4a0326549ed0a39300062fcfc43ee64f799c05c27e768c2c9e246235,io.wcm,io.wcm.handler.link,1.5.4,mvn,mvn,8,https://github.com/wcm-io/wcm-io-handler.git,${artifactId}-${version},,mvn -f link/pom.xml -Pio.wcm clean package -DskipTests -Dmaven.javadoc.skip -Dmaven.buildNumber.skip -DbuildNumber=42fe502d -Dtimestamp=2020-07-10T21:01:22+02:00,,true,false,DISCOVERED,pilot-primary
RCM-05538,content/io/wcm/io.wcm.handler/media/wcm-media-1.11.6.buildspec,f6a6ef2900269d8aba9acd563bfadf63fe76b89b2cf538e66a262435c53bfee1,io.wcm,io.wcm.handler.media,1.11.6,mvn-3.9.8,mvn-3.9.8,11,https://github.com/wcm-io/${artifactId}.git,${version},,mvn -Pio.wcm clean package -DskipTests -Dmaven.javadoc.skip -Dtimestamp=${timestamp},,true,false,DISCOVERED,pilot-primary
RCM-05589,content/io/wcm/io.wcm.handler/richtext/wcm-richtext-1.5.6.buildspec,26147919e9a698d5e49ee9b1edd9d95951983886caf7b987f6f545847033df61,io.wcm,io.wcm.handler.richtext,1.5.6,mvn-3.9.4,mvn-3.9.4,11,https://github.com/wcm-io/${artifactId}.git,${version},,mvn -Pio.wcm clean package -DskipTests -Dmaven.javadoc.skip -Dtimestamp=${timestamp},,true,false,DISCOVERED,pilot-primary
RCM-05669,content/io/wcm/tooling/wcm-parent_toplevel-1.7.0.buildspec,484614327ac191fb3b045e24d00a08b580b82a9417b877578439fb9168248d65,io.wcm,io.wcm.parent_toplevel,1.7.0,mvn,mvn,8,https://github.com/wcm-io/${artifactId}.git,${version},,mvn -Pio.wcm clean package -DskipTests,,true,false,DISCOVERED,pilot-primary
RCM-05609,content/io/wcm/io.wcm.wcm/parsys/wcm-parsys-1.6.6.buildspec,2e1c14252e1a2ee942f713436cc9435c4fd6e6e0e65741c456c74dda3fcd76a1,io.wcm,io.wcm.wcm.parsys,1.6.6,mvn-3.9.12,mvn-3.9.12,11,https://github.com/wcm-io/io.wcm.wcm.parsys.git,${version},,mvn -Pio.wcm clean package -DskipTests -Dmaven.buildNumber.skip -DbuildNumber=${buildNumber} -Dtimestamp=${timestamp},,true,false,DISCOVERED,pilot-primary
RCM-05634,content/io/wcm/maven/plugins/nodejs-maven-plugin/nodejs-maven-plugin-3.0.6.buildspec,de959c21bc2f07c5017b67606e05992b41f1b8ae01d58784e55b0f1a2cbc14cf,io.wcm.maven.plugins,nodejs-maven-plugin,3.0.6,mvn,mvn,11,https://github.com/wcm-io/${artifactId}.git,${version},,mvn -Pio.wcm clean package -DskipTests -Dmaven.javadoc.skip,,true,false,DISCOVERED,pilot-primary
RCM-05643,content/io/wcm/tooling/commons/content-package-builder/wcm-content-package-builder-1.6.0.buildspec,ef5826b2e47d70f57d71ae66f7d21bde77820ff5a7d66d9b63ca95243059a2c3,io.wcm.tooling.commons,io.wcm.tooling.commons.content-package-builder,1.6.0,mvn,mvn,11,https://github.com/wcm-io/${artifactId}.git,${version},,mvn -Pio.wcm clean package -DskipTests -Dmaven.javadoc.skip -Dtimestamp=${timestamp},,true,false,DISCOVERED,pilot-primary
RCM-05702,content/io/yupiik/fusion/fusion-1.0.25.buildspec,d70df266b480f8cfd40f171712a99cc86c5c6a7985d41d799a686bd04c184b7f,io.yupiik.fusion,fusion,1.0.25,mvn,mvn,21,https://github.com/yupiik/fusion.git,fusion-${version},,mvn -Prelease clean package -DskipTests -Dmaven.javadoc.skip -Dgpg.skip -pl !fusion-documentation,,true,false,DISCOVERED,pilot-primary
RCM-05727,content/it/mulders/clocky/clocky/clocky-0.4.16.buildspec,82031e6e5b90d3812d386c9faa7d76cc68d74280d2c3d8dcebfd1db2ccb0b8a1,it.mulders.clocky,clocky,0.4.16,mvn-3.9.15,mvn-3.9.15,11,https://github.com/mthmulders/${artifactId}.git,v${version},,mvn -Prelease clean package -DskipTests -Dmaven.javadoc.skip -Dgpg.skip -Dbuildinfo.detect.skip=false,,true,false,DISCOVERED,pilot-primary
RCM-05731,content/it/mulders/stryker/pit-dashboard-reporter-0.3.18.buildspec,6318f6017df22f65bd5cb2cfba6e2a1def52c0eaa0ef9df8ab73b1604c459dba,it.mulders.stryker,pit-dashboard-reporter,0.3.18,mvn-3.9.16,mvn-3.9.16,11,https://github.com/mthmulders/pit-stryker-dashboard-reporter.git,v${version},,mvn -Prelease clean package -DskipTests -Dmaven.javadoc.skip -Dgpg.skip -Dbuildinfo.detect.skip=false,,true,false,DISCOVERED,pilot-primary
RCM-05741,content/jakarta/mail/jakarta.mail-api/jakarta.mail-api-2.2.0-M1.buildspec,95ddc4b8f26b30be382d2f22a350b075662d137da438e2933aedd688df8c2ccb,jakarta.mail,jakarta.mail-api,2.2.0-M1,mvn-3.9.9,mvn-3.9.9,11,https://github.com/jakartaee/mail-api.git,${version},,mvn -f api/ clean package -DskipTests -Dmaven.javadoc.skip -Dgpg.skip,,true,false,DISCOVERED,pilot-primary
RCM-05755,content/jakarta/servlet/jakarta.servlet-api/jakarta.servlet-api-6.2.0-M1.buildspec,d1f23c1e21148339a40b89e0676598bc048292b914d6c6c26e6d20069c1a1bd7,jakarta.servlet,jakarta.servlet-api,6.2.0-M1,mvn-3.9.11,mvn-3.9.11,21,https://github.com/eclipse-ee4j/servlet-api.git,${version},,mvn -f api/ clean package -DskipTests -Dmaven.javadoc.skip -Dgpg.skip,,true,false,DISCOVERED,pilot-primary
RCM-05773,content/land/oras/oras-java-sdk/oras-java-sdk-0.2.8.buildspec,2f7b65d2f7135e9bfc61247e085e7b73cb87259ee2ab321c1ca22e56b5d60d87,land.oras,oras-java-sdk,0.2.8,mvn-3.9.9,mvn-3.9.9,17,https://github.com/oras-project/oras-java,${version},,"mvn -Prelease,quick-build -DskipTests clean verify -Dgpg.skip -Dsigstore.skip -Dspdx-maven-plugin.version=0.7.4",,true,false,DISCOVERED,pilot-primary
RCM-05858,content/net/bytebuddy/byte-buddy-1.18.6-jdk6-jdk5.buildspec,e9dfd7a31749c6e963a272cc88b01e7c39abfdadad377b5b36e8d60edbb2defc,net.bytebuddy,byte-buddy-parent,1.18.6-jdk6-jdk5,mvn-3.9.9,mvn-3.9.9,8,https://github.com/raphw/byte-buddy.git,byte-buddy-${version},,"SHELL mvn -Pextras,gradle-release,multi-release clean package -DskipTests -Dmaven.javadoc.skip -Duser.timezone=Etc/UTC",,false,true,DISCOVERED,pilot-primary
RCM-05868,content/net/jsign/jsign-6.0.buildspec,35ba9b3e201cc7310b8fa3502aa86702eeab2e0361749be5b2e621c786cf74a1,net.jsign,jsign,6.0,mvn,mvn,8,https://github.com/ebourg/${artifactId}.git,${version},,mvn -Prelease clean package -DskipTests -Dmaven.javadoc.skip -Dgpg.skip,,true,false,DISCOVERED,pilot-primary
RCM-05876,content/net/osslabz/bitcoin-commons/bitcoin-commons-0.2.0.buildspec,c88a384cd39f986e2440c34cbb5ea45d12e1d2083abe25c0b547a2ebf5725f7e,net.osslabz,bitcoin-commons,0.2.0,mvn,mvn,21,https://github.com/osslabz/bitcoin-commons.git,${version},,mvn -Papache-release clean package -DskipTests -Dmaven.javadoc.skip -Dgpg.skip,,true,false,DISCOVERED,pilot-primary
RCM-05899,content/net/osslabz/jdbc-url-parser/jdbc-url-parser-0.1.0.buildspec,ea065256e2b1ffcfb35a18708227d2c6609fb4f5eefebd148ca869dad5550de1,net.osslabz,jdbc-url-parser,0.1.0,mvn,mvn,21,https://github.com/osslabz/${artifactId}.git,${version},,mvn -Papache-release clean package -DskipTests -Dmaven.javadoc.skip -Dgpg.skip,,true,false,DISCOVERED,pilot-primary
RCM-05916,content/net/revelc/code/formatter/formatter-maven-plugin/formatter-maven-plugin-2.26.0.buildspec,7486358f32f16796186ac4eeca05f684ee9c651db6ce4d28562fd6b47a63bea3,net.revelc.code.formatter,formatter-maven-plugin,2.26.0,mvn,mvn,17,https://github.com/revelc/${artifactId}.git,${artifactId}-${version},,mvn -Prevelc-release clean package -DskipTests -Dmaven.javadoc.skip -Dgpg.skip,,true,false,DISCOVERED,pilot-primary
RCM-06025,content/net/sourceforge/pmd/pmd-designer/pmd-designer-7.19.0.buildspec,3d95dc24a043f37a574b29f2a9ba709833f0ca549a5bd5c8e013a25d6dd48a63,net.sourceforge.pmd,pmd-designer,7.19.0,mvn-3.9.11,mvn-3.9.11,17,https://github.com/pmd/${artifactId}.git,${version},,mvn -Pshading clean package -DskipTests -Dmaven.javadoc.skip -Dgpg.skip,,true,false,DISCOVERED,pilot-primary
RCM-06062,content/nl/basjes/energy/energy-0.0.1.buildspec,535050b47bb5b53fc3b5f1754de2fc10811c3cb5b9382f0b171a81c8a8c8baa6,nl.basjes.energy,energy-parent,0.0.1,mvn-3.8.7,mvn-3.8.7,17,https://github.com/nielsbasjes/energy.git,v${version},,mvn clean verify -PskipQuality -PpackageForRelease -Dgpg.skip,,true,false,DISCOVERED,pilot-primary
RCM-06071,content/nl/basjes/maven/release/conventional-commits-version-policy/conventional-commits-version-policy-1.0.8.buildspec,020b31e16bdde646650a5cf64e7c4ed2d2da53ebda786df00ced4b4cda2115c3,nl.basjes.maven.release,conventional-commits-version-policy,1.0.8,mvn-3.9.9,mvn-3.9.9,21,https://github.com/nielsbasjes/conventional-commits-maven-release.git,v${version},,mvn clean verify -PskipQuality,,true,false,DISCOVERED,pilot-primary
RCM-06096,content/nl/basjes/modbus/modbus-schema-parent/modbus-schema-parent-0.6.0.buildspec,05a7dcf48727e3a3474ab5b8e2444481bfc6282bf93c87d84cb288f7b395a581,nl.basjes.modbus,modbus-schema-parent,0.6.0,mvn-3.9.9,mvn-3.9.9,21,https://github.com/nielsbasjes/modbus-schema.git,v${version},,mvn clean verify -PskipQuality,,true,false,DISCOVERED,pilot-primary
RCM-06255,content/nl/hsac/hsac-fitnesse-pdf/hsac-fitnesse-pdf-0.1.1.buildspec,e49ef2a4d009204880ecbdb7b5d788b14200794d93e619537ca90d1455a3c1d9,nl.hsac,hsac-fitnesse-pdf,0.1.1,mvn-3.9.3,mvn-3.9.3,11,https://github.com/fhoeben/hsac-fitnesse-pdf.git,${version},,mvn clean package -Prelease -DskipTests -Dgpg.skip,,true,false,DISCOVERED,pilot-primary
RCM-06263,content/nl/hsac/hsac-fitnesse-plugin/hsac-fitnesse-plugin-1.33.0.buildspec,b94e4068888ffd2d05c1109b05d35a121394b9d543abacc103ed0f6662957a36,nl.hsac,hsac-fitnesse-plugin,1.33.0,mvn,mvn,11,https://github.com/fhoeben/${artifactId}.git,${version},,mvn clean package -Prelease -Dgpg.skip,,true,false,DISCOVERED,pilot-primary
RCM-06293,content/org/apache/accumulo/accumulo-2.1.1.buildspec,70f42270102862766b0c3a4599d68acf4ed9870ef3b203347c0da245e74b1bf3,org.apache.accumulo,accumulo,2.1.1,mvn,mvn,11,https://github.com/apache/${artifactId}.git,rel/${version},,"SHELL mvn -Papache-release,accumulo-release clean package -DskipTests -Dmaven.javadoc.skip -Dgpg.skip -Dwarbucks.skip -DskipFormat -DskipQA",,false,true,DISCOVERED,pilot-primary
RCM-06379,content/org/apache/any23/any23-2.7.buildspec,09e0c707bac4b53af1d5caae376bb0cd2ee548e84443f176a79d53371e2c61c7,org.apache.any23,apache-any23,2.7,mvn,mvn,11,https://github.com/apache/any23.git,any23-${version},,mvn -Papache-release clean package -DskipTests -Dmaven.javadoc.skip -Dgpg.skip -Dossindex.skip,,true,false,DISCOVERED,pilot-primary
RCM-06402,content/org/apache/aries/jax-rs/org.apache.aries.jax.rs-2.0.2.buildspec,e16d073bf3c7a6b0e55a3b4ffd8800a2bccc6714693501a0374de38cc1cece22,org.apache.aries.jax.rs,org.apache.aries.jax.rs,2.0.2,mvn-3.8.5,mvn-3.8.5,11,https://github.com/apache/aries-jax-rs-whiteboard.git,${artifactId}-${version},,mvn -Papache-release clean package -DskipTests -Dmaven.javadoc.skip -Dgpg.skip,,true,false,DISCOVERED,pilot-primary
RCM-06420,content/org/apache/baremaps/baremaps-0.8.1.buildspec,b378b48b86ea088632e9dca694090fa8cf7c375c15042dda19aa92dabf96cc75,org.apache.baremaps,baremaps,0.8.1,mvn,mvn,21,https://github.com/apache/baremaps.git,v${version},,mvn -Papache-release clean package -DskipTests -Dmaven.javadoc.skip -Dgpg.skip -Djava.version=,,true,false,DISCOVERED,pilot-primary
RCM-06424,content/org/apache/batchee/batchee-1.0.4.buildspec,c401bc952e0f4808d0bb124a760a907ec6665aa918f86b6fe15393e73753a402,org.apache.batchee,batchee,1.0.4,mvn,mvn,11,https://github.com/apache/geronimo-${artifactId}.git,${artifactId}-${version},,mvn -Papache-release clean package -DskipTests -Dmaven.javadoc.skip -Dgpg.skip -Dbuildinfo.ignore=*/*-tests.jar,,true,false,DISCOVERED,pilot-primary
RCM-06431,content/org/apache/camel/camel/camel-3.22.3.buildspec,ec220985876dd39e6055f791b711aec7cf7eeb58ed06c71c9f075da501c3c004,org.apache.camel,camel,3.22.3,mvn-3.8.5,mvn-3.8.5,11,https://github.com/apache/${artifactId}.git,${artifactId}-${version},https://archive.apache.org/dist/camel//apache-camel/${version}/apache-camel-${version}-src.zip,"mvn -Prelease,hibernate clean package -DskipTests -Dmaven.javadoc.skip -Dgpg.skip -Dskip.yarn",,true,false,DISCOVERED,pilot-primary
RCM-06436,content/org/apache/camel/camel-k-runtime/camel-k-runtime-1.10.0.buildspec,1e7afabd132c00b4a51ad97f88b135094320f3a3165be7b9e4973863254e68df,org.apache.camel.k,camel-k-runtime-project,1.10.0,mvn,mvn,11,https://github.com/apache/camel-k-runtime.git,${artifactId}-${version},,mvn -Papache-release clean package -DskipTests -Dmaven.javadoc.skip -Dgpg.skip,,true,false,DISCOVERED,pilot-primary
RCM-06573,content/org/apache/commons/configuration2/commons-configuration2-2.10.0.buildspec,e76db9484d18a87bb8bd6ad07fd53ff0193231851568e55694cc8c64df23baff,org.apache.commons,commons-configuration2,2.10.0,mvn,mvn,21,https://github.com/apache/commons-configuration.git,rel/commons-configuration-${version},,mvn -Prelease clean:clean package -DskipTests -Dmaven.javadoc.skip -Dgpg.skip -Dcyclonedx.skip -Dcommons.release.dryRun -Dcommons.release.isDistModule -Dbuildinfo.ignore=,,true,false,DISCOVERED,pilot-primary
RCM-06505,content/org/apache/commons/commons-fileupload2/commons-fileupload2-2.0.0-M4.buildspec,3898dd756b04204631deb6ba1560849c3cea8ccd87af1aea3e338f42b7c48654,org.apache.commons,commons-fileupload2,2.0.0-M4,mvn,mvn,21,https://github.com/apache/commons-fileupload.git,rel/commons-fileupload-${version},,mvn clean verify -DskipTests -Dgpg.skip -Dmaven.javadoc.skip -Dbuildinfo.ignore=,,true,false,DISCOVERED,pilot-primary
RCM-06509,content/org/apache/commons/commons-imaging/commons-imaging-1.0.0-alpha5.buildspec,b5226d0eae249c127834c14a8c44d61e08f75836dc8e483bdd3569f0c4ae37c0,org.apache.commons,commons-imaging,1.0.0-alpha5,mvn,mvn,17,https://github.com/apache/commons-imaging.git,rel/commons-imaging-${version},,mvn clean verify -DskipTests -Dgpg.skip -Dmaven.javadoc.skip -Dbuildinfo.ignore=,,true,false,DISCOVERED,pilot-primary
RCM-06520,content/org/apache/commons/commons-jcs3/commons-jcs3-3.2.buildspec,783bb37a00bad766152c6c66a5f172aeb28fa8a25d528bb02f052502989d65c4,org.apache.commons,commons-jcs3,3.2,mvn,mvn,8,https://github.com/apache/commons-jcs.git,rel/${artifactId}-${version},,mvn -Papache-release clean package -DskipTests -Dmaven.javadoc.skip -Dgpg.skip,,true,false,DISCOVERED,pilot-primary
RCM-06525,content/org/apache/commons/commons-jexl3/commons-jexl3-3.6.2.buildspec,afd41922164420b8bcb0f8b0027259edf5754beb8a13201adb02c06abcbd40eb,org.apache.commons,commons-jexl3,3.6.2,mvn-3.9.12,mvn-3.9.12,25,https://github.com/apache/commons-jexl.git,rel/commons-jexl-${version},,mvn clean package -DskipTests -Dmaven.javadoc.skip -Dgpg.skip -Dbuildinfo.ignore=,,true,false,DISCOVERED,pilot-primary
RCM-06543,content/org/apache/commons/commons-pool2/commons-pool2-2.12.1.buildspec,f883326f513e8eff1caafe01fcc1bfb002539eb7cef1f17d3c2fd9eac307c75c,org.apache.commons,commons-pool2,2.12.1,mvn,mvn,21,https://github.com/apache/commons-pool.git,rel/commons-pool-${version},,mvn clean verify -DskipTests -Dgpg.skip -Dmaven.javadoc.skip -Dbuildinfo.ignore=,,true,false,DISCOVERED,pilot-primary
RCM-06557,content/org/apache/commons/commons-text/commons-text-1.14.0.buildspec,9c10dcd10c073b80ff07de219c8a1dff97c8cea851e27ecdbc3864408792d56c,org.apache.commons,commons-text,1.14.0,mvn,mvn,21,https://github.com/apache/commons-text.git,rel/commons-text-${version},,mvn clean verify -DskipTests -Dgpg.skip -Dmaven.javadoc.skip -Dbuildinfo.ignore=,,true,false,DISCOVERED,pilot-primary
RCM-06669,content/org/apache/cxf/xjc-utils/xjc-utils-3.3.4.buildspec,ec6517675a9f0fdf8d8f01acbfc404fad4f9c2b39a8d8b733d89e5e3eea8a8fc,org.apache.cxf.xjc-utils,xjc-utils,3.3.4,mvn-3.9.3,mvn-3.9.3,11,https://github.com/apache/cxf-${artifactId}.git,${artifactId}-${version},,mvn -Papache-release clean package -DskipTests -Dmaven.javadoc.skip -Dgpg.skip,,true,false,DISCOVERED,pilot-primary
RCM-06692,content/org/apache/directory/scimple/scimple-1.0.0-M1.buildspec,7518d707f6aa9301059d1711b96cf56df4b1a14007ff1e9985d0c6d4e8f394b0,org.apache.directory.scimple,scimple,1.0.0-M1,mvn-3.9.4,mvn-3.9.4,17,https://github.com/apache/directory-scimple.git,${version},,mvn -Papache-release clean package -DskipTests -Dmaven.javadoc.skip -Dgpg.skip,,true,false,DISCOVERED,pilot-primary
RCM-06695,content/org/apache/drill/drill-1.21.1.buildspec,38e550b128c47f4e5ed418a8f88ef74214f7eaffe9ab0790528b99f24cfc1ab7,org.apache.drill,drill-root,1.21.1,mvn,mvn,17,https://github.com/apache/drill.git,drill-${version},,mvn -Papache-release clean package -DskipTests -Dmaven.javadoc.skip -Dgpg.skip,,true,false,DISCOVERED,pilot-primary
RCM-06720,content/org/apache/dubbo/dubbo-3.0.13.buildspec,8a36cdc2f60beb93275c393f4281501de738fdede80ca028f4aec326cbbde42a,org.apache.dubbo,dubbo,3.0.13,mvn-3.9.3,mvn-3.9.3,8,https://github.com/apache/${artifactId}.git,${artifactId}-${version},,mvn -Prelease clean verify -DskipTests -Dmaven.javadoc.skip -Dgpg.skip,,true,false,DISCOVERED,pilot-primary
RCM-06791,content/org/apache/felix/maven-bundle-plugin/maven-bundle-plugin-5.1.5.buildspec,b79378d1e0f05360e44e38450bce7f0bb380b03ce638381b4300ba7158cea419,org.apache.felix,maven-bundle-plugin,5.1.5,mvn,mvn,8,https://github.com/apache/felix-dev.git,${artifactId}-${version},,mvn -f ${root} -Papache-release clean package -DskipTests -Dmaven.javadoc.skip -Dgpg.skip,,true,false,DISCOVERED,pilot-primary
RCM-06787,content/org/apache/felix/features/felix-features-1.0.2.buildspec,2040237d93e00de138891dc54bed77f464795a2230ca79a56bf1b910ab4bf131,org.apache.felix,org.apache.felix.feature,1.0.2,mvn,mvn,11,https://github.com/apache/felix-dev.git,${artifactId}-${version},,mvn -f ${root} -Papache-release clean package -DskipTests -Dmaven.javadoc.skip -Dgpg.skip,,true,false,DISCOVERED,pilot-primary
RCM-06788,content/org/apache/felix/http/parent/felix-http-parent-13.buildspec,0e03fea98fd6e1c9984756c281f0d7b8d0f4bac606e715cdd53370b2d021c467,org.apache.felix,org.apache.felix.http.parent,13,mvn,mvn,8,https://github.com/apache/felix-dev.git,${artifactId}-${version},,mvn -f ${root} -Papache-release clean package -DskipTests -Dmaven.javadoc.skip -Dgpg.skip,,true,false,DISCOVERED,pilot-primary
RCM-06809,content/org/apache/flink/flink-kubernetes-operator/flink-kubernetes-operator-1.14.0.buildspec,15d023cd02708e2d2723dd5d22cf3f4d8af8dfacc6b74f2da7f1db5d3cdb2ff9,org.apache.flink,flink-kubernetes-operator-parent,1.14.0,mvn,mvn,17,https://github.com/apache/flink-kubernetes-operator.git,release-${version},,mvn -Papache-release clean package -DskipTests -Dmaven.javadoc.skip -Dgpg.skip,,true,false,DISCOVERED,pilot-primary
RCM-06816,content/org/apache/helix/helix-1.3.1.buildspec,b7e218f58df3a5ba7a2a12e9b4cb6271f62b3d2dcb3f1007b0abf55dee56a9f4,org.apache.helix,helix,1.3.1,mvn,mvn,11,https://github.com/apache/${artifactId}.git,${artifactId}-${version},,SHELL mvn -Papache-release clean package -DskipTests -Dmaven.javadoc.skip -Dgpg.skip,,false,true,DISCOVERED,pilot-primary
RCM-06828,content/org/apache/hive/hive-4.1.0.buildspec,667384845a51e12cdadfee90075e793714ca0c6c696c6d07df2ef0d999c64e09,org.apache.hive,hive,4.1.0,mvn-3.9.6,mvn-3.9.6,17,https://github.com/apache/${artifactId}.git,rel/release-${version},,mvn -Papache-release clean package -DskipTests -Dmaven.javadoc.skip -Dgpg.skip,,true,false,DISCOVERED,pilot-primary
RCM-06900,content/org/apache/jackrabbit/oak/jackrabbit-oak-1.84.0.buildspec,21287bd7999555cea0022275691dad6c88033e5127f8a2ff34c0d19ac7ee79fa,org.apache.jackrabbit,jackrabbit-oak,1.84.0,mvn-3.9.11,mvn-3.9.11,11,https://github.com/apache/${artifactId}.git,${artifactId}-${version},,mvn -Papache-release package -DskipTests -Dmaven.javadoc.skip -Dgpg.skip,,true,false,DISCOVERED,pilot-primary
RCM-06909,content/org/apache/jdo/jdo-3.2.buildspec,1264ed79e8c2d3905a4d78de1fd65a36a307558551e71c753659a393a7f1d6cd,org.apache.jdo,jdo,3.2,mvn,mvn,8,https://github.com/apache/db-jdo.git,v${version},https://repo.maven.apache.org/maven2/org/apache/jdo/${version}/jdo-${version}-source-release.zip,mvn -Papache-release clean package -DskipTests -Dmaven.javadoc.skip -Dgpg.skip,,true,false,DISCOVERED,pilot-primary
RCM-06940,content/org/apache/johnzon/johnzon-2.0.2.buildspec,3abf4ba668e9abf6e77f4d17f83e3212169e28741d34b5571b80653a92bed217,org.apache.johnzon,johnzon,2.0.2,mvn,mvn,17,https://github.com/apache/johnzon.git,v${version},,mvn -Papache-release clean package -DskipTests -Dmaven.javadoc.skip -Dgpg.skip,,true,false,DISCOVERED,pilot-primary
RCM-06943,content/org/apache/jspwiki/jspwiki-2.11.0.M7.buildspec,7b561f1f4547f8ca815362774a3df7e669f35ea325a203e0c96bdf5e05073170,org.apache.jspwiki,jspwiki-builder,2.11.0.M7,mvn,mvn,8,https://github.com/apache/jspwiki.git,${version},,mvn -Papache-release clean package -DskipTests -Dmaven.javadoc.skip -Dgpg.skip,,true,false,DISCOVERED,pilot-primary
RCM-06953,content/org/apache/karaf/cellar/cellar-4.4.8.buildspec,e4f790b546c2791be15b30859329958f643026aee072964c09b19c39246bdb71,org.apache.karaf,cellar,4.4.8,mvn,mvn,11,https://github.com/apache/karaf-${artifactId}.git,${artifactId}-${version},,"mvn -Prelease,deploy clean package -DskipTests -Dmaven.javadoc.skip -Dgpg.skip -Dbuildinfo.skipModules=",,true,false,DISCOVERED,pilot-primary
RCM-06957,content/org/apache/karaf/decanter/karaf-decanter-2.9.0.buildspec,dc657afd700f4e865dddc5d181fd65db265764597896013e3ea15af941187e3c,org.apache.karaf,decanter,2.9.0,mvn,mvn,8,https://github.com/apache/karaf-${artifactId}.git,${artifactId}-${version},,mvn -Papache-release clean package -DskipTests -Dmaven.javadoc.skip -Dgpg.skip,,true,false,DISCOVERED,pilot-primary
RCM-06971,content/org/apache/karaf/minho/minho-0.1.buildspec,13b090e22364c07de7797d20587ceb13bfe0c0eddfa66ee685ad4fa47997ca8a,org.apache.karaf.minho,minho,0.1,mvn,mvn,11,https://github.com/apache/karaf-${artifactId}.git,${artifactId}-${version},,mvn -Papache-release clean package -DskipTests -Dmaven.javadoc.skip -Dgpg.skip,,true,false,DISCOVERED,pilot-primary
RCM-06972,content/org/apache/logging/log4j/log4j-jmx-gui/log4j-jmx-gui-2.22.0.buildspec,3cf25cc73438c20cc9bc1c7de29f70dd8b653d4211220055bdf5150a2efb2231,org.apache.logging.log4j,log4j-jmx-gui,2.22.0,mvn,mvn,17,https://github.com/apache/logging-log4j-jmx-gui.git,rel/${version},,mvn -Prelease clean package -DskipTests -Dmaven.javadoc.skip -Dgpg.skip,,true,false,DISCOVERED,pilot-primary
RCM-07010,content/org/apache/logging/log4j/transform/log4j-transform-0.2.0.buildspec,a9682d77f5af5a7836136f5344b563ddd71816da14897b93a6e0bc0cba530d1a,org.apache.logging.log4j,log4j-transform-bom,0.2.0,mvn-3.9.8,mvn-3.9.8,17,https://github.com/apache/logging-log4j-transform.git,rel/${version},,mvn -Prelease clean package -DskipTests -Dmaven.javadoc.skip -Dgpg.skip,,true,false,DISCOVERED,pilot-primary
RCM-07151,content/org/apache/maven/maven/maven-4.0.0-alpha-2.buildspec,b62d416651a755946c996c6eca05cca18504e0ca04442b3e1bed34b93fa1f516,org.apache.maven,maven,4.0.0-alpha-2,mvn,mvn,8,https://github.com/apache/${artifactId}.git,${artifactId}-${version},https://archive.apache.org/dist/maven/maven-4/${version}/source/apache-maven-${version}-src.zip,mvn -Papache-release clean package -DskipTests -Dmaven.javadoc.skip -Dgpg.skip -DbuildNumber=${buildNumber},,true,false,DISCOVERED,pilot-primary
RCM-07177,content/org/apache/maven/parent/maven-parent-45.buildspec,ffdea6a0ec93a86f2039dddab67365b8a49b061e130c319f108bdd119d1d6cf3,org.apache.maven,maven-parent,45,mvn,mvn,17,https://github.com/apache/${artifactId}.git,${artifactId}-${version},,mvn -Papache-release clean package -DskipTests -Dmaven.javadoc.skip -Dgpg.skip,,true,false,DISCOVERED,pilot-primary
RCM-07031,content/org/apache/maven/archetype/archetype-3.2.0.buildspec,456e77132cbc4721700e850856c109b476711bc44885c8764058c25d26b1ab06,org.apache.maven.archetype,maven-archetype,3.2.0,mvn,mvn,8,https://github.com/apache/${artifactId}.git,${artifactId}-${version},,mvn -Papache-release clean package -DskipTests -Dmaven.javadoc.skip -Dgpg.skip,,true,false,DISCOVERED,pilot-primary
RCM-07075,content/org/apache/maven/doxia/doxia-sitetools/doxia-sitetools-2.0.0-M8.buildspec,29a950e9c5e3e9db5c542d4968c9d8df47a875d81b53a1b5ead3adc2f69f030f,org.apache.maven.doxia,doxia-sitetools,2.0.0-M8,mvn,mvn,8,https://github.com/apache/maven-${artifactId}.git,${artifactId}-${version},https://archive.apache.org/dist/maven/doxia/${artifactId}-${version}-source-release.zip,mvn -Papache-release clean package -DskipTests -Dmaven.javadoc.skip -Dgpg.skip,,true,false,DISCOVERED,pilot-primary
RCM-07084,content/org/apache/maven/enforcer/maven-enforcer-plugin-3.6.0.buildspec,07b01996d177ac665d5baa69eacc8ae933e409457378c6fb2c43bb8efe66fbb3,org.apache.maven.enforcer,enforcer,3.6.0,mvn-3.9.9,mvn-3.9.9,21,https://github.com/apache/maven-${artifactId}.git,${artifactId}-${version},,mvn -Papache-release clean package -DskipTests -Dmaven.javadoc.skip -Dgpg.skip,,true,false,DISCOVERED,pilot-primary
RCM-07090,content/org/apache/maven/extensions/maven-build-cache-extension/maven-build-cache-extension-1.0.1.buildspec,80e27a19efd8718ffe31b4ac4cdc90bf689604ecaf03ceb26c436ad2b34e4697,org.apache.maven.extensions,maven-build-cache-extension,1.0.1,mvn-3.9.3,mvn-3.9.3,11,https://github.com/apache/maven-build-cache-extension.git,${artifactId}-${version},,mvn -Papache-release clean package -DskipTests -Dmaven.javadoc.skip -Dgpg.skip,,true,false,DISCOVERED,pilot-primary
RCM-07107,content/org/apache/maven/indexer/maven-indexer-7.1.2.buildspec,5586e32178da899a695b61515292033b6b3cf18e07fd9e4689cf9e939553d243,org.apache.maven.indexer,maven-indexer,7.1.2,mvn-3.9.1,mvn-3.9.1,21,https://github.com/apache/${artifactId}.git,${artifactId}-${version},,mvn -Papache-release clean package -DskipTests -Dmaven.javadoc.skip -Dgpg.skip,,true,false,DISCOVERED,pilot-primary
RCM-07489,content/org/apache/maven/plugin-testing/maven-plugin-testing/maven-plugin-testing-4.0.0-beta-4.buildspec,22bc1be85bc2dc91bf24be61bb4b777cb2648b6d04af0ae4862c9fdf17f2ade7,org.apache.maven.plugin-testing,maven-plugin-testing,4.0.0-beta-4,mvn-4.0.0-rc-3,mvn-4.0.0-rc-3,21,https://gitbox.apache.org/repos/asf/maven-plugin-testing.git,v${version},,mvn -Papache-release clean package -DskipTests -Dmaven.javadoc.skip -Dgpg.skip,,true,false,DISCOVERED,pilot-primary
RCM-07502,content/org/apache/maven/plugin-tools/maven-plugin-tools/maven-plugin-tools-3.6.4.buildspec,ad3815c4351f0aec05941d98a1fbc406df6382c18ced3eddc35f8ffd0eeea387,org.apache.maven.plugin-tools,maven-plugin-tools,3.6.4,mvn,mvn,8,https://github.com/apache/${artifactId}.git,${artifactId}-${version},,mvn -Papache-release clean package -DskipTests -Dmaven.javadoc.skip -Dgpg.skip,,true,false,DISCOVERED,pilot-primary
RCM-07196,content/org/apache/maven/plugins/maven-artifact-plugin/maven-artifact-plugin-3.6.0.buildspec,3cb4f525960d8e9a74af085f1c24d9906f3a470ee8949c5ad2795127781b96bd,org.apache.maven.plugins,maven-artifact-plugin,3.6.0,mvn,mvn,11,https://github.com/apache/${artifactId}.git,${artifactId}-${version},,mvn -Papache-release clean package -Dmaven.javadoc.skip -Dgpg.skip,,true,false,DISCOVERED,pilot-primary
RCM-07203,content/org/apache/maven/plugins/maven-assembly-plugin/maven-assembly-plugin-3.6.0.buildspec,e5012d17cc43afbc68e78878437411300cee68702eedf134820fbc011bb258cf,org.apache.maven.plugins,maven-assembly-plugin,3.6.0,mvn,mvn,17,https://github.com/apache/${artifactId}.git,${artifactId}-${version},,mvn -Papache-release clean package -DskipTests -Dmaven.javadoc.skip -Dgpg.skip,,true,false,DISCOVERED,pilot-primary
RCM-07208,content/org/apache/maven/plugins/maven-changelog-plugin/maven-changelog-plugin-3.0.0-M2.buildspec,5d58c6895308944d35f37672a916f2a696973e03a117f0ba6b9889cef12e6398,org.apache.maven.plugins,maven-changelog-plugin,3.0.0-M2,mvn-3.9.12,mvn-3.9.12,25,https://github.com/apache/${artifactId}.git,${artifactId}-${version},,mvn -Papache-release clean package -DskipTests -Dmaven.javadoc.skip -Dgpg.skip,,true,false,DISCOVERED,pilot-primary
RCM-07217,content/org/apache/maven/plugins/maven-checkstyle-plugin/maven-checkstyle-plugin-3.3.0.buildspec,65bad87c6d0a3e91e35df162fe25be4860904a106d191fafe112458c0e83d27a,org.apache.maven.plugins,maven-checkstyle-plugin,3.3.0,mvn,mvn,8,https://github.com/apache/${artifactId}.git,${artifactId}-${version},,mvn -Papache-release clean package -DskipTests -Dmaven.javadoc.skip -Dgpg.skip,,true,false,DISCOVERED,pilot-primary
RCM-07229,content/org/apache/maven/plugins/maven-clean-plugin/maven-clean-plugin-4.0.0-beta-2.buildspec,a3d62e3039592cede0848f8170c832910df889741d63f2910edecaf6eccb061c,org.apache.maven.plugins,maven-clean-plugin,4.0.0-beta-2,mvn-4.0.0-rc-2,mvn-4.0.0-rc-2,21,https://github.com/apache/${artifactId}.git,${artifactId}-${version},,mvn -Papache-release clean package -DskipTests -Dmaven.javadoc.skip -Dgpg.skip,,true,false,DISCOVERED,pilot-primary
RCM-07254,content/org/apache/maven/plugins/maven-dependency-plugin/maven-dependency-plugin-3.7.1.buildspec,e062bafe85d007231236487f6ada3b479d8cca1a9df4be2b9e185b8c118fef87,org.apache.maven.plugins,maven-dependency-plugin,3.7.1,mvn,mvn,21,https://github.com/apache/${artifactId}.git,${artifactId}-${version},,mvn -Papache-release clean package -DskipTests -Dmaven.javadoc.skip -Dgpg.skip,,true,false,DISCOVERED,pilot-primary
RCM-07268,content/org/apache/maven/plugins/maven-docck-plugin/maven-docck-plugin-1.2.buildspec,edc258d9a90595f203790d19a188c07bc75e24876ed036fbafb6287bf6139492,org.apache.maven.plugins,maven-docck-plugin,1.2,mvn,mvn,8,https://github.com/apache/maven-docck-plugin.git,${artifactId}-${version},,mvn -Papache-release clean package -DskipTests -Dmaven.javadoc.skip -Dgpg.skip,,true,false,DISCOVERED,pilot-primary
RCM-07273,content/org/apache/maven/plugins/maven-ejb-plugin/maven-ejb-plugin-3.1.0.buildspec,555fd6e1aa228d292c55db7ba9f6370156f512f3a621f649d227ac0b66ac60f1,org.apache.maven.plugins,maven-ejb-plugin,3.1.0,mvn,mvn,8,https://github.com/apache/${artifactId}.git,${artifactId}-${version},,mvn -Papache-release clean package -DskipTests -Dmaven.javadoc.skip -Dgpg.skip,,true,false,DISCOVERED,pilot-primary
RCM-07309,content/org/apache/maven/plugins/maven-invoker-plugin/maven-invoker-plugin-3.6.0.buildspec,584e397c93972fcb7de0c2581f5bbad399307c53b540541f891c485a961a1ef9,org.apache.maven.plugins,maven-invoker-plugin,3.6.0,mvn,mvn,8,https://github.com/apache/${artifactId}.git,${artifactId}-${version},,mvn -Papache-release clean package -DskipTests -Dmaven.javadoc.skip -Dgpg.skip,,true,false,DISCOVERED,pilot-primary
RCM-07348,content/org/apache/maven/plugins/maven-jlink-plugin/maven-jlink-plugin-3.2.0.buildspec,83ebabda68bd0bf3be16da62c445fe995f41bdee0265a1b6c014153c3a131071,org.apache.maven.plugins,maven-jlink-plugin,3.2.0,mvn,mvn,21,https://github.com/apache/${artifactId}.git,${artifactId}-${version},,mvn -Papache-release clean package -DskipTests -Dmaven.javadoc.skip -Dgpg.skip,,true,false,DISCOVERED,pilot-primary
RCM-07351,content/org/apache/maven/plugins/maven-patch-plugin/maven-patch-plugin-1.3.buildspec,ea2fbc0d2b489a2c700b7339cf747f7a4c72db70454b65dcaa05ca7e94193126,org.apache.maven.plugins,maven-patch-plugin,1.3,mvn,mvn,21,https://github.com/apache/${artifactId}.git,${artifactId}-${version},,mvn -Papache-release clean package -DskipTests -Dmaven.javadoc.skip -Dgpg.skip,,true,false,DISCOVERED,pilot-primary
RCM-07392,content/org/apache/maven/plugins/maven-rar-plugin/maven-rar-plugin-3.1.0.buildspec,a1b26564df74dc23fe5d4d88c9653cdb283bd78da0b67bbd1c4fefb7214cb7fc,org.apache.maven.plugins,maven-rar-plugin,3.1.0,mvn,mvn,21,https://github.com/apache/${artifactId}.git,${artifactId}-${version},,mvn -Papache-release clean package -DskipTests -Dmaven.javadoc.skip -Dgpg.skip,,true,false,DISCOVERED,pilot-primary
RCM-07404,content/org/apache/maven/plugins/maven-release-plugin/maven-release-plugin-3.3.1.buildspec,fcbd1fd48042e36aad1deb2581f780031523274da559db0200702cba229f9c02,org.apache.maven.plugins,maven-release-plugin,3.3.1,mvn,mvn,21,https://github.com/apache/${baseArtifactId}.git,${baseArtifactId}-${version},https://archive.apache.org/dist/maven/release/maven-release-${version}-source-release.zip,mvn -Papache-release clean package -DskipTests -Dmaven.javadoc.skip -Dgpg.skip,,true,false,DISCOVERED,pilot-primary
RCM-07408,content/org/apache/maven/plugins/maven-remote-resources-plugin/maven-remote-resources-plugin-3.3.0.buildspec,96f3cefaad5dfa1f79e335d0f6f7657a5550115b526aede07642bd44c60342e5,org.apache.maven.plugins,maven-remote-resources-plugin,3.3.0,mvn-4.0.0-rc-2,mvn-4.0.0-rc-2,21,https://github.com/apache/${artifactId}.git,${artifactId}-${version},,mvn -Papache-release clean package -DskipTests -Dmaven.javadoc.skip -Dgpg.skip -Dbuildinfo.ignore=,,true,false,DISCOVERED,pilot-primary
RCM-07410,content/org/apache/maven/plugins/maven-resources-plugin/maven-resources-plugin-3.3.0.buildspec,9e0a70356dd2910a830bab4068b57b2d3f794006f067766db3f97e52104ce4e1,org.apache.maven.plugins,maven-resources-plugin,3.3.0,mvn,mvn,8,https://github.com/apache/${artifactId}.git,${artifactId}-${version},,mvn -Papache-release clean package -DskipTests -Dmaven.javadoc.skip -Dgpg.skip,,true,false,DISCOVERED,pilot-primary
RCM-07460,content/org/apache/maven/plugins/maven-source-plugin/maven-source-plugin-3.3.1.buildspec,5aa4130e1db6cc580100b8ec093797d472c2211b3f655c2c5f19101a51e7ae26,org.apache.maven.plugins,maven-source-plugin,3.3.1,mvn,mvn,11,https://github.com/apache/${artifactId}.git,${artifactId}-${version},,mvn -Papache-release clean package -DskipTests -Dmaven.javadoc.skip -Dgpg.skip,,true,false,DISCOVERED,pilot-primary
RCM-07516,content/org/apache/maven/reporting/maven-reporting-api/maven-reporting-api-4.0.0-M1.buildspec,efe8fcc133b0e847764c27d70ba85f3acd68fac9556054f28da13bdab923a62d,org.apache.maven.reporting,maven-reporting-api,4.0.0-M1,mvn,mvn,8,https://github.com/apache/${artifactId}.git,${artifactId}-${version},,mvn -Papache-release clean package -DskipTests -Dmaven.javadoc.skip -Dgpg.skip,,true,false,DISCOVERED,pilot-primary
RCM-07533,content/org/apache/maven/reporting/maven-reporting-exec/maven-reporting-exec-2.0.0-M1.buildspec,76c9335a83a2df5fd17996803efe47bf2ed7ad26985d2878842364c45ed3f005,org.apache.maven.reporting,maven-reporting-exec,2.0.0-M1,mvn,mvn,8,https://github.com/apache/${artifactId}.git,${artifactId}-${version},,mvn -Papache-release clean package -DskipTests -Dmaven.javadoc.skip -Dgpg.skip,,true,false,DISCOVERED,pilot-primary
RCM-07567,content/org/apache/maven/resolver/maven-resolver-ant-tasks/maven-resolver-ant-tasks-1.5.2.buildspec,507226c81724c9f0d50ac6041daf4d7c3083735323b0f4d22e45378493d70457,org.apache.maven.resolver,maven-resolver-ant-tasks,1.5.2,mvn-4.0.0-rc-2,mvn-4.0.0-rc-2,21,https://github.com/apache/${artifactId}.git,${artifactId}-${version},,mvn -Papache-release clean package -DskipTests -Dmaven.javadoc.skip -Dgpg.skip,,true,false,DISCOVERED,pilot-primary
RCM-07644,content/org/apache/maven/scm/maven-scm-2.0.1.buildspec,34402b9aa3ecd77f4184f2d67522ab7f8a9e3a4811989491762b0fad4d7e138b,org.apache.maven.scm,maven-scm,2.0.1,mvn,mvn,17,https://github.com/apache/${artifactId}.git,${artifactId}-${version},https://archive.apache.org/dist/maven/scm/${artifactId}-${version}-source-release.zip,mvn -Papache-release clean package -DskipTests -Dmaven.javadoc.skip -Dgpg.skip -Dspotless.check.skip,,true,false,DISCOVERED,pilot-primary
RCM-07660,content/org/apache/maven/shared/maven-archiver/maven-archiver-4.0.0-beta-4.buildspec,b1ee7b27e0f058dfd11104f4788106affd41ebf41292f7fc3ffeaba0d139804b,org.apache.maven.shared,maven-archiver,4.0.0-beta-4,mvn-3.9.11,mvn-3.9.11,21,https://github.com/apache/${artifactId}.git,${artifactId}-${version},,mvn -Papache-release clean package -DskipTests -Dmaven.javadoc.skip -Dgpg.skip,,true,false,DISCOVERED,pilot-primary
RCM-07668,content/org/apache/maven/shared/maven-common-artifact-filters/maven-common-artifact-filters-3.4.0.buildspec,f2cd68e94d10409d1551d9af3ae839da944d58f68e846c3e1d25ad6b9f70c9b2,org.apache.maven.shared,maven-common-artifact-filters,3.4.0,mvn,mvn,8,https://github.com/apache/${artifactId}.git,${artifactId}-${version},,mvn -Papache-release clean package -DskipTests -Dmaven.javadoc.skip -Dgpg.skip,,true,false,DISCOVERED,pilot-primary
RCM-07692,content/org/apache/maven/shared/maven-filtering/maven-filtering-3.5.0.buildspec,ca2d7056e9fbfc8dcaf7b2f854d75cd49513bcdf9d9f6ac99e64359fd750e779,org.apache.maven.shared,maven-filtering,3.5.0,mvn-3.9.12,mvn-3.9.12,21,https://github.com/apache/${artifactId}.git,${artifactId}-${version},,mvn -Papache-release clean package -DskipTests -Dmaven.javadoc.skip -Dgpg.skip,,true,false,DISCOVERED,pilot-primary
RCM-07697,content/org/apache/maven/shared/maven-invoker/maven-invoker-3.3.0.buildspec,f93ac438e0cde86d554f8bca058c81a4f0d10bd5cb7d3950bcca647cd509f93c,org.apache.maven.shared,maven-invoker,3.3.0,mvn,mvn,21,https://github.com/apache/${artifactId}.git,${artifactId}-${version},,mvn -Papache-release clean package -DskipTests -Dmaven.javadoc.skip -Dgpg.skip,,true,false,DISCOVERED,pilot-primary
RCM-07711,content/org/apache/maven/shared/maven-shared-resources/maven-shared-resources-6.buildspec,1aad5411864d8e98c6f6e605f88d2a26729589d97f2abf49a68b3866485aa453,org.apache.maven.shared,maven-shared-resources,6,mvn,mvn,21,https://github.com/apache/${artifactId}.git,${artifactId}-${version},,mvn -Papache-release clean package -DskipTests -Dmaven.javadoc.skip -Dgpg.skip,,true,false,DISCOVERED,pilot-primary
RCM-07714,content/org/apache/maven/shared/maven-shared-utils/maven-shared-utils-3.4.2.buildspec,95bc02f0b234ae247145f68ad945953f6cc7100db6e4f1fd25383c57df1a9eb2,org.apache.maven.shared,maven-shared-utils,3.4.2,mvn,mvn,17,https://github.com/apache/${artifactId}.git,${artifactId}-${version},,mvn -Papache-release clean package -DskipTests -Dmaven.javadoc.skip -Dgpg.skip,,true,false,DISCOVERED,pilot-primary
RCM-07480,content/org/apache/maven/plugins/maven-wrapper-plugin/wrapper-3.3.3.buildspec,86b37f4f6cd38a4b74ef4c8cb51606a1dd769b3d525bacaa80676d89e99a39c8,org.apache.maven.wrapper,maven-wrapper,3.3.3,mvn,mvn,21,https://github.com/apache/maven-wrapper.git,${artifactId}-${version},,mvn -Papache-release clean package -DskipTests -Dmaven.javadoc.skip -Dgpg.skip -Dspotless.skip,,true,false,DISCOVERED,pilot-primary
RCM-07830,content/org/apache/nifi/nifi/nifi-1.20.0.buildspec,e590fbb2a546c59d5bfd8f38a444023a24c312d6021172d5655809099a62a26d,org.apache.nifi,nifi,1.20.0,mvn,mvn,8,https://github.com/apache/${artifactId}.git,rel/${artifactId}-${version},,SHELL export LC_ALL=en_US.UTF-8 ; MAVEN_OPTS=,,false,true,DISCOVERED,pilot-primary
RCM-07820,content/org/apache/nifi/nifi-nar-maven-plugin/nifi-nar-maven-plugin-2.2.0.buildspec,6e9f43d89a238004bb5518b1053648205a3adcf32a4f1954e9892d89ab8d28d7,org.apache.nifi,nifi-nar-maven-plugin,2.2.0,mvn-3.9.6,mvn-3.9.6,21,https://github.com/apache/nifi-maven.git,rel/${artifactId}-${version},,mvn -Papache-release clean package -DskipTests -Dmaven.javadoc.skip -Dgpg.skip,,true,false,DISCOVERED,pilot-primary
RCM-07902,content/org/apache/paimon/paimon-parent-0.6.0-incubating.buildspec,6eddfd6e5f3ad6ea77cc65c49ca5d91df046ad3c314fca96ff3268b65da0a2d9,org.apache.paimon,paimon-parent,0.6.0-incubating,mvn,mvn,8,https://github.com/apache/incubator-paimon.git,release-${version},,mvn -Papache-release clean package -DskipTests -Dmaven.javadoc.skip -Dgpg.skip -Dexec.skip,,true,false,DISCOVERED,pilot-primary
RCM-07917,content/org/apache/paimon/shade/paimon-shade-0.8.0.buildspec,fe5b1bfde3548f677e53d884636eb25e7f4e815811370aef2bd84df62046a25e,org.apache.paimon,paimon-shade,0.8.0,mvn-3.9.4,mvn-3.9.4,8,https://github.com/apache/incubator-paimon-shade.git,release-${version},,mvn -Prelease clean package -DskipTests -Dmaven.javadoc.skip -Dgpg.skip,,true,false,DISCOVERED,pilot-primary
RCM-07927,content/org/apache/plc4x/plc4x/plc4x-0.13.0.buildspec,d3b9f603b8f7d23e4ea0cda65d7676e1b863abc41e0bcb33ed058fbcae810d88,org.apache.plc4x,plc4x-parent,0.13.0,mvn-3.9.11,mvn-3.9.11,21,https://github.com/apache/plc4x.git,v${version},,"SHELL mvn -Papache-release,with-c,with-dotnet,with-java,update-generated-code,with-go,with-python clean verify -DskipTests -Dmaven.javadoc.skip -Dskip-pgp-signing",,false,true,DISCOVERED,pilot-primary
RCM-08000,content/org/apache/qpid/protonj2/protonj2-1.0.0-M11.buildspec,6c97278cf7c54a2c399df9442a65f68e4cf24120aa8fb0a84025faf2ea4efe23,org.apache.qpid,protonj2-parent,1.0.0-M11,mvn,mvn,11,https://github.com/apache/qpid-protonj2.git,${version},,mvn -Papache-release clean package -DskipTests -Dmaven.javadoc.skip -Dgpg.skip,,true,false,DISCOVERED,pilot-primary
RCM-07997,content/org/apache/qpid/jms/qpid-jms-2.9.0.buildspec,96239c9afc18b5ca695b99b54e868cea8539526528a9af9076cacf443fdfb508,org.apache.qpid,qpid-jms-parent,2.9.0,mvn,mvn,21,https://github.com/apache/qpid-jms.git,${version},,mvn -Papache-release clean package -DskipTests -Dmaven.javadoc.skip -Dgpg.skip,,true,false,DISCOVERED,pilot-primary
RCM-08044,content/org/apache/royale/compiler/royale-compiler-0.9.9.buildspec,f56c011d9ab585c71c66d4b5eedcd42f3116085582fbb130386f65c17ac69189,org.apache.royale.compiler,compiler,0.9.9,mvn,mvn,8,https://github.com/apache/royale-compiler.git,apache-royale-${version},,"mvn -Papache-release,royale-release clean verify -DskipTests -Dmaven.javadoc.skip -Dgpg.skip",,true,false,DISCOVERED,pilot-primary
RCM-08048,content/org/apache/royale/framework/royale-framework-0.9.8.buildspec,1adefbf8679890c715cad7a2e4c1d72fd6edbde979e02badb79035e5542b6f12,org.apache.royale.framework,royale-framework-parent,0.9.8,mvn-3.9.9,mvn-3.9.9,8,https://github.com/apache/royale-asjs.git,apache-royale-${version},,"mvn -Papache-release,with-distribution,option-with-swf clean verify -DskipTests -Dmaven.javadoc.skip -Dgpg.skip",,true,false,DISCOVERED,pilot-primary
RCM-08050,content/org/apache/royale/typedefs/royale-typedefs-0.9.12.buildspec,7de055fcb0e70b6af55e38966f9b1b17c3b618a51b914c996de9174ef82f9d61,org.apache.royale.typedefs,royale-typedefs-parent,0.9.12,mvn,mvn,17,https://github.com/apache/royale-typedefs.git,apache-royale-${version},,"mvn -Papache-release,royale-release clean verify -DskipTests -Dmaven.javadoc.skip -Dgpg.skip",,true,false,DISCOVERED,pilot-primary
RCM-08083,content/org/apache/shiro/shiro-2.1.0.buildspec,b534794e6abf81981c381ebcfffe1c076d7ec7a5561126861e860b108a7ff05c,org.apache.shiro,shiro-root,2.1.0,mvn-3.9.11,mvn-3.9.11,21,https://github.com/apache/shiro.git,${artifactId}-${version},,"mvn -Papache-release,skip_jakarta_ee_tests clean package -DskipTests -Dmaven.javadoc.skip -Dgpg.skip -Dmaven.test.skip",,true,false,DISCOVERED,pilot-primary
RCM-08094,content/org/apache/sling/feature-launcher-maven-plugin/feature-launcher-maven-plugin-1.0.4.buildspec,bf91aced42764d319711f509ad67ed79359a3012d8df9cf4cd9e859f1ecb406e,org.apache.sling,feature-launcher-maven-plugin,1.0.4,mvn,mvn,21,https://github.com/apache/sling-${artifactId}.git,${artifactId}-${version},,mvn -Papache-release clean package -DskipTests -Dmaven.javadoc.skip -Dgpg.skip,,true,false,DISCOVERED,pilot-primary
RCM-08095,content/org/apache/sling/htl-maven-plugin/htl-maven-plugin-2.0.4-1.4.0.buildspec,dbb43eb68cc3cffa91298c93ec4d0ed44a9cdffed81df6c7a5f33aa4185f4b8c,org.apache.sling,htl-maven-plugin,2.0.4-1.4.0,mvn,mvn,11,https://github.com/apache/sling-${artifactId}.git,${artifactId}-${version},,mvn -Papache-release clean package -DskipTests -Dmaven.javadoc.skip -Dgpg.skip,,true,false,DISCOVERED,pilot-primary
RCM-08097,content/org/apache/sling/jspc-maven-plugin/jspc-maven-plugin-2.3.4.buildspec,97d0cfe18276e19f2e4ef1f144cf5828ceb0ba76b075e4bbb61f7936c19d81b6,org.apache.sling,jspc-maven-plugin,2.3.4,mvn,mvn,11,https://github.com/apache/sling-${artifactId}.git,${artifactId}-${version},,mvn -Papache-release clean package -DskipTests -Dmaven.javadoc.skip -Dgpg.skip,,true,false,DISCOVERED,pilot-primary
RCM-08115,content/org/apache/sling/org.apache.sling.api/org.apache.sling.api-3.0.2.buildspec,1427b7e8dc80157200d13aa55631f1b928a71f8a0c897b7afbf09e5df99dfaab,org.apache.sling,org.apache.sling.api,3.0.2,mvn-3.9.9,mvn-3.9.9,17,https://github.com/apache/sling-$(echo ${artifactId} | tr,${artifactId}-${version},,mvn -Papache-release clean package -DskipTests -Dmaven.javadoc.skip -Dgpg.skip,,true,false,DISCOVERED,pilot-primary
RCM-08122,content/org/apache/sling/org.apache.sling.auth.core/org.apache.sling.auth.core-2.0.2.buildspec,fe90dc997162ec04b6900262b75e91ea831503be31ae0247afc185929ed843ba,org.apache.sling,org.apache.sling.auth.core,2.0.2,mvn-3.9.9,mvn-3.9.9,17,https://github.com/apache/sling-$(echo ${artifactId} | tr,${artifactId}-${version},,mvn -Papache-release clean package -DskipTests -Dmaven.javadoc.skip -Dgpg.skip,,true,false,DISCOVERED,pilot-primary
RCM-08129,content/org/apache/sling/org.apache.sling.bundleresource.impl/org.apache.sling.bundleresource.impl-2.4.0.buildspec,b6dddc215157b0b3b48bebb34481e0591e1e41ac7de09a566dcd09122010126c,org.apache.sling,org.apache.sling.bundleresource.impl,2.4.0,mvn-3.9.9,mvn-3.9.9,17,https://github.com/apache/sling-$(echo ${artifactId} | tr,${artifactId}-${version},,mvn -Papache-release clean package -DskipTests -Dmaven.javadoc.skip -Dgpg.skip,,true,false,DISCOVERED,pilot-primary
RCM-08132,content/org/apache/sling/org.apache.sling.caconfig.impl/org.apache.sling.caconfig.impl-1.6.0.buildspec,a4ba732c54724c51b4969031b1b369d9cea2cbed27b109d750700c8d707c0366,org.apache.sling,org.apache.sling.caconfig.impl,1.6.0,mvn,mvn,11,https://github.com/apache/sling-$(echo ${artifactId} | tr,${artifactId}-${version},https://repo1.maven.org/maven2/org/apache/sling/${artifactId}/${version}/${artifactId}-${version}-source-release.zip,mvn -Papache-release clean package -DskipTests -Dmaven.javadoc.skip -Dgpg.skip,,true,false,DISCOVERED,pilot-primary
RCM-08138,content/org/apache/sling/org.apache.sling.cms/org.apache.sling.cms-1.1.8.buildspec,f68b2905b98e45d4a8f407cc01d08f234a229cf0ea340d66bb1318d6003155d3,org.apache.sling,org.apache.sling.cms,1.1.8,mvn,mvn,11,https://github.com/apache/sling-org-apache-sling-app-cms.git,${artifactId}-${version},,mvn -Papache-release clean package -DskipTests -Dmaven.javadoc.skip -Dgpg.skip,,true,false,DISCOVERED,pilot-primary
RCM-08139,content/org/apache/sling/org.apache.sling.commons.content.analyzing/org.apache.sling.commons.content.analyzing-1.0.0.buildspec,1a03cdc8226f64ed428ef64ed774fc17bb286cfaf7c2d2162867ace15e975221,org.apache.sling,org.apache.sling.commons.content.analyzing,1.0.0,mvn,mvn,11,https://github.com/apache/sling-$(echo ${artifactId} | tr,${artifactId}-${version},,mvn -Papache-release clean package -DskipTests -Dmaven.javadoc.skip -Dgpg.skip,,true,false,DISCOVERED,pilot-primary
RCM-08142,content/org/apache/sling/org.apache.sling.commons.crypto/org.apache.sling.commons.crypto-1.2.0.buildspec,e8cec4040e3224a38406fc02a6ef8e7003b18491b71c43c86ff5332f61846d9a,org.apache.sling,org.apache.sling.commons.crypto,1.2.0,mvn-3.9.12,mvn-3.9.12,17,https://github.com/apache/sling-$(echo ${artifactId} | tr,${artifactId}-${version},,mvn -Papache-release clean package -DskipTests -Dmaven.javadoc.skip -Dgpg.skip,,true,false,DISCOVERED,pilot-primary
RCM-08143,content/org/apache/sling/org.apache.sling.commons.johnzon/org.apache.sling.commons.johnzon-1.2.0.buildspec,3722966edac0e54afcf01cc9e2a29fc3978d34eb02c90514f5bddd6d189b30e8,org.apache.sling,org.apache.sling.commons.johnzon,1.2.0,mvn,mvn,8,https://github.com/apache/sling-$(echo ${artifactId} | tr,${artifactId}-${version},,mvn -Papache-release clean package -DskipTests -Dmaven.javadoc.skip -Dgpg.skip,,true,false,DISCOVERED,pilot-primary
RCM-08156,content/org/apache/sling/org.apache.sling.commons.log/org.apache.sling.commons.log-6.0.4.buildspec,bc00c470256dd0fda9f678ec9e845b34cc888a274362d16e2d7344dc42fc1f15,org.apache.sling,org.apache.sling.commons.log,6.0.4,mvn-3.9.9,mvn-3.9.9,17,https://github.com/apache/sling-$(echo ${artifactId} | tr,${artifactId}-${version},,mvn -Papache-release clean package -DskipTests -Dmaven.javadoc.skip -Dgpg.skip,,true,false,DISCOVERED,pilot-primary
RCM-08159,content/org/apache/sling/org.apache.sling.commons.logservice/org.apache.sling.commons.logservice-1.1.2.buildspec,433b4808ebf9a37fa50ed432b392b5e92adca69747d223a4897a8cafa64d4e90,org.apache.sling,org.apache.sling.commons.logservice,1.1.2,mvn-3.9.9,mvn-3.9.9,17,https://github.com/apache/sling-$(echo ${artifactId} | tr,${artifactId}-${version},,mvn -Papache-release clean package -DskipTests -Dmaven.javadoc.skip -Dgpg.skip,,true,false,DISCOVERED,pilot-primary
RCM-08163,content/org/apache/sling/org.apache.sling.commons.messaging/org.apache.sling.commons.messaging-1.0.2.buildspec,6c4a5aec3153dae5e79ea32f2e2a63950c35f1520b84c9fc45d49c7ffbe847f0,org.apache.sling,org.apache.sling.commons.messaging,1.0.2,mvn,mvn,11,https://github.com/apache/sling-$(echo ${artifactId} | tr,${artifactId}-${version},,mvn -Papache-release clean package -DskipTests -Dmaven.javadoc.skip -Dgpg.skip,,true,false,DISCOVERED,pilot-primary
RCM-08170,content/org/apache/sling/org.apache.sling.commons.threads/org.apache.sling.commons.threads-3.3.0.buildspec,a3d00546aba248d4d1c96f6e9a073751249e8900c4eb78138a916bf6e0df5a7e,org.apache.sling,org.apache.sling.commons.threads,3.3.0,mvn-3.9.9,mvn-3.9.9,11,https://github.com/apache/sling-$(echo ${artifactId} | tr,${artifactId}-${version},,mvn -Papache-release clean package -DskipTests -Dmaven.javadoc.skip -Dgpg.skip,,true,false,DISCOVERED,pilot-primary
RCM-08171,content/org/apache/sling/org.apache.sling.discovery.api/org.apache.sling.discovery.api-1.0.6.buildspec,f49132be57340971a545e6dbe507857e32213f6631e23721f5bf341fc7fe9766,org.apache.sling,org.apache.sling.discovery.api,1.0.6,mvn-3.9.9,mvn-3.9.9,17,https://github.com/apache/sling-$(echo ${artifactId} | tr,${artifactId}-${version},,mvn -Papache-release clean package -DskipTests -Dmaven.javadoc.skip -Dgpg.skip,,true,false,DISCOVERED,pilot-primary
RCM-08175,content/org/apache/sling/org.apache.sling.discovery.support/org.apache.sling.discovery.support-1.0.8.buildspec,183fa8f517d28acd81a42c32b41fc33b450eacd2a1b21cc2d0a3225159159fc1,org.apache.sling,org.apache.sling.discovery.support,1.0.8,mvn-3.9.9,mvn-3.9.9,11,https://github.com/apache/sling-$(echo ${artifactId} | tr,${artifactId}-${version},,mvn -Papache-release clean package -DskipTests -Dmaven.javadoc.skip -Dgpg.skip,,true,false,DISCOVERED,pilot-primary
RCM-08176,content/org/apache/sling/org.apache.sling.distribution.api/org.apache.sling.distribution.api-0.7.2.buildspec,8f7f53fc9861cb338e95406ee7d313e590b070b6f0ed1ca22f581b6c7097153c,org.apache.sling,org.apache.sling.distribution.api,0.7.2,mvn-3.9.9,mvn-3.9.9,21,https://github.com/apache/sling-$(echo ${artifactId} | tr,${artifactId}-${version},,mvn -Papache-release clean package -DskipTests -Dmaven.javadoc.skip -Dgpg.skip,,true,false,DISCOVERED,pilot-primary
RCM-08177,content/org/apache/sling/org.apache.sling.distribution.core/org.apache.sling.distribution.core-0.6.0.buildspec,dde538652a7d9ab3f72f61d123f5fc94973c44aa1abd0e0e36c6ce2ee95d174a,org.apache.sling,org.apache.sling.distribution.core,0.6.0,mvn-3.9.9,mvn-3.9.9,17,https://github.com/apache/sling-$(echo ${artifactId} | tr,${artifactId}-${version},,mvn -Papache-release clean package -DskipTests -Dmaven.javadoc.skip -Dgpg.skip,,true,false,DISCOVERED,pilot-primary
RCM-08187,content/org/apache/sling/org.apache.sling.distribution.journal/org.apache.sling.distribution.journal-0.1.26.buildspec,ad73194de09fee81993d1a195db7db9fc87790eb0d188b35ba2753485c1ee54b,org.apache.sling,org.apache.sling.distribution.journal,0.1.26,mvn,mvn,11,https://github.com/apache/sling-$(echo ${artifactId} | tr,${artifactId}-${version},,mvn -Papache-release clean package -DskipTests -Dmaven.javadoc.skip -Dgpg.skip,,true,false,DISCOVERED,pilot-primary
RCM-08207,content/org/apache/sling/org.apache.sling.engine/org.apache.sling.engine-2.16.0.buildspec,fcce93b8044015d11655994134839e1635982f9da45b2b8dcdf40cf65d178e66,org.apache.sling,org.apache.sling.engine,2.16.0,mvn-3.9.6,mvn-3.9.6,21,https://github.com/apache/sling-$(echo ${artifactId} | tr,${artifactId}-${version},,mvn -Papache-release clean package -DskipTests -Dmaven.javadoc.skip -Dgpg.skip,,true,false,DISCOVERED,pilot-primary
RCM-08219,content/org/apache/sling/org.apache.sling.event.dea/org.apache.sling.event.dea-1.1.6.buildspec,65373bd88282b917cd2043b362492b73a341bc4fe4e595a0101fc3e65535c286,org.apache.sling,org.apache.sling.event.dea,1.1.6,mvn-3.9.9,mvn-3.9.9,11,https://github.com/apache/sling-$(echo ${artifactId} | tr,${artifactId}-${version},,mvn -Papache-release clean package -DskipTests -Dmaven.javadoc.skip -Dgpg.skip,,true,false,DISCOVERED,pilot-primary
RCM-08234,content/org/apache/sling/org.apache.sling.extensions.webconsolebranding/org.apache.sling.extensions.webconsolebranding-1.0.4.buildspec,9b4a714594c5f25baefb8bd1fd5a610ba41d6c8a066291a37bfeb43ee246584b,org.apache.sling,org.apache.sling.extensions.webconsolebranding,1.0.4,mvn-3.9.9,mvn-3.9.9,17,https://github.com/apache/sling-$(echo ${artifactId} | tr,${artifactId}-${version},,mvn -Papache-release clean package -DskipTests -Dmaven.javadoc.skip -Dgpg.skip,,true,false,DISCOVERED,pilot-primary
RCM-08235,content/org/apache/sling/org.apache.sling.feature.analyser/org.apache.sling.feature.analyser-1.3.34.buildspec,45c86fb307d32aa20ec4269f0cfeda0d8611ff3fd02e1ad28583fecdad751530,org.apache.sling,org.apache.sling.feature.analyser,1.3.34,mvn,mvn,11,https://github.com/apache/sling-$(echo ${artifactId} | tr,${artifactId}-${version},,mvn -Papache-release clean package -DskipTests -Dmaven.javadoc.skip -Dgpg.skip,,true,false,DISCOVERED,pilot-primary
RCM-08255,content/org/apache/sling/org.apache.sling.feature.apiregions/org.apache.sling.feature.apiregions-1.1.10.buildspec,0be5fbf1bb8363e7f47899a138fe5b9260fd9d29ed1ac07db81617a146c4e4fa,org.apache.sling,org.apache.sling.feature.apiregions,1.1.10,mvn-3.9.9,mvn-3.9.9,11,https://github.com/apache/sling-$(echo ${artifactId} | tr,${artifactId}-${version},,mvn -Papache-release clean package -DskipTests -Dmaven.javadoc.skip -Dgpg.skip,,true,false,DISCOVERED,pilot-primary
RCM-08284,content/org/apache/sling/org.apache.sling.feature.extension.unpack/org.apache.sling.feature.extension.unpack-0.3.0.buildspec,6b3ef22d2a4122d99660c6941ae589b2bb81ac725c9a474c64bc6ce9496b87c2,org.apache.sling,org.apache.sling.feature.extension.unpack,0.3.0,mvn,mvn,11,https://github.com/apache/sling-$(echo ${artifactId} | tr,${artifactId}-${version},,mvn -Papache-release clean package -DskipTests -Dmaven.javadoc.skip -Dgpg.skip,,true,false,DISCOVERED,pilot-primary
RCM-08291,content/org/apache/sling/org.apache.sling.feature.launcher/org.apache.sling.feature.launcher-1.2.4.buildspec,95df265aa8e5d902ae4637e9e7f2cf60eeac5daf8466ddef5a0c6841d5da8e0f,org.apache.sling,org.apache.sling.feature.launcher,1.2.4,mvn,mvn,17,https://github.com/apache/sling-$(echo ${artifactId} | tr,${artifactId}-${version},,mvn -Papache-release clean package -DskipTests -Dmaven.javadoc.skip -Dgpg.skip,,true,false,DISCOVERED,pilot-primary
RCM-08303,content/org/apache/sling/org.apache.sling.fsresource/org.apache.sling.fsresource-2.3.0.buildspec,290a88adad881ebd7d774d57fcb12248b6d8f9fe83a5275580f49a507d9acfca,org.apache.sling,org.apache.sling.fsresource,2.3.0,mvn-3.9.9,mvn-3.9.9,17,https://github.com/apache/sling-$(echo ${artifactId} | tr,${artifactId}-${version},https://repo1.maven.org/maven2/org/apache/sling/${artifactId}/${version}/${artifactId}-${version}-source-release.zip,mvn -Papache-release clean package -DskipTests -Dmaven.javadoc.skip -Dgpg.skip,,true,false,DISCOVERED,pilot-primary
RCM-08307,content/org/apache/sling/org.apache.sling.i18n/org.apache.sling.i18n-2.5.18.buildspec,91cbcc15b50d36a22d42ad5ff40bcddf227be79048205a0c5a18145c9d2c0a9f,org.apache.sling,org.apache.sling.i18n,2.5.18,mvn,mvn,11,https://github.com/apache/sling-$(echo ${artifactId} | tr,${artifactId}-${version},,mvn -Papache-release clean package -DskipTests -Dmaven.javadoc.skip -Dgpg.skip,,true,false,DISCOVERED,pilot-primary
RCM-08326,content/org/apache/sling/org.apache.sling.installer.factory.configuration/org.apache.sling.installer.factory.configuration-1.3.0.buildspec,9d1f7489fd35a2e16b1ddb1ad12f443f7c6faff544a54de7f95b16206580d120,org.apache.sling,org.apache.sling.installer.factory.configuration,1.3.0,mvn,mvn,8,https://github.com/apache/sling-$(echo ${artifactId} | tr,${artifactId}-${version},,mvn -Papache-release clean package -DskipTests -Dmaven.javadoc.skip -Dgpg.skip,,true,false,DISCOVERED,pilot-primary
RCM-08339,content/org/apache/sling/org.apache.sling.installer.hc/org.apache.sling.installer.hc-2.1.0.buildspec,c9f8e676b2d65f1f3cc6b73fae0c6dea7ad0d2d0c8b667019c91a236361f9456,org.apache.sling,org.apache.sling.installer.hc,2.1.0,mvn,mvn,17,https://github.com/apache/sling-$(echo ${artifactId} | tr,${artifactId}-${version},,mvn -Papache-release clean package -DskipTests -Dmaven.javadoc.skip -Dgpg.skip,,true,false,DISCOVERED,pilot-primary
RCM-08342,content/org/apache/sling/org.apache.sling.installer.provider.file/org.apache.sling.installer.provider.file-1.3.0.buildspec,086e8c2aa457faf759bda00ef138ba700b83ce3b65ca58f3eb667bc99b0e8ae6,org.apache.sling,org.apache.sling.installer.provider.file,1.3.0,mvn,mvn,8,https://github.com/apache/sling-$(echo ${artifactId} | tr,${artifactId}-${version},,mvn -Papache-release clean package -DskipTests -Dmaven.javadoc.skip -Dgpg.skip,,true,false,DISCOVERED,pilot-primary
RCM-08348,content/org/apache/sling/org.apache.sling.javax.activation/org.apache.sling.javax.activation-0.3.0.buildspec,d42b87398a3c2c326d92a0d302488c981b09ada8013a5e18290e5df39d722e10,org.apache.sling,org.apache.sling.javax.activation,0.3.0,mvn,mvn,8,https://github.com/apache/sling-$(echo ${artifactId} | tr,${artifactId}-${version},,mvn -Papache-release clean package -DskipTests -Dmaven.javadoc.skip -Dgpg.skip,,true,false,DISCOVERED,pilot-primary
RCM-08364,content/org/apache/sling/org.apache.sling.jcr.jackrabbit.usermanager/org.apache.sling.jcr.jackrabbit.usermanager-2.2.16.buildspec,1b286c137fa1e934a8f4a59014a3447f8c894a11c143db2beaf1bc871303232c,org.apache.sling,org.apache.sling.jcr.jackrabbit.usermanager,2.2.16,mvn,mvn,11,https://github.com/apache/sling-$(echo ${artifactId} | tr,${artifactId}-${version},,mvn -Papache-release clean package -DskipTests -Dmaven.javadoc.skip -Dgpg.skip,,true,false,DISCOVERED,pilot-primary
RCM-08377,content/org/apache/sling/org.apache.sling.jcr.oak.server/org.apache.sling.jcr.oak.server-1.4.0.buildspec,208dd31a238bc8cc209db6b7ee910622a0d1da342f04e5f1e13ef366b809ba31,org.apache.sling,org.apache.sling.jcr.oak.server,1.4.0,mvn,mvn,11,https://github.com/apache/sling-$(echo ${artifactId} | tr,${artifactId}-${version},,mvn -Papache-release clean package -DskipTests -Dmaven.javadoc.skip -Dgpg.skip,,true,false,DISCOVERED,pilot-primary
RCM-08380,content/org/apache/sling/org.apache.sling.jcr.packageinit/org.apache.sling.jcr.packageinit-1.0.4.buildspec,445f0cb179d79166bd2dc26e0933bac89a0025f33fd109489c1b68e40ed73b5e,org.apache.sling,org.apache.sling.jcr.packageinit,1.0.4,mvn,mvn,11,https://github.com/apache/sling-$(echo ${artifactId} | tr,${artifactId}-${version},,mvn -Papache-release clean package -DskipTests -Dmaven.javadoc.skip -Dgpg.skip,,true,false,DISCOVERED,pilot-primary
RCM-08393,content/org/apache/sling/org.apache.sling.launchpad.testing/org.apache.sling.launchpad.testing-12.buildspec,7117a5932950c64db3ed3429e018a846677374205e5e3e040e71a7e44e1ca944,org.apache.sling,org.apache.sling.launchpad.testing,12,mvn-3.9.9,mvn-3.9.9,11,https://github.com/apache/sling-$(echo ${artifactId} | tr,${artifactId}-${version},,mvn -Papache-release clean package -DskipTests -Dmaven.javadoc.skip -Dgpg.skip,,true,false,DISCOVERED,pilot-primary
RCM-08401,content/org/apache/sling/org.apache.sling.models.api/org.apache.sling.models.api-2.0.0.buildspec,ea8afed959b3b5221f439c31a76490940dac6d355fd458344a42b6d71a2aa8c1,org.apache.sling,org.apache.sling.models.api,2.0.0,mvn-3.9.11,mvn-3.9.11,17,https://github.com/apache/sling-$(echo ${artifactId} | tr,${artifactId}-${version},https://repo1.maven.org/maven2/org/apache/sling/${artifactId}/${version}/${artifactId}-${version}-source-release.zip,mvn -Papache-release clean package -DskipTests -Dmaven.javadoc.skip -Dgpg.skip -Dspotless.skip,,true,false,DISCOVERED,pilot-primary
RCM-08417,content/org/apache/sling/org.apache.sling.models.jacksonexporter/org.apache.sling.models.jacksonexporter-1.1.0.buildspec,20c52f6766038b05541b71f694da615d156953e6e84a04228e4f2a1526fdf2b1,org.apache.sling,org.apache.sling.models.jacksonexporter,1.1.0,mvn,mvn,11,https://github.com/apache/sling-$(echo ${artifactId} | tr,${artifactId}-${version},https://repo1.maven.org/maven2/org/apache/sling/${artifactId}/${version}/${artifactId}-${version}-source-release.zip,mvn -Papache-release clean package -DskipTests -Dmaven.javadoc.skip -Dgpg.skip,,true,false,DISCOVERED,pilot-primary
RCM-08440,content/org/apache/sling/org.apache.sling.resourceaccesssecurity/org.apache.sling.resourceaccesssecurity-1.1.0.buildspec,1f753b7b551a7b3608bff64a12a0a30506177726ebabf06cde18fdf561a1696e,org.apache.sling,org.apache.sling.resourceaccesssecurity,1.1.0,mvn,mvn,11,https://github.com/apache/sling-$(echo ${artifactId} | tr,${artifactId}-${version},,mvn -Papache-release clean package -DskipTests -Dmaven.javadoc.skip -Dgpg.skip,,true,false,DISCOVERED,pilot-primary
RCM-08443,content/org/apache/sling/org.apache.sling.resourcemerger/org.apache.sling.resourcemerger-1.4.2.buildspec,60cdf6ef0f2c7ac7355f9899e097f7e28f2121a46f73007bcfa7a28323d4e349,org.apache.sling,org.apache.sling.resourcemerger,1.4.2,mvn,mvn,11,https://github.com/apache/sling-$(echo ${artifactId} | tr,${artifactId}-${version},,mvn -Papache-release clean package -DskipTests -Dmaven.javadoc.skip -Dgpg.skip,,true,false,DISCOVERED,pilot-primary
RCM-08468,content/org/apache/sling/org.apache.sling.rewriter/org.apache.sling.rewriter-1.3.2.buildspec,1355569d8ae87c060ac677a2e001e94d27d8dbb2cf8edc24f7a0b63975b4f150,org.apache.sling,org.apache.sling.rewriter,1.3.2,mvn,mvn,11,https://github.com/apache/sling-$(echo ${artifactId} | tr,${artifactId}-${version},,mvn -Papache-release clean package -DskipTests -Dmaven.javadoc.skip -Dgpg.skip,,true,false,DISCOVERED,pilot-primary
RCM-08475,content/org/apache/sling/org.apache.sling.scripting.core/org.apache.sling.scripting.core-2.4.10.buildspec,767e800de3d7f3c771779d811dd5bb9626379251d24965ec8af9ab7b7a9f0498,org.apache.sling,org.apache.sling.scripting.core,2.4.10,mvn,mvn,11,https://github.com/apache/sling-$(echo ${artifactId} | tr,${artifactId}-${version},,mvn -Papache-release clean package -DskipTests -Dmaven.javadoc.skip -Dgpg.skip,,true,false,DISCOVERED,pilot-primary
RCM-08492,content/org/apache/sling/org.apache.sling.scripting.sightly/org.apache.sling.scripting.sightly-1.4.28-1.4.0.buildspec,3ba5de90c7858f1e93845377353031ebb0f0a09655dce331e6f2a80594c16ce6,org.apache.sling,org.apache.sling.scripting.sightly,1.4.28-1.4.0,mvn-3.9.9,mvn-3.9.9,17,https://github.com/apache/sling-$(echo ${artifactId} | tr,${artifactId}-${version},,mvn -Papache-release clean package -DskipTests -Dmaven.javadoc.skip -Dgpg.skip,,true,false,DISCOVERED,pilot-primary
RCM-08494,content/org/apache/sling/org.apache.sling.scripting.sightly.repl/org.apache.sling.scripting.sightly.repl-1.0.10.buildspec,f92d0a8fa8f3b7edcea850da491ed1ef9b20018e876cc533393be9a61f7aa844,org.apache.sling,org.apache.sling.scripting.sightly.repl,1.0.10,mvn,mvn,11,https://github.com/apache/sling-$(echo ${artifactId} | tr,${artifactId}-${version},,mvn -Papache-release clean package -DskipTests -Dmaven.javadoc.skip -Dgpg.skip,,true,false,DISCOVERED,pilot-primary
RCM-08502,content/org/apache/sling/org.apache.sling.scripting.sightly.testing/org.apache.sling.scripting.sightly.testing-1.0.40-1.4.0.buildspec,bfd55deff5ddd735cdc16070f364997c06a646064b74eb93461155c3eb5c43da,org.apache.sling,org.apache.sling.scripting.sightly.testing,1.0.40-1.4.0,mvn,mvn,8,https://github.com/apache/sling-$(echo ${artifactId} | tr,${artifactId}-${version},,mvn -Papache-release clean package -DskipTests -Dmaven.javadoc.skip -Dgpg.skip,,true,false,DISCOVERED,pilot-primary
RCM-08495,content/org/apache/sling/org.apache.sling.scripting.sightly.testing-content/org.apache.sling.scripting.sightly.testing-content-1.0.30-1.4.0.buildspec,a40851bbea7a816c0f9e0de84a86f7a83879beea134dcff9d544f9bb30db249e,org.apache.sling,org.apache.sling.scripting.sightly.testing-content,1.0.30-1.4.0,mvn,mvn,11,https://github.com/apache/sling-$(echo ${artifactId} | tr,${artifactId}-${version},,mvn -Papache-release clean package -DskipTests -Dmaven.javadoc.skip -Dgpg.skip,,true,false,DISCOVERED,pilot-primary
RCM-08504,content/org/apache/sling/org.apache.sling.scripting.spi/org.apache.sling.scripting.spi-2.0.0.buildspec,e9362a8f463fead1947c75032ccb1fdfc5d6ef4d977d30a8becddbe2018c4ee1,org.apache.sling,org.apache.sling.scripting.spi,2.0.0,mvn-3.9.9,mvn-3.9.9,17,https://github.com/apache/sling-$(echo ${artifactId} | tr,${artifactId}-${version},,mvn -Papache-release clean package -DskipTests -Dmaven.javadoc.skip -Dgpg.skip,,true,false,DISCOVERED,pilot-primary
RCM-08509,content/org/apache/sling/org.apache.sling.serviceuser.webconsole/org.apache.sling.serviceuser.webconsole-1.0.4.buildspec,c09237558d07867230c11632f9e884bfcba11d97ebb3910ee0ffbf9cf148b4eb,org.apache.sling,org.apache.sling.serviceuser.webconsole,1.0.4,mvn-3.9.9,mvn-3.9.9,17,https://github.com/apache/sling-$(echo ${artifactId} | tr,${artifactId}-${version},,mvn -Papache-release clean package -DskipTests -Dmaven.javadoc.skip -Dgpg.skip,,true,false,DISCOVERED,pilot-primary
RCM-08511,content/org/apache/sling/org.apache.sling.servlets.annotations/org.apache.sling.servlets.annotations-1.2.6.buildspec,bc9d9409235ae64b0267709a8d51381609e6471273e650488c82d0bd697b4a8b,org.apache.sling,org.apache.sling.servlets.annotations,1.2.6,mvn,mvn,11,https://github.com/apache/sling-$(echo ${artifactId} | tr,${artifactId}-${version},,mvn -Papache-release clean package -DskipTests -Dmaven.javadoc.skip -Dgpg.skip,,true,false,DISCOVERED,pilot-primary
RCM-08551,content/org/apache/sling/org.apache.sling.starter/org.apache.sling.starter-14.buildspec,6ad0d442e702360d82d3022179528ab236a37ebda40727ab7057694ff957b3c0,org.apache.sling,org.apache.sling.starter,14,mvn-3.9.12,mvn-3.9.12,21,https://github.com/apache/sling-$(echo ${artifactId} | tr,${artifactId}-${version},,mvn -Papache-release clean package -DskipTests -Dmaven.javadoc.skip -Dgpg.skip,,true,false,DISCOVERED,pilot-primary
RCM-08558,content/org/apache/sling/org.apache.sling.testing.caconfig-mock-plugin/org.apache.sling.testing.caconfig-mock-plugin-1.5.0.buildspec,59470e89d4163c377bf6b868c531150c9fb6f2d7ec35c0d4fabc14a78975e228,org.apache.sling,org.apache.sling.testing.caconfig-mock-plugin,1.5.0,mvn,mvn,11,https://github.com/apache/sling-$(echo ${artifactId} | tr,${artifactId}-${version},https://repo1.maven.org/maven2/org/apache/sling/${artifactId}/${version}/${artifactId}-${version}-source-release.zip,mvn -Papache-release clean package -DskipTests -Dmaven.javadoc.skip -Dgpg.skip,,true,false,DISCOVERED,pilot-primary
RCM-08570,content/org/apache/sling/org.apache.sling.testing.clients/org.apache.sling.testing.clients-3.0.6.buildspec,b23e165230b8526c7c03d05e1d27c074c4b74d9dedbcae796db15b46a552ae44,org.apache.sling,org.apache.sling.testing.clients,3.0.6,mvn,mvn,11,https://github.com/apache/sling-$(echo ${artifactId} | tr,${artifactId}-${version},,mvn -Papache-release clean package -DskipTests -Dmaven.javadoc.skip -Dgpg.skip,,true,false,DISCOVERED,pilot-primary
RCM-08572,content/org/apache/sling/org.apache.sling.testing.hamcrest/org.apache.sling.testing.hamcrest-1.1.0.buildspec,21bcb58644621094cd5434c0d83dcd99891a07d6b184c7a90c1b23cd5126827c,org.apache.sling,org.apache.sling.testing.hamcrest,1.1.0,mvn,mvn,11,https://github.com/apache/sling-$(echo ${artifactId} | tr,${artifactId}-${version},,mvn -Papache-release clean package -DskipTests -Dmaven.javadoc.skip -Dgpg.skip,,true,false,DISCOVERED,pilot-primary
RCM-08576,content/org/apache/sling/org.apache.sling.testing.jcr-mock/org.apache.sling.testing.jcr-mock-1.6.12.buildspec,8287951ab5c05cddbde2802a1785ca8d8fbcb251472e9646f4b60e07468699cb,org.apache.sling,org.apache.sling.testing.jcr-mock,1.6.12,mvn,mvn,17,https://github.com/apache/sling-$(echo ${artifactId} | tr,${artifactId}-${version},,mvn -Papache-release clean package -DskipTests -Dmaven.javadoc.skip -Dgpg.skip,,true,false,DISCOVERED,pilot-primary
RCM-08587,content/org/apache/sling/org.apache.sling.testing.osgi-mock/org.apache.sling.testing.osgi-mock-3.3.10.buildspec,40bc4b9a9e3173f2e642a9366cf8e88e3a7263f7d2f14c6939c68a50dbf42c67,org.apache.sling,org.apache.sling.testing.osgi-mock,3.3.10,mvn,mvn,11,https://github.com/apache/sling-$(echo ${artifactId} | tr,${artifactId}.reactor-${version},,mvn -Papache-release clean package -DskipTests -Dmaven.javadoc.skip -Dgpg.skip,,true,false,DISCOVERED,pilot-primary
RCM-08600,content/org/apache/sling/org.apache.sling.testing.paxexam/org.apache.sling.testing.paxexam-4.1.0.buildspec,131803b299c7379531f98c1814ed1e932b4ba2d34612c32586959e70ab7860ae,org.apache.sling,org.apache.sling.testing.paxexam,4.1.0,mvn-3.9.9,mvn-3.9.9,17,https://github.com/apache/sling-$(echo ${artifactId} | tr,${artifactId}-${version},,mvn -Papache-release clean package -DskipTests -Dmaven.javadoc.skip -Dgpg.skip -Dpmd.skip -Dcheckstyle.skip -Dspotbugs.skip -Dmaven.source.skip,,true,false,DISCOVERED,pilot-primary
RCM-08645,content/org/apache/sling/org.apache.sling.testing.sling-mock/org.apache.sling.testing.sling-mock-4.0.4.buildspec,3e9374a4c5686986cc5f4e7514a739317293086d39241fdf1fc1025b462dcf96,org.apache.sling,org.apache.sling.testing.sling-mock,4.0.4,mvn-3.9.11,mvn-3.9.11,21,https://github.com/apache/sling-$(echo ${artifactId} | tr,${artifactId}.reactor-${version},,mvn -Papache-release package -DskipTests -Dmaven.javadoc.skip -Dgpg.skip -Dspotless.skip,,true,false,DISCOVERED,pilot-primary
RCM-08621,content/org/apache/sling/org.apache.sling.testing.sling-mock-oak/org.apache.sling.testing.sling-mock-oak-3.2.0-1.22.15.buildspec,b3b63bae0d6b540d8dc95c26ba1172dcfbc2d279d56184b55111146b7213c3b9,org.apache.sling,org.apache.sling.testing.sling-mock-oak,3.2.0-1.22.15,mvn,mvn,11,https://github.com/apache/sling-$(echo ${artifactId} | tr,${artifactId}-${version},,mvn -Papache-release clean package -DskipTests -Dmaven.javadoc.skip -Dgpg.skip -Dspotless.skip,,true,false,DISCOVERED,pilot-primary
RCM-08648,content/org/apache/sling/org.apache.sling.tooling.support.source/org.apache.sling.tooling.support.source-1.1.0.buildspec,66006e931c3d7e3b94846db1a718526c3603f03861151d926b47cbd340aab3d7,org.apache.sling,org.apache.sling.tooling.support.source,1.1.0,mvn,mvn,11,https://github.com/apache/sling-$(echo ${artifactId} | tr,${artifactId}-${version},,mvn -Papache-release clean package -DskipTests -Dmaven.javadoc.skip -Dgpg.skip,,true,false,DISCOVERED,pilot-primary
RCM-08649,content/org/apache/sling/org.apache.sling.tracer/org.apache.sling.tracer-1.0.8.buildspec,d9cb804bd2e6b17f773797db4a66a2b2c85d99ba93a6ed32810d6c35bc93cef4,org.apache.sling,org.apache.sling.tracer,1.0.8,mvn-3.9.9,mvn-3.9.9,11,https://github.com/apache/sling-$(echo ${artifactId} | tr,${artifactId}-${version},,mvn -Papache-release clean package -DskipTests -Dmaven.javadoc.skip -Dgpg.skip,,true,false,DISCOVERED,pilot-primary
RCM-08655,content/org/apache/sling/org.apache.sling.xss/org.apache.sling.xss-2.3.4.buildspec,0aff2670705be8e534264ceff2c7ee37755e16391e41e7d90941183856111395,org.apache.sling,org.apache.sling.xss,2.3.4,mvn,mvn,11,https://github.com/apache/sling-$(echo ${artifactId} | tr,${artifactId}-${version},,mvn -Papache-release clean package -DskipTests -Dmaven.javadoc.skip -Dgpg.skip,,true,false,DISCOVERED,pilot-primary
RCM-08664,content/org/apache/sling/scriptingbundle-maven-plugin/scriptingbundle-maven-plugin-0.4.0.buildspec,b3f6bd9df884394ee6e6a2bd3bb6a1c2ad38b7a9c04374eff8d71916f4266ad2,org.apache.sling,scriptingbundle-maven-plugin,0.4.0,mvn,mvn,11,https://github.com/apache/sling-${artifactId}.git,${artifactId}-${version},,mvn -Papache-release clean package -DskipTests -Dmaven.javadoc.skip -Dgpg.skip,,true,false,DISCOVERED,pilot-primary
RCM-08673,content/org/apache/sling/slingfeature-maven-plugin/slingfeature-maven-plugin-1.6.6.buildspec,5f9ae5eb1ddf4da4d65fa1d40aec3185de6da4c8cfafc9c0909b03d99889a953,org.apache.sling,slingfeature-maven-plugin,1.6.6,mvn,mvn,11,https://github.com/apache/sling-${artifactId}.git,${artifactId}-${version},,mvn -Papache-release clean package -DskipTests -Dmaven.javadoc.skip -Dgpg.skip,,true,false,DISCOVERED,pilot-primary
RCM-08745,content/org/apache/struts/struts2-6.6.1.buildspec,95e5cca9a31ddf9d81d4658c5fb8942b85160c77ea6e5af4fd9e392654caf2a7,org.apache.struts,struts2-parent,6.6.1,mvn,mvn,8,https://github.com/apache/struts.git,STRUTS_`echo ${version} | tr . _`,,mvn -Papache-release clean package -DskipTests -Dmaven.javadoc.skip -Dgpg.skip -DskipAssembly,,true,false,DISCOVERED,pilot-primary
RCM-08752,content/org/apache/struts/struts2-7.1.1.buildspec,17f87f5b72e905f1bc96c10c0142216a7b788eaac5ac9ebffae4151ad8477caa,org.apache.struts,struts2-project,7.1.1,mvn-3.9.11,mvn-3.9.11,17,https://github.com/apache/struts.git,STRUTS_`echo ${version} | tr . _`,,mvn -Papache-release clean package -DskipTests -Dmaven.javadoc.skip -Dgpg.skip -DskipAssembly,,true,false,DISCOVERED,pilot-primary
RCM-08754,content/org/apache/synapse/synapse-3.0.2.buildspec,e84b4c902604237fa199822c7c693e15e3a8e61405723ce6363ed0646091b65d,org.apache.synapse,Apache-Synapse,3.0.2,mvn,mvn,8,https://gitbox.apache.org/repos/asf/synapse.git,${artifactId}-${version},,mvn -Prelease clean verify -DskipTests -Dmaven.javadoc.skip -Dgpg.skip -Ddocker.skip,,true,false,DISCOVERED,pilot-primary
RCM-08791,content/org/apache/systemds/systemds-3.2.0.buildspec,d2533d7b40d9d15eab88c87e0df645c623eae7ca2821fbe645d012f1f3f1690b,org.apache.systemds,systemds,3.2.0,mvn-3.9.8,mvn-3.9.8,11,https://github.com/apache/${artifactId}.git,${version}-rc2,,mvn -Pdistribution clean package -DskipTests -Dmaven.javadoc.skip -Dgpg.skip,,true,false,DISCOVERED,pilot-primary
RCM-08826,content/org/apache/tomee/jakartaee-api/jakartaee-api-9.1.1.buildspec,dfb184f60475250726f50a70e3fd64c6811c2498fdecd5c46fdb578806b69960,org.apache.tomee,jakartaee-api,9.1.1,mvn,mvn,11,https://github.com/apache/tomee-${artifactId}.git,${artifactId}-${version},https://archive.apache.org/dist/tomee/${artifactId}-${version}/${artifactId}-${version}-source-release.zip,mvn -Papache-release clean package -DskipTests -Dmaven.javadoc.skip -Dgpg.skip,,true,false,DISCOVERED,pilot-primary
RCM-08833,content/org/apache/wayang/wayang-0.7.1.buildspec,e2b8e7ef89f26810dfc4e0bbccfed5f498c9ee7231f46ae76cf8d25741b25464,org.apache.wayang,wayang,0.7.1,mvn,mvn,8,https://github.com/apache/incubator-${artifactId}.git,wayang-${version},,SHELL mvn -Papache-release clean package -DskipTests -Dmaven.javadoc.skip -Dgpg.skip,,false,true,DISCOVERED,pilot-primary
RCM-08863,content/org/apache/ws/xmlschema/xmlschema/xmlschema-2.3.2.buildspec,339942d8e7178aa02baa2f213dab4fc53b6ea3da3bb1526ed1a0b151b1175fcb,org.apache.ws.xmlschema,xmlschema,2.3.2,mvn,mvn,8,https://gitbox.apache.org/repos/asf/ws-xmlschema.git,${artifactId}-${version},,mvn -Papache-release clean package -DskipTests -Dmaven.javadoc.skip -Dgpg.skip,,true,false,DISCOVERED,pilot-primary
RCM-08872,content/org/chabala/brick/brick-control-lab/brick-control-lab-0.2.2.buildspec,fb0e872b90c838720b020322da4d1c98ce4c1641e5ce4959789a367279323ee4,org.chabala.brick,brick-control-lab,0.2.2,mvn,mvn,8,https://github.com/chabala/${artifactId}.git,${version},,mvn clean package -DskipTests -Dmaven.javadoc.skip -Dgpg.skip,,true,false,DISCOVERED,pilot-primary
RCM-08879,content/org/clojure/test.check/test.check-1.1.3.buildspec,44cb956887043ff6f2be04fbc9ea5920720e89d0f15eceb210ace3820d4dfeea,org.clojure,test.check,1.1.3,mvn-3.9.11,mvn-3.9.11,8,https://github.com/clojure/test.check.git,v${version},,mvn -ntp -B clean package -Dmaven.test.skip=true -Dmaven.javadoc.skip -Dgpg.skip source:jar,,true,false,DISCOVERED,pilot-primary
RCM-08939,content/org/codehaus/mojo/extra-enforcer-rules/extra-enforcer-rules-1.6.2.buildspec,11d799dfec3142acddd9d765bd1434924b87dc55eef4f52bb3a412e16c4a589d,org.codehaus.mojo,extra-enforcer-rules,1.6.2,mvn-3.9.1,mvn-3.9.1,17,https://github.com/mojohaus/${artifactId}.git,${version},,mvn -Pmojo-release clean package -DskipTests -Dmaven.javadoc.skip -Dgpg.skip,,true,false,DISCOVERED,pilot-primary
RCM-08968,content/org/codehaus/mojo/license-maven-plugin/license-maven-plugin-2.5.0.buildspec,47db20f3fd7251281fc5d338c969b330efe6b78c75574b757fe81ebbef73880f,org.codehaus.mojo,license-maven-plugin,2.5.0,mvn-3.9.3,mvn-3.9.3,21,https://github.com/mojohaus/${artifactId}.git,${version},,mvn -Pmojo-release clean package -DskipTests -Dmaven.javadoc.skip -Dgpg.skip,,true,false,DISCOVERED,pilot-primary
RCM-09001,content/org/codehaus/mojo/mojo-parent/mojo-parent-89.buildspec,c087e3c7272e7283a0aabb5fa09145e6b22048debeef7c937065b26e99895888,org.codehaus.mojo,mojo-parent,89,mvn-3.9.8,mvn-3.9.8,21,https://github.com/mojohaus/${artifactId}.git,${version},,mvn -Pmojo-release clean package -DskipTests -Dmaven.javadoc.skip -Dgpg.skip,,true,false,DISCOVERED,pilot-primary
RCM-09012,content/org/codehaus/mojo/mrm/mrm-1.5.0.buildspec,6846017d3b61582907d9b62a78a843a755a890ae29e38e6a908b7850771a1bc9,org.codehaus.mojo,mrm,1.5.0,mvn,mvn,8,https://github.com/mojohaus/${artifactId}.git,${version},,mvn -Pmojo-release clean package -DskipTests -Dmaven.javadoc.skip -Dgpg.skip,,true,false,DISCOVERED,pilot-primary
RCM-09029,content/org/codehaus/mojo/tidy-maven-plugin/tidy-maven-plugin-1.4.0.buildspec,fefa2ed78d3cab33d3aa28418b4d89e706d3be9aa566821cd24c31c05fc12110,org.codehaus.mojo,tidy-maven-plugin,1.4.0,mvn-3.9.3,mvn-3.9.3,21,https://github.com/mojohaus/${artifactId}.git,${version},,mvn -Pmojo-release clean package -DskipTests -Dmaven.javadoc.skip -Dgpg.skip,,true,false,DISCOVERED,pilot-primary
RCM-09033,content/org/codehaus/mojo/versions-maven-plugin/versions-maven-plugin-2.13.0.buildspec,dde027ea52d0ee4d082fd4a30135d3f815342b115023ee0077a2ca3fe81d6134,org.codehaus.mojo,versions-maven-plugin,2.13.0,mvn,mvn,8,https://github.com/mojohaus/${artifactId}.git,${version},,mvn -Pmojo-release clean package -DskipTests -Dmaven.javadoc.skip -Dgpg.skip,,true,false,DISCOVERED,pilot-primary
RCM-09054,content/org/codehaus/mojo/xml-maven-plugin/xml-maven-plugin-1.1.0.buildspec,75e4b42addcdabe9e6bde04ef547704ad6baf5b5cd295edcd44042e6d17bb4a7,org.codehaus.mojo,xml-maven-plugin,1.1.0,mvn-3.9.0,mvn-3.9.0,17,https://github.com/mojohaus/${artifactId}.git,${version},,mvn -Pmojo-release clean package -DskipTests -Dmaven.javadoc.skip -Dgpg.skip,,true,false,DISCOVERED,pilot-primary
RCM-09086,content/org/codehaus/plexus/plexus-classworlds/plexus-classworlds-2.10.0.buildspec,9f0aff2426477f473dbb54704c74e626acdc18645f61562eac496b761217a5b6,org.codehaus.plexus,plexus-classworlds,2.10.0,mvn-3.9.12,mvn-3.9.12,25,https://github.com/codehaus-plexus/${artifactId}.git,${artifactId}-${version},,mvn -Pplexus-release clean package -DskipTests -Dmaven.javadoc.skip -Dgpg.skip,,true,false,DISCOVERED,pilot-primary
RCM-09122,content/org/codehaus/plexus/plexus-i18n/plexus-i18n-1.1.0.buildspec,750183d21f20a4575e8435b283f4d3489b59755efa45ff9dbb3f48179cb8ab1c,org.codehaus.plexus,plexus-i18n,1.1.0,mvn-3.9.11,mvn-3.9.11,25,https://github.com/codehaus-plexus/${artifactId}.git,${artifactId}-${version},,mvn -Pplexus-release clean package -DskipTests -Dmaven.javadoc.skip -Dgpg.skip,,true,false,DISCOVERED,pilot-primary
RCM-09136,content/org/codehaus/plexus/plexus-io/plexus-io-3.5.0.buildspec,55cb1fdf4e627f0af99228abd32e2aab84c2fc0f208bb4c49cc2f82b44ff7ab5,org.codehaus.plexus,plexus-io,3.5.0,mvn,mvn,22,https://github.com/codehaus-plexus/${artifactId}.git,${artifactId}-${version},,mvn -Pplexus-release clean package -DskipTests -Dmaven.javadoc.skip -Dgpg.skip,,true,false,DISCOVERED,pilot-primary
RCM-09188,content/org/codehaus/plexus/plexus-testing/plexus-testing-1.2.0.buildspec,56000d12194416ae2123736ec46f87bd28de8138d480a0c4c581186eb45e2c86,org.codehaus.plexus,plexus-testing,1.2.0,mvn,mvn,21,https://github.com/codehaus-plexus/${artifactId}.git,${artifactId}-${version},,mvn -Pplexus-release clean package -DskipTests -Dmaven.javadoc.skip -Dgpg.skip,,true,false,DISCOVERED,pilot-primary
RCM-09215,content/org/codehaus/plexus/plexus-velocity/plexus-velocity-2.3.0.buildspec,82b527489bfc6c12cb6ca7effd068493f4a04e69bcc85aae6dc75ce4c6cc7d9c,org.codehaus.plexus,plexus-velocity,2.3.0,mvn-3.9.11,mvn-3.9.11,21,https://github.com/codehaus-plexus/${artifactId}.git,${artifactId}-${version},,mvn -Pplexus-release clean package -DskipTests -Dmaven.javadoc.skip -Dgpg.skip,,true,false,DISCOVERED,pilot-primary
RCM-09227,content/org/complate/java/complate-core-0.3.0.buildspec,a1de798b4868ad0291627ff839846334ae3729db4897b668ca6c2163da6652f1,org.complate,complate-parent,0.3.0,mvn-3.8.5,mvn-3.8.5,11,https://github.com/complate/complate-java.git,v${version},,mvn -Prelease clean package -DskipTests -Dmaven.javadoc.skip -Dgpg.skip,,true,false,DISCOVERED,pilot-primary
RCM-09229,content/org/complate/spring/complate-spring-mvc-0.7.0.buildspec,576e3656350ed1a42959a8df88839e4988363baa9cda6c690f27cc3e233c1ffc,org.complate,complate-spring-mvc,0.7.0,mvn,mvn,8,https://github.com/complate/complate-spring.git,v${version},,mvn -Prelease clean package -DskipTests -Dmaven.javadoc.skip -Dgpg.skip,,true,false,DISCOVERED,pilot-primary
RCM-09279,content/org/cyclonedx/cyclonedx-core-java/cyclonedx-core-java-9.1.0.buildspec,b714d59b7a87dda77781317f9cd652e80987d875fcbf805ce0058de9e7dfcf12,org.cyclonedx,cyclonedx-core-java,9.1.0,mvn,mvn,8,https://github.com/cyclonedx/${artifactId}.git,${artifactId}-${version},,mvn clean package -DskipTests -Dmaven.javadoc.skip -Dgpg.skip,,true,false,DISCOVERED,pilot-primary
RCM-09417,content/org/eclipse/sisu/sisu-0.9.0.M4.buildspec,9fb6957c24f3a5d28e68e655184529a5c9300572a5b6040e9aac7671285212b1,org.eclipse.sisu,sisu-inject,0.9.0.M4,mvn-3.9.9,mvn-3.9.9,21,https://github.com/eclipse-sisu/sisu-project.git,milestones/${version},,mvn clean verify -DskipTests -Dmaven.javadoc.skip -Dgpg.skip -Drevision=${version},,true,false,DISCOVERED,pilot-primary
RCM-09423,content/org/eclipse/transformer/eclipse-transformer-1.0.0.buildspec,2e088a2e51134ba4783868e767b7f3e082cee82d34b85efc67b2558021258806,org.eclipse.transformer,org.eclipse.transformer.parent,1.0.0,mvn-3.9.8,mvn-3.9.8,17,https://github.com/eclipse/transformer.git,${version},,mvn clean verify -DskipTests -Dmaven.javadoc.skip -Dgpg.skip -Drevision=${version},,true,false,DISCOVERED,pilot-primary
RCM-09436,content/org/finos/legend/engine/legend-engine-4.6.2.buildspec,935d7e7f25e4c07ff53a4a8c6bfa29f02c6a0e7ba19fa5b3cf7344f9ecf95fe6,org.finos.legend.engine,legend-engine,4.6.2,mvn,mvn,11,https://github.com/finos/${artifactId}.git,${artifactId}-${version},,mvn -Prelease clean package -DskipTests -Dmaven.javadoc.skip -Dgpg.skip,,true,false,DISCOVERED,pilot-primary
RCM-09452,content/org/glassfish/build/glassfishbuild-maven-plugin/glassfishbuild-maven-plugin-4.1.0.buildspec,c63f25deb8bca9c28ae9cedc115b77455974d7b1cff8c83138b8481c8fa9fb8b,org.glassfish.build,glassfishbuild-maven-plugin,4.1.0,mvn,mvn,11,https://github.com/eclipse-ee4j/glassfish-build-maven-plugin.git,${version},,mvn -Papache-release clean package -DskipTests -Dmaven.javadoc.skip -Dgpg.skip,,true,false,DISCOVERED,pilot-primary
RCM-09471,content/org/glassfish/jaxb/jaxb-4.0.6.buildspec,2ef49a47c123fcc61e822871cfb36a9818fe0283f9104b88a70902fe01f04400,org.glassfish.jaxb,jaxb-parent,4.0.6,mvn-3.9.11,mvn-3.9.11,11,https://github.com/eclipse-ee4j/jaxb-ri.git,${version}-RI,,mvn clean package -f jaxb-ri/pom.xml -DskipTests -Dmaven.javadoc.skip -Dgpg.skip,,true,false,DISCOVERED,pilot-primary
RCM-09476,content/org/glassfish/main/glassfish-7.0.14.buildspec,d3aaca5e2519e1366b2f042e9f5c2406a1f6f8d70a9a7790d15fdd943e8384f7,org.glassfish.main,glassfish-parent,7.0.14,mvn-3.9.3,mvn-3.9.3,21,https://github.com/eclipse-ee4j/glassfish.git,${version},,"SHELL mvn clean && find . -type d -exec chmod g+s {} \; && export LC_ALL=C && mvn package -Poss-release,fastest -DskipTests -Dmaven.javadoc.skip -Djavadoc.skip -Dgpg.skip",,false,true,DISCOVERED,pilot-primary
RCM-09593,content/org/itsallcode/junit5-system-extensions/junit5-system-extensions-1.2.2.buildspec,a1e23a6c8215028dda3acc1d509b487db8348c197eae651e42afbd13d09ce7eb,org.itsallcode,junit5-system-extensions,1.2.2,mvn,mvn,11,https://github.com/itsallcode/junit5-system-extensions.git,${version},,mvn -Papache-release clean package -DskipTests -Dmaven.javadoc.skip -Dgpg.skip,,true,false,DISCOVERED,pilot-primary
RCM-09676,content/org/jpmml/jpmml-codemodel/jpmml-codemodel-1.2.1.buildspec,dd57d9f5133e9aba4fb49cd63017f8734652982ecbd7bf70f38018a97629f7db,org.jpmml,jpmml-codemodel,1.2.1,mvn-3.9.9,mvn-3.9.9,11,https://github.com/jpmml/${artifactId}.git,${version},,mvn -Psonatype-oss-release clean package -DskipTests -Dmaven.javadoc.skip -Dgpg.skip,,true,false,DISCOVERED,pilot-primary
RCM-09869,content/org/jpmml/jpmml-sparkml/jpmml-sparkml-2.3.0.buildspec,9f3a2732196e30934117117966c7bd880c40bda94ea0cb4791e0d863f546229d,org.jpmml,jpmml-sparkml,2.3.0,mvn-3.9.6,mvn-3.9.6,8,https://github.com/jpmml/${artifactId}.git,${version},,mvn -Psonatype-oss-release clean package -DskipTests -Dmaven.javadoc.skip -Dgpg.skip,,true,false,DISCOVERED,pilot-primary
RCM-09949,content/org/jpmml/jpmml-transpiler/jpmml-transpiler-1.4.5.buildspec,7d5ce1c10cff85eff367a723a88c045514f07e1180bd21ffc07e725adabdd472,org.jpmml,jpmml-transpiler,1.4.5,mvn-3.9.6,mvn-3.9.6,11,https://github.com/jpmml/${artifactId}.git,${version},,mvn -Psonatype-oss-release clean package -DskipTests -Dmaven.javadoc.skip -Dgpg.skip,,true,false,DISCOVERED,pilot-primary
RCM-09997,content/org/kocakosm/jblake2/jblake2-0.5.buildspec,4a6971d6e3cd9c94e9b03170b982992bfbc21b306ecd1d1a836c40230b65143b,org.kocakosm,jblake2,0.5,mvn,mvn,17,https://github.com/kocakosm/jblake2.git,${version},,mvn -Prelease clean package -DskipTests -Dmaven.javadoc.skip -Dgpg.skip,,true,false,DISCOVERED,pilot-primary
RCM-10001,content/org/kordamp/pomchecker/pomchecker-1.14.0.buildspec,6e8687533d1e74f068691f8f1436b4f0c04121e1985917ed2245c6b1ec0e024f,org.kordamp.maven,pomchecker,1.14.0,mvn-3.9.8,mvn-3.9.8,11,https://github.com/kordamp/pomchecker.git,v${version},,mvn -ntp clean verify -Ppublication -Dreproducible=true,,true,false,DISCOVERED,pilot-primary
RCM-10060,content/org/metricshub/community-connectors/community-connectors-1.0.21.buildspec,8cc0cd83c40a2e74300a00ebb816850a1ab68f8fb7733814e3930852cdf8f7e9,org.metricshub,community-connectors,1.0.21,mvn,mvn,17,https://github.com/MetricsHub/${artifactId}.git,v${version},,mvn clean package -DskipTests -Dmaven.javadoc.skip -Dgpg.skip -Dbuildinfo.ignore=,,true,false,DISCOVERED,pilot-primary
RCM-10061,content/org/metricshub/ipmi-java/ipmi-java-1.2.01.buildspec,dbf9b6ca8df13c039c99e10575e13efd14aadd049bb27003714662098081b65e,org.metricshub,ipmi-java,1.2.01,mvn,mvn,17,https://github.com/MetricsHub/${artifactId}.git,v${version},,mvn clean package -DskipTests -Dmaven.javadoc.skip -Dgpg.skip,,true,false,DISCOVERED,pilot-primary
RCM-10075,content/org/metricshub/printf4j/printf4j-0.9.08.buildspec,89a48db60797b45433205dea117494666422ff0fcd47b1f343e48444e95932ab,org.metricshub,printf4j,0.9.08,mvn,mvn,17,https://github.com/MetricsHub/${artifactId}.git,v${version},,mvn clean package -DskipTests -Dmaven.javadoc.skip -Dgpg.skip,,true,false,DISCOVERED,pilot-primary
RCM-10080,content/org/metricshub/ssh-java/ssh-java-1.0.03.buildspec,2315f79c4bcce4f0540f1134a5a25570a792c430fd5454c1ca37337377696631,org.metricshub,ssh-java,1.0.03,mvn,mvn,17,https://github.com/MetricsHub/${artifactId}.git,v${version},,mvn clean package -DskipTests -Dmaven.javadoc.skip -Dgpg.skip,,true,false,DISCOVERED,pilot-primary
RCM-10088,content/org/metricshub/wmi-java/wmi-java-1.0.05.buildspec,84a8015997aaef7fb2c37f70c009a11c36d8d8d0f0341669478079f1b9f3dec2,org.metricshub,wmi-java,1.0.05,mvn,mvn,17,https://github.com/MetricsHub/${artifactId}.git,v${version},,mvn clean package -DskipTests -Dmaven.javadoc.skip -Dgpg.skip,,true,false,DISCOVERED,pilot-primary
RCM-10089,content/org/metricshub/xflat/xflat-1.0.02.buildspec,5c81f0cbde514e887d111eacab0461db1db4a2a341d6194dda6985fb8a43a527,org.metricshub,xflat,1.0.02,mvn,mvn,17,https://github.com/MetricsHub/${artifactId}.git,v${version},,mvn clean package -DskipTests -Dmaven.javadoc.skip -Dgpg.skip,,true,false,DISCOVERED,pilot-primary
RCM-10072,content/org/metricshub/maven/metricshub-connector-maven-plugin/metricshub-connector-maven-plugin-1.0.11.buildspec,0cc65b52a1cba43d4173b213414e94e0d107779073248731898c219f110b360a,org.metricshub.maven,metricshub-connector-maven-plugin,1.0.11,mvn,mvn,17,https://github.com/MetricsHub/${artifactId}.git,v${version},,mvn clean package -DskipTests -Dmaven.javadoc.skip -Dgpg.skip,,true,false,DISCOVERED,pilot-primary
RCM-10151,content/org/mybatis/jpetstore/jpetstore-6.1.0.buildspec,4719c0eb1ee8c4732e2c8b3ae3190488ae19bded17b2e52a9d6fd24bc1b1ce3a,org.mybatis,jpetstore,6.1.0,mvn,mvn,17,https://github.com/mybatis/jpetstore-6.git,${artifactId}-${version},,mvn -Prelease clean package -DskipTests -Dmaven.javadoc.skip -Dgpg.skip,,true,false,DISCOVERED,pilot-primary
RCM-10193,content/org/mybatis/mybatis-spring/mybatis-spring-3.0.1.buildspec,d7ad2caa6161bd66b3c7cf4f3231647cc5c61e5e758a4012dcc8e5616002a896,org.mybatis,mybatis-spring,3.0.1,mvn,mvn,17,https://github.com/mybatis/spring.git,${artifactId}-${version},,mvn -Prelease clean package -DskipTests -Dmaven.javadoc.skip -Dgpg.skip,,true,false,DISCOVERED,pilot-primary
RCM-10104,content/org/mybatis/caches/mybatis-caffeine/mybatis-caffeine-1.1.0.buildspec,c2becbc9392eec1d200f6c3ec08424365ef9d4806331e3b74b749615739e7043,org.mybatis.caches,mybatis-caffeine,1.1.0,mvn,mvn,17,https://github.com/mybatis/${artifactId}.git,${artifactId}-${version},,mvn -Prelease clean package -DskipTests -Dmaven.javadoc.skip -Dgpg.skip,,true,false,DISCOVERED,pilot-primary
RCM-10118,content/org/mybatis/caches/mybatis-hazelcast/mybatis-hazelcast-1.4.1.buildspec,f0e1a2f29676b5eb03b3a3d6c7496ac4053e35d1f523cef56b9749e093aec5af,org.mybatis.caches,mybatis-hazelcast,1.4.1,mvn-3.9.16,mvn-3.9.16,25,https://github.com/mybatis/hazelcast-cache.git,${artifactId}-${version},,mvn -Prelease clean package -DskipTests -Dmaven.javadoc.skip -Dgpg.skip,,true,false,DISCOVERED,pilot-primary
RCM-10140,content/org/mybatis/dynamic-sql/mybatis-dynamic-sql-1.5.0.buildspec,448076f90230c27f53fd54656db3f845489d67b6205182a88035aff2969f9442,org.mybatis.dynamic-sql,mybatis-dynamic-sql,1.5.0,mvn,mvn,17,https://github.com/mybatis/${artifactId}.git,${artifactId}-${version},,mvn -Prelease clean package -DskipTests -Dmaven.javadoc.skip -Dgpg.skip,,true,false,DISCOVERED,pilot-primary
RCM-10228,content/org/mybatis/scripting/mybatis-thymeleaf/mybatis-thymeleaf-1.0.4.buildspec,a3cd88534855c6785fcbbd210e478f82962ddf4b251a32e01459d9431546ebc2,org.mybatis.scripting,mybatis-thymeleaf,1.0.4,mvn,mvn,17,https://github.com/mybatis/thymeleaf-scripting.git,${artifactId}-${version},,mvn -Prelease clean package -DskipTests -Dmaven.javadoc.skip -Dgpg.skip,,true,false,DISCOVERED,pilot-primary
RCM-10355,content/org/owasp/dependency-check/dependency-check-7.4.4.buildspec,c96d49d79758f369ce9c3a1e1e649fe9b85cb5f98311c7ab69e8e8d94dc8625e,org.owasp,dependency-check-parent,7.4.4,mvn,mvn,8,https://github.com/jeremylong/DependencyCheck,v${version},,mvn clean package -Prelease-profile -DskipTests -Dmaven.javadoc.skip -Dgpg.skip,,true,false,DISCOVERED,pilot-primary
RCM-10294,content/org/owasp/antisamy/antisamy-1.6.3.buildspec,f80491495c674f5a19800e15da815ea1118c464b32adeb50ae80a5a98736f339,org.owasp.antisamy,antisamy,1.6.3,mvn,mvn,8,https://github.com/nahsra/${artifactId}.git,${version},,"mvn clean package -DskipTests -Dmaven.javadoc.skip -Dgpg.skip -Dbuildinfo.ignore=cyclonedx.xml,cyclonedx.json",,true,false,DISCOVERED,pilot-primary
RCM-10386,content/org/phoebus/phoebus-5.0.2.buildspec,7749b918a9e6b55bfa5e0de11d77d2954d06d775358a0dc9b289d58669b8fc1b,org.phoebus,parent,5.0.2,mvn,mvn,17,https://github.com/ControlSystemStudio/phoebus,v${version},,mvn -Pdocs clean package -DskipTests -Dgpg.skip,,true,false,DISCOVERED,pilot-primary
RCM-10400,content/org/sentrysoftware/ipmi/ipmi-1.0.01.buildspec,d6248dcab8ba81b592cddee54f343302f2b827678ce5904031e3178903dda656,org.sentrysoftware,ipmi,1.0.01,mvn,mvn,17,https://github.com/sentrysoftware/${artifactId}.git,v${version},,mvn clean package -DskipTests -Dmaven.javadoc.skip -Dgpg.skip,,true,false,DISCOVERED,pilot-primary
RCM-10415,content/org/sentrysoftware/jflat/jflat-1.0.01.buildspec,1ce5d737292a8a6b075ba55f70773e8353f81949258def22d9f0b9fc5292f758,org.sentrysoftware,jflat,1.0.01,mvn,mvn,17,https://github.com/sentrysoftware/${artifactId}.git,v${version},,mvn clean package -DskipTests -Dmaven.javadoc.skip -Dgpg.skip,,true,false,DISCOVERED,pilot-primary
RCM-10460,content/org/sentrysoftware/printf4j/printf4j-0.9.05.buildspec,2b3a12ea8f3a9526be58acb9d5c4f7265f6aaea7173e345d30fdcf8572909210,org.sentrysoftware,printf4j,0.9.05,mvn,mvn,17,https://github.com/sentrysoftware/${artifactId}.git,v${version},,mvn clean package -DskipTests -Dmaven.javadoc.skip -Dgpg.skip,,true,false,DISCOVERED,pilot-primary
RCM-10471,content/org/sentrysoftware/vcenter/vcenter-1.0.00.buildspec,7687902576bed26c087766e721a57596baba48fb2c66dfb3e52a9813127d380d,org.sentrysoftware,vcenter,1.0.00,mvn,mvn,17,https://github.com/sentrysoftware/${artifactId}.git,v${version},,mvn clean package -DskipTests -Dmaven.javadoc.skip -Dgpg.skip,,true,false,DISCOVERED,pilot-primary
RCM-10476,content/org/sentrysoftware/winrm/winrm-1.0.01.buildspec,0344d065ddda968566553fef3003224ba3143f85c5fd6a91cc5ed6a1db4b82b4,org.sentrysoftware,winrm,1.0.01,mvn,mvn,17,https://github.com/sentrysoftware/${artifactId}.git,v${version},,mvn clean package -DskipTests -Dmaven.javadoc.skip -Dgpg.skip,,true,false,DISCOVERED,pilot-primary
RCM-10481,content/org/sentrysoftware/wmi/wmi-1.0.02.buildspec,d34ffa7d138f27311f6706861d6a4d988d5cc72b1e50a817af5c9e7392e2aa67,org.sentrysoftware,wmi,1.0.02,mvn,mvn,17,https://github.com/sentrysoftware/${artifactId}.git,v${version},,mvn clean package -DskipTests -Dmaven.javadoc.skip -Dgpg.skip,,true,false,DISCOVERED,pilot-primary
RCM-10418,content/org/sentrysoftware/maven/maven-skin-tools/maven-skin-tools-1.2.00.buildspec,a1c8147f764f55e06fc9f1e9c8c85a2098bd8b7b6e53cc5ee5aafc7b2c4a8f59,org.sentrysoftware.maven,maven-skin-tools,1.2.00,mvn,mvn,17,https://github.com/sentrysoftware/${artifactId}.git,v${version},,mvn clean package -DskipTests -Dmaven.javadoc.skip -Dgpg.skip,,true,false,DISCOVERED,pilot-primary
RCM-10446,content/org/sentrysoftware/maven/sentry-maven-skin/sentry-maven-skin-6.6.01.buildspec,96136cb452b6b97e45dd2dcd8db780c8bea7b2cf2d77b19e5fc6168152363400,org.sentrysoftware.maven,sentry-maven-skin,6.6.01,mvn,mvn,17,https://github.com/sentrysoftware/sentry-maven-skin.git,v${version},,mvn clean package -DskipTests -Dmaven.javadoc.skip -Dgpg.skip,,true,false,DISCOVERED,pilot-primary
RCM-10503,content/org/simplify4u/pgp-keys-map/pgp-keys-map-2024.04.04.buildspec,be0310539e013bb62d0329485ed70544d71d420a630b43605c9b3142d722c4f5,org.simplify4u,pgp-keys-map,2024.04.04,mvn,mvn,8,git@github.com:s4u/${artifactId}.git,v${version},,mvn -N clean package -Dmaven.test.skip,,true,false,DISCOVERED,pilot-primary
RCM-10517,content/org/simplify4u/plugins/pgpverify-maven-plugin/pgpverify-maven-plugin-1.18.1.buildspec,678e15e056ef712b2b224dc6c3e42b837469f9272bcc59525471b91228476ac6,org.simplify4u.plugins,pgpverify-maven-plugin,1.18.1,mvn,mvn,8,git@github.com:s4u/pgpverify-maven-plugin.git,v${version},,mvn clean package -Dmaven.test.skip,,true,false,DISCOVERED,pilot-primary
RCM-10527,content/org/simplify4u/plugins/sign-maven-plugin/sign-maven-plugin-1.0.1.buildspec,847e5262355523d3b65d3ac19581de47f682fead8fbadbc52348a6a5ead34a78,org.simplify4u.plugins,sign-maven-plugin,1.0.1,mvn,mvn,8,https://github.com/s4u/${artifactId}.git,v${version},,mvn clean package -Dmaven.test.skip -Dpgpverify.skip,,true,false,DISCOVERED,pilot-primary
RCM-10565,content/org/sonatype/nexus/archetypes/nexus-format-archetype/nexus-format-archetype-1.0.74.buildspec,56add15b9cc48860712891839eff14cbc66a3202f534ca6724b8b889a4a38e26,org.sonatype.nexus.archetypes,nexus-format-archetype,1.0.74,mvn,mvn,8,https://github.com/sonatype-nexus-community/${artifactId}.git,${artifactId}-${version},,mvn clean package -DskipTests -Dmaven.javadoc.skip -Dgpg.skip,,true,false,DISCOVERED,pilot-primary
RCM-10605,content/org/webjars/bootstrap/bootstrap-5.2.2.buildspec,ea07a415f4b9acb9f97e5d93a138b6dd1bf94ec430075607e4c88ae90d5ffdf1,org.webjars,bootstrap,5.2.2,mvn,mvn,8,https://github.com/webjars/${artifactId}.git,${artifactId}-${version},,mvn clean package -DskipTests -Dmaven.javadoc.skip -Dgpg.skip,,true,false,DISCOVERED,pilot-primary
RCM-10638,content/org/webjars/flexmonster/flexmonster-2.9.35.buildspec,4929eb20cf50f9d9177e96b9945ba0f85fc1af760779f78fd54dafb4e899f729,org.webjars,flexmonster,2.9.35,mvn,mvn,8,https://github.com/webjars/${artifactId}.git,${artifactId}-${version},,mvn clean package -DskipTests -Dmaven.javadoc.skip -Dgpg.skip,,true,false,DISCOVERED,pilot-primary
RCM-10720,content/org/webjars/highcharts/highcharts-12.1.0.buildspec,472e04c0669e0f5c9609d631dffc34c59c26037bd50ecb06deef86ddbc3d2adf,org.webjars,highcharts,12.1.0,mvn,mvn,21,https://github.com/webjars/${artifactId}.git,${artifactId}-${version},,mvn clean package -DskipTests -Dmaven.javadoc.skip -Dgpg.skip,,true,false,DISCOVERED,pilot-primary
RCM-10724,content/org/webjars/jquery-ui/jquery-ui-1.14.1.buildspec,009b44fe15310cec5684418bfa6dd16061afa2c221c5cca7b4844246d293205c,org.webjars,jquery-ui,1.14.1,mvn,mvn,21,https://github.com/webjars/${artifactId}.git,${artifactId}-${version},,mvn clean package -DskipTests -Dmaven.javadoc.skip -Dgpg.skip,,true,false,DISCOVERED,pilot-primary
RCM-10726,content/org/webjars/jszip/jszip-3.10.1.buildspec,35946b2338b3bd0fa90d2b782aac7eb93ecd290ae836d3fbe047dbfc06506294,org.webjars,jszip,3.10.1,mvn,mvn,8,https://github.com/webjars/${artifactId}.git,${artifactId}-${version},,mvn clean package -DskipTests -Dmaven.javadoc.skip -Dgpg.skip,,true,false,DISCOVERED,pilot-primary
RCM-10727,content/org/webjars/openlayers/openlayers-8.2.0.buildspec,ae22e8687238a3bc09eb1c027e643203a5f2c38251198f5ec0947c74e6ca98a6,org.webjars,openlayers,8.2.0,mvn,mvn,8,https://github.com/webjars/openlayers.git,${artifactId}-${version},,mvn clean package -DskipTests -Dmaven.javadoc.skip -Dgpg.skip,,true,false,DISCOVERED,pilot-primary
RCM-10804,content/org/webjars/webjars-locator/webjars-locator-0.50.buildspec,1eb34f449984a3afc885339e6f5b1f1818c620f1f21815f3ad1c8a1f4f946014,org.webjars,webjars-locator,0.50,mvn-3.9.3,mvn-3.9.3,8,https://github.com/webjars/${artifactId}.git,${artifactId}-${version},,mvn clean package -DskipTests -Dmaven.javadoc.skip -Dgpg.skip,,true,false,DISCOVERED,pilot-primary
RCM-10787,content/org/webjars/webjars-locator-lite/webjars-locator-lite-0.0.1.buildspec,4fbaceae42cb700d2c1179937b7625831133004eb3f96f8d3f5522bc57cf5d40,org.webjars,webjars-locator-lite,0.0.1,mvn-3.9.3,mvn-3.9.3,8,https://github.com/webjars/${artifactId}.git,${artifactId}-${version},,mvn clean package -DskipTests -Dmaven.javadoc.skip -Dgpg.skip,,true,false,DISCOVERED,pilot-primary
RCM-10866,content/tools/jackson/core/jackson-core/jackson-core-3.1.2.buildspec,9b43ccd9df160347e92f20bc9725024fc0b5ecbc6c2413f48ea591a502a79875,tools.jackson.core,jackson-core,3.1.2,mvn-3.9.9,mvn-3.9.9,21,https://github.com/FasterXML/${artifactId}.git,${artifactId}-${version},,mvn -Prelease clean package -DskipTests -Dmaven.javadoc.skip -Dgpg.skip,,true,false,DISCOVERED,pilot-primary
RCM-10914,content/tools/jackson/dataformat/jackson-dataformats-binary/jackson-dataformats-binary-3.1.2.buildspec,0052eb9861f0885a4259d084ca1ab56c8a02ed1bcae8eb37fee03a9cf14d2520,tools.jackson.dataformat,jackson-dataformats-binary,3.1.2,mvn-3.9.11,mvn-3.9.11,17,https://github.com/FasterXML/jackson-dataformats-binary.git,${artifactId}-${version},,mvn -Prelease clean package -DskipTests -Dmaven.javadoc.skip -Dgpg.skip -Dbuildinfo.ignore=,,true,false,DISCOVERED,pilot-primary
RCM-10986,content/tools/jackson/datatype/jackson-datatype-joda/jackson-datatype-joda-3.1.2.buildspec,df845e09f450ae1a20997e7892d304e5c747fb2141c84a6a47446e41473adb44,tools.jackson.datatype,jackson-datatype-joda,3.1.2,mvn-3.9.11,mvn-3.9.11,17,https://github.com/FasterXML/jackson-datatype-joda.git,${artifactId}-${version},,mvn -Prelease clean package -DskipTests -Dmaven.javadoc.skip -Dgpg.skip -Dbuildinfo.ignore=,,true,false,DISCOVERED,pilot-primary
RCM-11024,content/tools/jackson/datatype/jackson-datatypes-misc-parent/jackson-datatypes-misc-parent-3.0.0-rc7.buildspec,cccb1e6067251ad7f80d4c5ae52d3b5bfc918d1f03b9800618d810c0d1157c2d,tools.jackson.datatype,jackson-datatypes-misc-parent,3.0.0-rc7,mvn-3.9.11,mvn-3.9.11,17,https://github.com/FasterXML/jackson-datatypes-misc.git,${artifactId}-${version},,mvn -Prelease clean package -DskipTests -Dmaven.javadoc.skip -Dgpg.skip -Dbuildinfo.ignore=,,true,false,DISCOVERED,pilot-primary
RCM-11130,content/us/abstracta/jmeter/jmeter-java-dsl/jmeter-java-dsl-2.0.buildspec,6e1f3b5b988cc544e579de3eef4101eef4c2130fbd153193a7acfe449f01011c,us.abstracta.jmeter,jmeter-java-dsl-parent,2.0,mvn,mvn,11,https://github.com/abstracta/jmeter-java-dsl.git,v${version},,mvn -Prelease clean package -DskipTests -Dmaven.javadoc.skip -Dgpg.skip,,true,false,DISCOVERED,pilot-primary
RCM-11151,content/world/convex/convex-0.7.9.buildspec,f6f6ffa8b5257a5468766fa6e5b93199eba8a75eb54a4d28fc3e9cc2d3d516b6,world.convex,convex,0.7.9,mvn-3.9.8,mvn-3.9.8,17,https://github.com/Convex-Dev/${artifactId}.git,${version},,mvn -Prelease clean verify -DskipTests -Dmaven.javadoc.skip -Dgpg.skip,,true,false,DISCOVERED,pilot-primary
