candidate_id,selection_role,scenario_id,attempt,status,exit_code,started_at,completed_at,duration_seconds,workspace_path,maven_repo_path,module_path,policy_source,policy_original_path,policy_submitted_path,policy_sha256,build_command,plugin_mode,force_scan,submit_only,fail_on_error,scan_id,scan_status,deduplicated,jar_sha256,result_zip,metadata_file,log_path,failure_category,notes
RCM-01418,pilot-primary,D1,1,PASS,0,2026-08-10T20:09:19+00:00,2026-08-10T20:09:31+00:00,11.888,work/pilot/RCM-01418/D1/attempt-1/workspace,results/batch-2-300-d1-runs/RCM-01418/D1/attempt-1/m2,.,benchmark-fallback,/home/lnk85/SymmariesProjectBits/symmaries-maven-evaluation/config/policies/empty-sources-and-sinks.xml,/home/lnk85/SymmariesProjectBits/symmaries-maven-evaluation/config/policies/empty-sources-and-sinks.xml,3f2d50ad2de30a80ce3fcf7a7fd8ef57f2aa30bdd621bc753d6165b0790b27fc,timeout 20m mvn -B -ntp -s /home/lnk85/SymmariesProjectBits/symmaries-maven-evaluation/config/settings-pilot-host.xml -Dmaven.repo.local=/home/lnk85/SymmariesProjectBits/symmaries-maven-evaluation/results/batch-2-300-d1-runs/RCM-01418/D1/attempt-1/m2 clean package -Prelease -DskipTests -Dmaven.javadoc.skip -Dgpg.skip,none,false,false,true,,,,,,,results/batch-2-300-d1-runs/RCM-01418/D1/attempt-1/maven.log,,Initial explicit-goal Symmaries pilot runner
RCM-10210,pilot-primary,D1,1,PASS,0,2026-08-10T20:09:31+00:00,2026-08-10T20:11:14+00:00,103.113,work/pilot/RCM-10210/D1/attempt-1/workspace,results/batch-2-300-d1-runs/RCM-10210/D1/attempt-1/m2,.,benchmark-fallback,/home/lnk85/SymmariesProjectBits/symmaries-maven-evaluation/config/policies/empty-sources-and-sinks.xml,/home/lnk85/SymmariesProjectBits/symmaries-maven-evaluation/config/policies/empty-sources-and-sinks.xml,3f2d50ad2de30a80ce3fcf7a7fd8ef57f2aa30bdd621bc753d6165b0790b27fc,timeout 20m /home/lnk85/SymmariesProjectBits/symmaries-maven-evaluation/work/pilot/RCM-10210/D1/attempt-1/workspace/mvnw -B -ntp -s /home/lnk85/SymmariesProjectBits/symmaries-maven-evaluation/config/settings-pilot-host.xml -Dmaven.repo.local=/home/lnk85/SymmariesProjectBits/symmaries-maven-evaluation/results/batch-2-300-d1-runs/RCM-10210/D1/attempt-1/m2 -Prelease clean package -DskipTests -Dmaven.javadoc.skip -Dgpg.skip,none,false,false,true,,,,,,,results/batch-2-300-d1-runs/RCM-10210/D1/attempt-1/maven.log,,Initial explicit-goal Symmaries pilot runner
RCM-09779,pilot-primary,D1,1,PASS,0,2026-08-10T20:11:14+00:00,2026-08-10T20:11:31+00:00,16.676,work/pilot/RCM-09779/D1/attempt-1/workspace,results/batch-2-300-d1-runs/RCM-09779/D1/attempt-1/m2,.,benchmark-fallback,/home/lnk85/SymmariesProjectBits/symmaries-maven-evaluation/config/policies/empty-sources-and-sinks.xml,/home/lnk85/SymmariesProjectBits/symmaries-maven-evaluation/config/policies/empty-sources-and-sinks.xml,3f2d50ad2de30a80ce3fcf7a7fd8ef57f2aa30bdd621bc753d6165b0790b27fc,timeout 20m mvn -B -ntp -s /home/lnk85/SymmariesProjectBits/symmaries-maven-evaluation/config/settings-pilot-host.xml -Dmaven.repo.local=/home/lnk85/SymmariesProjectBits/symmaries-maven-evaluation/results/batch-2-300-d1-runs/RCM-09779/D1/attempt-1/m2 -Psonatype-oss-release clean package -DskipTests -Dmaven.javadoc.skip -Dgpg.skip,none,false,false,true,,,,,,,results/batch-2-300-d1-runs/RCM-09779/D1/attempt-1/maven.log,,Initial explicit-goal Symmaries pilot runner
RCM-08717,pilot-primary,D1,1,PASS,0,2026-08-10T20:11:31+00:00,2026-08-10T20:13:03+00:00,91.364,work/pilot/RCM-08717/D1/attempt-1/workspace,results/batch-2-300-d1-runs/RCM-08717/D1/attempt-1/m2,.,benchmark-fallback,/home/lnk85/SymmariesProjectBits/symmaries-maven-evaluation/config/policies/empty-sources-and-sinks.xml,/home/lnk85/SymmariesProjectBits/symmaries-maven-evaluation/config/policies/empty-sources-and-sinks.xml,3f2d50ad2de30a80ce3fcf7a7fd8ef57f2aa30bdd621bc753d6165b0790b27fc,timeout 20m mvn -B -ntp -s /home/lnk85/SymmariesProjectBits/symmaries-maven-evaluation/config/settings-pilot-host.xml -Dmaven.repo.local=/home/lnk85/SymmariesProjectBits/symmaries-maven-evaluation/results/batch-2-300-d1-runs/RCM-08717/D1/attempt-1/m2 -Papache-release clean package -DskipTests -Dmaven.javadoc.skip -Dgpg.skip,none,false,false,true,,,,,,,results/batch-2-300-d1-runs/RCM-08717/D1/attempt-1/maven.log,,Initial explicit-goal Symmaries pilot runner
RCM-10463,pilot-primary,D1,1,PASS,0,2026-08-10T20:13:03+00:00,2026-08-10T20:13:10+00:00,7.567,work/pilot/RCM-10463/D1/attempt-1/workspace,results/batch-2-300-d1-runs/RCM-10463/D1/attempt-1/m2,.,benchmark-fallback,/home/lnk85/SymmariesProjectBits/symmaries-maven-evaluation/config/policies/empty-sources-and-sinks.xml,/home/lnk85/SymmariesProjectBits/symmaries-maven-evaluation/config/policies/empty-sources-and-sinks.xml,3f2d50ad2de30a80ce3fcf7a7fd8ef57f2aa30bdd621bc753d6165b0790b27fc,timeout 20m mvn -B -ntp -s /home/lnk85/SymmariesProjectBits/symmaries-maven-evaluation/config/settings-pilot-host.xml -Dmaven.repo.local=/home/lnk85/SymmariesProjectBits/symmaries-maven-evaluation/results/batch-2-300-d1-runs/RCM-10463/D1/attempt-1/m2 clean package -DskipTests -Dmaven.javadoc.skip -Dgpg.skip,none,false,false,true,,,,,,,results/batch-2-300-d1-runs/RCM-10463/D1/attempt-1/maven.log,,Initial explicit-goal Symmaries pilot runner
RCM-06886,pilot-primary,D1,1,PASS,0,2026-08-10T20:13:10+00:00,2026-08-10T20:14:23+00:00,72.338,work/pilot/RCM-06886/D1/attempt-1/workspace,results/batch-2-300-d1-runs/RCM-06886/D1/attempt-1/m2,.,benchmark-fallback,/home/lnk85/SymmariesProjectBits/symmaries-maven-evaluation/config/policies/empty-sources-and-sinks.xml,/home/lnk85/SymmariesProjectBits/symmaries-maven-evaluation/config/policies/empty-sources-and-sinks.xml,3f2d50ad2de30a80ce3fcf7a7fd8ef57f2aa30bdd621bc753d6165b0790b27fc,timeout 20m mvn -B -ntp -s /home/lnk85/SymmariesProjectBits/symmaries-maven-evaluation/config/settings-pilot-host.xml -Dmaven.repo.local=/home/lnk85/SymmariesProjectBits/symmaries-maven-evaluation/results/batch-2-300-d1-runs/RCM-06886/D1/attempt-1/m2 -Papache-release package -DskipTests -Dmaven.javadoc.skip -Dgpg.skip,none,false,false,true,,,,,,,results/batch-2-300-d1-runs/RCM-06886/D1/attempt-1/maven.log,,Initial explicit-goal Symmaries pilot runner
RCM-04970,pilot-primary,D1,1,PASS,0,2026-08-10T20:14:23+00:00,2026-08-10T20:16:17+00:00,114.869,work/pilot/RCM-04970/D1/attempt-1/workspace,results/batch-2-300-d1-runs/RCM-04970/D1/attempt-1/m2,.,benchmark-fallback,/home/lnk85/SymmariesProjectBits/symmaries-maven-evaluation/config/policies/empty-sources-and-sinks.xml,/home/lnk85/SymmariesProjectBits/symmaries-maven-evaluation/config/policies/empty-sources-and-sinks.xml,3f2d50ad2de30a80ce3fcf7a7fd8ef57f2aa30bdd621bc753d6165b0790b27fc,timeout 20m /home/lnk85/SymmariesProjectBits/symmaries-maven-evaluation/work/pilot/RCM-04970/D1/attempt-1/workspace/mvnw -B -ntp -s /home/lnk85/SymmariesProjectBits/symmaries-maven-evaluation/config/settings-pilot-host.xml -Dmaven.repo.local=/home/lnk85/SymmariesProjectBits/symmaries-maven-evaluation/results/batch-2-300-d1-runs/RCM-04970/D1/attempt-1/m2 -Pdeploy clean verify -DskipTests -Dmaven.javadoc.skip -Dgpg.skip,none,false,false,true,,,,,,,results/batch-2-300-d1-runs/RCM-04970/D1/attempt-1/maven.log,,Initial explicit-goal Symmaries pilot runner
RCM-05624,pilot-primary,D1,1,FAIL_BUILD,1,2026-08-10T20:16:18+00:00,2026-08-10T20:16:21+00:00,3.093,work/pilot/RCM-05624/D1/attempt-1/workspace,results/batch-2-300-d1-runs/RCM-05624/D1/attempt-1/m2,.,benchmark-fallback,/home/lnk85/SymmariesProjectBits/symmaries-maven-evaluation/config/policies/empty-sources-and-sinks.xml,/home/lnk85/SymmariesProjectBits/symmaries-maven-evaluation/config/policies/empty-sources-and-sinks.xml,3f2d50ad2de30a80ce3fcf7a7fd8ef57f2aa30bdd621bc753d6165b0790b27fc,timeout 20m mvn -B -ntp -s /home/lnk85/SymmariesProjectBits/symmaries-maven-evaluation/config/settings-pilot-host.xml -Dmaven.repo.local=/home/lnk85/SymmariesProjectBits/symmaries-maven-evaluation/results/batch-2-300-d1-runs/RCM-05624/D1/attempt-1/m2 -f ui/granite/pom.xml -Pio.wcm clean package -DskipTests -Dmaven.buildNumber.skip '-DbuildNumber=${buildNumber}' '-Dtimestamp=${timestamp}',none,false,false,true,,,,,,,results/batch-2-300-d1-runs/RCM-05624/D1/attempt-1/maven.log,MAVEN_OR_PLUGIN_FAILURE,Initial explicit-goal Symmaries pilot runner
RCM-03669,pilot-primary,D1,1,PASS,0,2026-08-10T20:16:21+00:00,2026-08-10T20:17:09+00:00,48.459,work/pilot/RCM-03669/D1/attempt-1/workspace,results/batch-2-300-d1-runs/RCM-03669/D1/attempt-1/m2,.,benchmark-fallback,/home/lnk85/SymmariesProjectBits/symmaries-maven-evaluation/config/policies/empty-sources-and-sinks.xml,/home/lnk85/SymmariesProjectBits/symmaries-maven-evaluation/config/policies/empty-sources-and-sinks.xml,3f2d50ad2de30a80ce3fcf7a7fd8ef57f2aa30bdd621bc753d6165b0790b27fc,timeout 20m mvn -B -ntp -s /home/lnk85/SymmariesProjectBits/symmaries-maven-evaluation/config/settings-pilot-host.xml -Dmaven.repo.local=/home/lnk85/SymmariesProjectBits/symmaries-maven-evaluation/results/batch-2-300-d1-runs/RCM-03669/D1/attempt-1/m2 -Pcentral clean package -DskipTests -Dmaven.javadoc.skip -Dgpg.skip,none,false,false,true,,,,,,,results/batch-2-300-d1-runs/RCM-03669/D1/attempt-1/maven.log,,Initial explicit-goal Symmaries pilot runner
RCM-10600,pilot-primary,D1,1,PASS,0,2026-08-10T20:17:09+00:00,2026-08-10T20:17:27+00:00,17.881,work/pilot/RCM-10600/D1/attempt-1/workspace,results/batch-2-300-d1-runs/RCM-10600/D1/attempt-1/m2,.,benchmark-fallback,/home/lnk85/SymmariesProjectBits/symmaries-maven-evaluation/config/policies/empty-sources-and-sinks.xml,/home/lnk85/SymmariesProjectBits/symmaries-maven-evaluation/config/policies/empty-sources-and-sinks.xml,3f2d50ad2de30a80ce3fcf7a7fd8ef57f2aa30bdd621bc753d6165b0790b27fc,timeout 20m /home/lnk85/SymmariesProjectBits/symmaries-maven-evaluation/work/pilot/RCM-10600/D1/attempt-1/workspace/mvnw -B -ntp -s /home/lnk85/SymmariesProjectBits/symmaries-maven-evaluation/config/settings-pilot-host.xml -Dmaven.repo.local=/home/lnk85/SymmariesProjectBits/symmaries-maven-evaluation/results/batch-2-300-d1-runs/RCM-10600/D1/attempt-1/m2 clean package -DskipTests -Dmaven.javadoc.skip -Dgpg.skip,none,false,false,true,,,,,,,results/batch-2-300-d1-runs/RCM-10600/D1/attempt-1/maven.log,,Initial explicit-goal Symmaries pilot runner
RCM-02126,pilot-primary,D1,1,FAIL_BUILD,1,2026-08-10T20:17:27+00:00,2026-08-10T20:18:07+00:00,39.942,work/pilot/RCM-02126/D1/attempt-1/workspace,results/batch-2-300-d1-runs/RCM-02126/D1/attempt-1/m2,.,benchmark-fallback,/home/lnk85/SymmariesProjectBits/symmaries-maven-evaluation/config/policies/empty-sources-and-sinks.xml,/home/lnk85/SymmariesProjectBits/symmaries-maven-evaluation/config/policies/empty-sources-and-sinks.xml,3f2d50ad2de30a80ce3fcf7a7fd8ef57f2aa30bdd621bc753d6165b0790b27fc,timeout 20m mvn -B -ntp -s /home/lnk85/SymmariesProjectBits/symmaries-maven-evaluation/config/settings-pilot-host.xml -Dmaven.repo.local=/home/lnk85/SymmariesProjectBits/symmaries-maven-evaluation/results/batch-2-300-d1-runs/RCM-02126/D1/attempt-1/m2 -Prelease clean package -DskipTests -Dmaven.javadoc.skip -Dgpg.skip,none,false,false,true,,,,,,,results/batch-2-300-d1-runs/RCM-02126/D1/attempt-1/maven.log,MAVEN_OR_PLUGIN_FAILURE,Initial explicit-goal Symmaries pilot runner
RCM-09292,pilot-primary,D1,1,PASS,0,2026-08-10T20:18:07+00:00,2026-08-10T20:18:29+00:00,21.532,work/pilot/RCM-09292/D1/attempt-1/workspace,results/batch-2-300-d1-runs/RCM-09292/D1/attempt-1/m2,.,benchmark-fallback,/home/lnk85/SymmariesProjectBits/symmaries-maven-evaluation/config/policies/empty-sources-and-sinks.xml,/home/lnk85/SymmariesProjectBits/symmaries-maven-evaluation/config/policies/empty-sources-and-sinks.xml,3f2d50ad2de30a80ce3fcf7a7fd8ef57f2aa30bdd621bc753d6165b0790b27fc,timeout 20m mvn -B -ntp -s /home/lnk85/SymmariesProjectBits/symmaries-maven-evaluation/config/settings-pilot-host.xml -Dmaven.repo.local=/home/lnk85/SymmariesProjectBits/symmaries-maven-evaluation/results/batch-2-300-d1-runs/RCM-09292/D1/attempt-1/m2 -Prelease clean package -DskipTests -Dmaven.javadoc.skip -Dgpg.skip,none,false,false,true,,,,,,,results/batch-2-300-d1-runs/RCM-09292/D1/attempt-1/maven.log,,Initial explicit-goal Symmaries pilot runner
RCM-07766,pilot-primary,D1,1,PASS,0,2026-08-10T20:18:29+00:00,2026-08-10T20:18:54+00:00,24.772,work/pilot/RCM-07766/D1/attempt-1/workspace,results/batch-2-300-d1-runs/RCM-07766/D1/attempt-1/m2,.,benchmark-fallback,/home/lnk85/SymmariesProjectBits/symmaries-maven-evaluation/config/policies/empty-sources-and-sinks.xml,/home/lnk85/SymmariesProjectBits/symmaries-maven-evaluation/config/policies/empty-sources-and-sinks.xml,3f2d50ad2de30a80ce3fcf7a7fd8ef57f2aa30bdd621bc753d6165b0790b27fc,timeout 20m mvn -B -ntp -s /home/lnk85/SymmariesProjectBits/symmaries-maven-evaluation/config/settings-pilot-host.xml -Dmaven.repo.local=/home/lnk85/SymmariesProjectBits/symmaries-maven-evaluation/results/batch-2-300-d1-runs/RCM-07766/D1/attempt-1/m2 -Papache-release clean package -DskipTests -Dmaven.javadoc.skip -Dgpg.skip,none,false,false,true,,,,,,,results/batch-2-300-d1-runs/RCM-07766/D1/attempt-1/maven.log,,Initial explicit-goal Symmaries pilot runner
RCM-10808,pilot-primary,D1,1,FAIL_BUILD,1,2026-08-10T20:18:54+00:00,2026-08-10T20:19:00+00:00,6.247,work/pilot/RCM-10808/D1/attempt-1/workspace,results/batch-2-300-d1-runs/RCM-10808/D1/attempt-1/m2,.,benchmark-fallback,/home/lnk85/SymmariesProjectBits/symmaries-maven-evaluation/config/policies/empty-sources-and-sinks.xml,/home/lnk85/SymmariesProjectBits/symmaries-maven-evaluation/config/policies/empty-sources-and-sinks.xml,3f2d50ad2de30a80ce3fcf7a7fd8ef57f2aa30bdd621bc753d6165b0790b27fc,timeout 20m mvn -B -ntp -s /home/lnk85/SymmariesProjectBits/symmaries-maven-evaluation/config/settings-pilot-host.xml -Dmaven.repo.local=/home/lnk85/SymmariesProjectBits/symmaries-maven-evaluation/results/batch-2-300-d1-runs/RCM-10808/D1/attempt-1/m2 -Prelease clean package -DskipTests -Dmaven.javadoc.skip -Dgpg.skip,none,false,false,true,,,,,,,results/batch-2-300-d1-runs/RCM-10808/D1/attempt-1/maven.log,MAVEN_OR_PLUGIN_FAILURE,Initial explicit-goal Symmaries pilot runner
RCM-01646,pilot-primary,D1,1,PASS,0,2026-08-10T20:19:00+00:00,2026-08-10T20:19:11+00:00,10.603,work/pilot/RCM-01646/D1/attempt-1/workspace,results/batch-2-300-d1-runs/RCM-01646/D1/attempt-1/m2,.,benchmark-fallback,/home/lnk85/SymmariesProjectBits/symmaries-maven-evaluation/config/policies/empty-sources-and-sinks.xml,/home/lnk85/SymmariesProjectBits/symmaries-maven-evaluation/config/policies/empty-sources-and-sinks.xml,3f2d50ad2de30a80ce3fcf7a7fd8ef57f2aa30bdd621bc753d6165b0790b27fc,timeout 20m /home/lnk85/SymmariesProjectBits/symmaries-maven-evaluation/work/pilot/RCM-01646/D1/attempt-1/workspace/mvnw -B -ntp -s /home/lnk85/SymmariesProjectBits/symmaries-maven-evaluation/config/settings-pilot-host.xml -Dmaven.repo.local=/home/lnk85/SymmariesProjectBits/symmaries-maven-evaluation/results/batch-2-300-d1-runs/RCM-01646/D1/attempt-1/m2 -Papache-release clean package -DskipTests -Dmaven.javadoc.skip -Dgpg.skip,none,false,false,true,,,,,,,results/batch-2-300-d1-runs/RCM-01646/D1/attempt-1/maven.log,,Initial explicit-goal Symmaries pilot runner
RCM-10405,pilot-primary,D1,1,PASS,0,2026-08-10T20:19:11+00:00,2026-08-10T20:19:20+00:00,9.337,work/pilot/RCM-10405/D1/attempt-1/workspace,results/batch-2-300-d1-runs/RCM-10405/D1/attempt-1/m2,.,benchmark-fallback,/home/lnk85/SymmariesProjectBits/symmaries-maven-evaluation/config/policies/empty-sources-and-sinks.xml,/home/lnk85/SymmariesProjectBits/symmaries-maven-evaluation/config/policies/empty-sources-and-sinks.xml,3f2d50ad2de30a80ce3fcf7a7fd8ef57f2aa30bdd621bc753d6165b0790b27fc,timeout 20m mvn -B -ntp -s /home/lnk85/SymmariesProjectBits/symmaries-maven-evaluation/config/settings-pilot-host.xml -Dmaven.repo.local=/home/lnk85/SymmariesProjectBits/symmaries-maven-evaluation/results/batch-2-300-d1-runs/RCM-10405/D1/attempt-1/m2 clean package -DskipTests -Dmaven.javadoc.skip -Dgpg.skip,none,false,false,true,,,,,,,results/batch-2-300-d1-runs/RCM-10405/D1/attempt-1/maven.log,,Initial explicit-goal Symmaries pilot runner
RCM-07209,pilot-primary,D1,1,PASS,0,2026-08-10T20:19:20+00:00,2026-08-10T20:19:38+00:00,18.294,work/pilot/RCM-07209/D1/attempt-1/workspace,results/batch-2-300-d1-runs/RCM-07209/D1/attempt-1/m2,.,benchmark-fallback,/home/lnk85/SymmariesProjectBits/symmaries-maven-evaluation/config/policies/empty-sources-and-sinks.xml,/home/lnk85/SymmariesProjectBits/symmaries-maven-evaluation/config/policies/empty-sources-and-sinks.xml,3f2d50ad2de30a80ce3fcf7a7fd8ef57f2aa30bdd621bc753d6165b0790b27fc,timeout 20m mvn -B -ntp -s /home/lnk85/SymmariesProjectBits/symmaries-maven-evaluation/config/settings-pilot-host.xml -Dmaven.repo.local=/home/lnk85/SymmariesProjectBits/symmaries-maven-evaluation/results/batch-2-300-d1-runs/RCM-07209/D1/attempt-1/m2 -Papache-release clean package -DskipTests -Dmaven.javadoc.skip -Dgpg.skip,none,false,false,true,,,,,,,results/batch-2-300-d1-runs/RCM-07209/D1/attempt-1/maven.log,,Initial explicit-goal Symmaries pilot runner
RCM-06503,pilot-primary,D1,1,PASS,0,2026-08-10T20:19:38+00:00,2026-08-10T20:19:56+00:00,17.993,work/pilot/RCM-06503/D1/attempt-1/workspace,results/batch-2-300-d1-runs/RCM-06503/D1/attempt-1/m2,.,benchmark-fallback,/home/lnk85/SymmariesProjectBits/symmaries-maven-evaluation/config/policies/empty-sources-and-sinks.xml,/home/lnk85/SymmariesProjectBits/symmaries-maven-evaluation/config/policies/empty-sources-and-sinks.xml,3f2d50ad2de30a80ce3fcf7a7fd8ef57f2aa30bdd621bc753d6165b0790b27fc,timeout 20m mvn -B -ntp -s /home/lnk85/SymmariesProjectBits/symmaries-maven-evaluation/config/settings-pilot-host.xml -Dmaven.repo.local=/home/lnk85/SymmariesProjectBits/symmaries-maven-evaluation/results/batch-2-300-d1-runs/RCM-06503/D1/attempt-1/m2 -Prelease clean:clean package -DskipTests -Dmaven.javadoc.skip -Dgpg.skip -Dcyclonedx.skip -Dcommons.release.dryRun -Dcommons.release.isDistModule -Dbuildinfo.ignore=,none,false,false,true,,,,,,,results/batch-2-300-d1-runs/RCM-06503/D1/attempt-1/maven.log,,Initial explicit-goal Symmaries pilot runner
RCM-06398,pilot-primary,D1,1,PASS,0,2026-08-10T20:19:56+00:00,2026-08-10T20:20:10+00:00,13.895,work/pilot/RCM-06398/D1/attempt-1/workspace,results/batch-2-300-d1-runs/RCM-06398/D1/attempt-1/m2,.,benchmark-fallback,/home/lnk85/SymmariesProjectBits/symmaries-maven-evaluation/config/policies/empty-sources-and-sinks.xml,/home/lnk85/SymmariesProjectBits/symmaries-maven-evaluation/config/policies/empty-sources-and-sinks.xml,3f2d50ad2de30a80ce3fcf7a7fd8ef57f2aa30bdd621bc753d6165b0790b27fc,timeout 20m mvn -B -ntp -s /home/lnk85/SymmariesProjectBits/symmaries-maven-evaluation/config/settings-pilot-host.xml -Dmaven.repo.local=/home/lnk85/SymmariesProjectBits/symmaries-maven-evaluation/results/batch-2-300-d1-runs/RCM-06398/D1/attempt-1/m2 -Papache-release clean package -DskipTests -Dmaven.javadoc.skip -Dgpg.skip,none,false,false,true,,,,,,,results/batch-2-300-d1-runs/RCM-06398/D1/attempt-1/maven.log,,Initial explicit-goal Symmaries pilot runner
RCM-04726,pilot-primary,D1,1,FAIL_BUILD,1,2026-08-10T20:20:10+00:00,2026-08-10T20:20:15+00:00,4.447,work/pilot/RCM-04726/D1/attempt-1/workspace,results/batch-2-300-d1-runs/RCM-04726/D1/attempt-1/m2,.,benchmark-fallback,/home/lnk85/SymmariesProjectBits/symmaries-maven-evaluation/config/policies/empty-sources-and-sinks.xml,/home/lnk85/SymmariesProjectBits/symmaries-maven-evaluation/config/policies/empty-sources-and-sinks.xml,3f2d50ad2de30a80ce3fcf7a7fd8ef57f2aa30bdd621bc753d6165b0790b27fc,timeout 20m mvn -B -ntp -s /home/lnk85/SymmariesProjectBits/symmaries-maven-evaluation/config/settings-pilot-host.xml -Dmaven.repo.local=/home/lnk85/SymmariesProjectBits/symmaries-maven-evaluation/results/batch-2-300-d1-runs/RCM-04726/D1/attempt-1/m2 '-P!full' clean package -DskipTests -Dmaven.javadoc.skip -Dgpg.skip,none,false,false,true,,,,,,,results/batch-2-300-d1-runs/RCM-04726/D1/attempt-1/maven.log,MAVEN_OR_PLUGIN_FAILURE,Initial explicit-goal Symmaries pilot runner
RCM-02141,pilot-primary,D1,1,FAIL_BUILD,1,2026-08-10T20:20:15+00:00,2026-08-10T20:21:07+00:00,52.355,work/pilot/RCM-02141/D1/attempt-1/workspace,results/batch-2-300-d1-runs/RCM-02141/D1/attempt-1/m2,.,benchmark-fallback,/home/lnk85/SymmariesProjectBits/symmaries-maven-evaluation/config/policies/empty-sources-and-sinks.xml,/home/lnk85/SymmariesProjectBits/symmaries-maven-evaluation/config/policies/empty-sources-and-sinks.xml,3f2d50ad2de30a80ce3fcf7a7fd8ef57f2aa30bdd621bc753d6165b0790b27fc,timeout 20m mvn -B -ntp -s /home/lnk85/SymmariesProjectBits/symmaries-maven-evaluation/config/settings-pilot-host.xml -Dmaven.repo.local=/home/lnk85/SymmariesProjectBits/symmaries-maven-evaluation/results/batch-2-300-d1-runs/RCM-02141/D1/attempt-1/m2 -f book -Prelease clean package -DskipTests -Dmaven.javadoc.skip -Dgpg.skip,none,false,false,true,,,,,,,results/batch-2-300-d1-runs/RCM-02141/D1/attempt-1/maven.log,MAVEN_OR_PLUGIN_FAILURE,Initial explicit-goal Symmaries pilot runner
RCM-01441,pilot-primary,D1,1,PASS,0,2026-08-10T20:21:07+00:00,2026-08-10T20:21:24+00:00,16.678,work/pilot/RCM-01441/D1/attempt-1/workspace,results/batch-2-300-d1-runs/RCM-01441/D1/attempt-1/m2,.,benchmark-fallback,/home/lnk85/SymmariesProjectBits/symmaries-maven-evaluation/config/policies/empty-sources-and-sinks.xml,/home/lnk85/SymmariesProjectBits/symmaries-maven-evaluation/config/policies/empty-sources-and-sinks.xml,3f2d50ad2de30a80ce3fcf7a7fd8ef57f2aa30bdd621bc753d6165b0790b27fc,timeout 20m mvn -B -ntp -s /home/lnk85/SymmariesProjectBits/symmaries-maven-evaluation/config/settings-pilot-host.xml -Dmaven.repo.local=/home/lnk85/SymmariesProjectBits/symmaries-maven-evaluation/results/batch-2-300-d1-runs/RCM-01441/D1/attempt-1/m2 clean package -Prelease -DskipTests -Dmaven.javadoc.skip -Dgpg.skip,none,false,false,true,,,,,,,results/batch-2-300-d1-runs/RCM-01441/D1/attempt-1/maven.log,,Initial explicit-goal Symmaries pilot runner
RCM-01417,pilot-primary,D1,1,PASS,0,2026-08-10T20:21:24+00:00,2026-08-10T20:21:53+00:00,28.749,work/pilot/RCM-01417/D1/attempt-1/workspace,results/batch-2-300-d1-runs/RCM-01417/D1/attempt-1/m2,.,benchmark-fallback,/home/lnk85/SymmariesProjectBits/symmaries-maven-evaluation/config/policies/empty-sources-and-sinks.xml,/home/lnk85/SymmariesProjectBits/symmaries-maven-evaluation/config/policies/empty-sources-and-sinks.xml,3f2d50ad2de30a80ce3fcf7a7fd8ef57f2aa30bdd621bc753d6165b0790b27fc,timeout 20m mvn -B -ntp -s /home/lnk85/SymmariesProjectBits/symmaries-maven-evaluation/config/settings-pilot-host.xml -Dmaven.repo.local=/home/lnk85/SymmariesProjectBits/symmaries-maven-evaluation/results/batch-2-300-d1-runs/RCM-01417/D1/attempt-1/m2 clean package -Prelease -DskipTests -Dmaven.javadoc.skip -Dgpg.skip,none,false,false,true,,,,,,,results/batch-2-300-d1-runs/RCM-01417/D1/attempt-1/maven.log,,Initial explicit-goal Symmaries pilot runner
RCM-07793,pilot-primary,D1,1,PASS,0,2026-08-10T20:21:53+00:00,2026-08-10T20:22:02+00:00,9.55,work/pilot/RCM-07793/D1/attempt-1/workspace,results/batch-2-300-d1-runs/RCM-07793/D1/attempt-1/m2,.,benchmark-fallback,/home/lnk85/SymmariesProjectBits/symmaries-maven-evaluation/config/policies/empty-sources-and-sinks.xml,/home/lnk85/SymmariesProjectBits/symmaries-maven-evaluation/config/policies/empty-sources-and-sinks.xml,3f2d50ad2de30a80ce3fcf7a7fd8ef57f2aa30bdd621bc753d6165b0790b27fc,timeout 20m /home/lnk85/SymmariesProjectBits/symmaries-maven-evaluation/work/pilot/RCM-07793/D1/attempt-1/workspace/mvnw -B -ntp -s /home/lnk85/SymmariesProjectBits/symmaries-maven-evaluation/config/settings-pilot-host.xml -Dmaven.repo.local=/home/lnk85/SymmariesProjectBits/symmaries-maven-evaluation/results/batch-2-300-d1-runs/RCM-07793/D1/attempt-1/m2 -Papache-release clean package -DskipTests -Dmaven.javadoc.skip -Dgpg.skip,none,false,false,true,,,,,,,results/batch-2-300-d1-runs/RCM-07793/D1/attempt-1/maven.log,,Initial explicit-goal Symmaries pilot runner
RCM-09313,pilot-primary,D1,1,PASS,0,2026-08-10T20:22:02+00:00,2026-08-10T20:22:13+00:00,10.584,work/pilot/RCM-09313/D1/attempt-1/workspace,results/batch-2-300-d1-runs/RCM-09313/D1/attempt-1/m2,.,benchmark-fallback,/home/lnk85/SymmariesProjectBits/symmaries-maven-evaluation/config/policies/empty-sources-and-sinks.xml,/home/lnk85/SymmariesProjectBits/symmaries-maven-evaluation/config/policies/empty-sources-and-sinks.xml,3f2d50ad2de30a80ce3fcf7a7fd8ef57f2aa30bdd621bc753d6165b0790b27fc,timeout 20m mvn -B -ntp -s /home/lnk85/SymmariesProjectBits/symmaries-maven-evaluation/config/settings-pilot-host.xml -Dmaven.repo.local=/home/lnk85/SymmariesProjectBits/symmaries-maven-evaluation/results/batch-2-300-d1-runs/RCM-09313/D1/attempt-1/m2 -Poss-release clean package -DskipTests -Dmaven.javadoc.skip -Dgpg.skip,none,false,false,true,,,,,,,results/batch-2-300-d1-runs/RCM-09313/D1/attempt-1/maven.log,,Initial explicit-goal Symmaries pilot runner
RCM-00276,pilot-primary,D1,1,PASS,0,2026-08-10T20:22:13+00:00,2026-08-10T20:22:27+00:00,14.404,work/pilot/RCM-00276/D1/attempt-1/workspace,results/batch-2-300-d1-runs/RCM-00276/D1/attempt-1/m2,.,benchmark-fallback,/home/lnk85/SymmariesProjectBits/symmaries-maven-evaluation/config/policies/empty-sources-and-sinks.xml,/home/lnk85/SymmariesProjectBits/symmaries-maven-evaluation/config/policies/empty-sources-and-sinks.xml,3f2d50ad2de30a80ce3fcf7a7fd8ef57f2aa30bdd621bc753d6165b0790b27fc,timeout 20m /home/lnk85/SymmariesProjectBits/symmaries-maven-evaluation/work/pilot/RCM-00276/D1/attempt-1/workspace/mvnw -B -ntp -s /home/lnk85/SymmariesProjectBits/symmaries-maven-evaluation/config/settings-pilot-host.xml -Dmaven.repo.local=/home/lnk85/SymmariesProjectBits/symmaries-maven-evaluation/results/batch-2-300-d1-runs/RCM-00276/D1/attempt-1/m2 -Prelease clean package -DskipTests -Dmaven.javadoc.skip -Dgpg.skip,none,false,false,true,,,,,,,results/batch-2-300-d1-runs/RCM-00276/D1/attempt-1/maven.log,,Initial explicit-goal Symmaries pilot runner
RCM-03970,pilot-primary,D1,1,FAIL_ENVIRONMENT,-1,2026-08-10T20:22:27+00:00,2026-08-10T20:22:28+00:00,0.027,work/pilot/RCM-03970/D1/attempt-1/workspace,results/batch-2-300-d1-runs/RCM-03970/D1/attempt-1/m2,.,,,,,,none,false,false,true,,,,,,,results/batch-2-300-d1-runs/RCM-03970/D1/attempt-1/maven.log,RUNNER_EXCEPTION,Initial explicit-goal Symmaries pilot runner
RCM-08894,pilot-primary,D1,1,FAIL_BUILD,1,2026-08-10T20:22:28+00:00,2026-08-10T20:22:30+00:00,1.987,work/pilot/RCM-08894/D1/attempt-1/workspace,results/batch-2-300-d1-runs/RCM-08894/D1/attempt-1/m2,.,benchmark-fallback,/home/lnk85/SymmariesProjectBits/symmaries-maven-evaluation/config/policies/empty-sources-and-sinks.xml,/home/lnk85/SymmariesProjectBits/symmaries-maven-evaluation/config/policies/empty-sources-and-sinks.xml,3f2d50ad2de30a80ce3fcf7a7fd8ef57f2aa30bdd621bc753d6165b0790b27fc,timeout 20m mvn -B -ntp -s /home/lnk85/SymmariesProjectBits/symmaries-maven-evaluation/config/settings-pilot-host.xml -Dmaven.repo.local=/home/lnk85/SymmariesProjectBits/symmaries-maven-evaluation/results/batch-2-300-d1-runs/RCM-08894/D1/attempt-1/m2 -Pmojo-release clean package -DskipTests -Dmaven.javadoc.skip -Dgpg.skip,none,false,false,true,,,,,,,results/batch-2-300-d1-runs/RCM-08894/D1/attempt-1/maven.log,MAVEN_OR_PLUGIN_FAILURE,Initial explicit-goal Symmaries pilot runner
RCM-02516,pilot-primary,D1,1,PASS,0,2026-08-10T20:22:30+00:00,2026-08-10T20:22:44+00:00,14.198,work/pilot/RCM-02516/D1/attempt-1/workspace,results/batch-2-300-d1-runs/RCM-02516/D1/attempt-1/m2,.,benchmark-fallback,/home/lnk85/SymmariesProjectBits/symmaries-maven-evaluation/config/policies/empty-sources-and-sinks.xml,/home/lnk85/SymmariesProjectBits/symmaries-maven-evaluation/config/policies/empty-sources-and-sinks.xml,3f2d50ad2de30a80ce3fcf7a7fd8ef57f2aa30bdd621bc753d6165b0790b27fc,timeout 20m mvn -B -ntp -s /home/lnk85/SymmariesProjectBits/symmaries-maven-evaluation/config/settings-pilot-host.xml -Dmaven.repo.local=/home/lnk85/SymmariesProjectBits/symmaries-maven-evaluation/results/batch-2-300-d1-runs/RCM-02516/D1/attempt-1/m2 -Prelease clean package -DskipTests -Dmaven.javadoc.skip -Dgpg.skip,none,false,false,true,,,,,,,results/batch-2-300-d1-runs/RCM-02516/D1/attempt-1/maven.log,,Initial explicit-goal Symmaries pilot runner
RCM-07299,pilot-primary,D1,1,PASS,0,2026-08-10T20:22:44+00:00,2026-08-10T20:22:57+00:00,13.619,work/pilot/RCM-07299/D1/attempt-1/workspace,results/batch-2-300-d1-runs/RCM-07299/D1/attempt-1/m2,.,benchmark-fallback,/home/lnk85/SymmariesProjectBits/symmaries-maven-evaluation/config/policies/empty-sources-and-sinks.xml,/home/lnk85/SymmariesProjectBits/symmaries-maven-evaluation/config/policies/empty-sources-and-sinks.xml,3f2d50ad2de30a80ce3fcf7a7fd8ef57f2aa30bdd621bc753d6165b0790b27fc,"timeout 20m mvn -B -ntp -s /home/lnk85/SymmariesProjectBits/symmaries-maven-evaluation/config/settings-pilot-host.xml -Dmaven.repo.local=/home/lnk85/SymmariesProjectBits/symmaries-maven-evaluation/results/batch-2-300-d1-runs/RCM-07299/D1/attempt-1/m2 -Papache-release,run-its clean package -DskipTests -Dinvoker.skip -Dmaven.javadoc.skip -Dgpg.skip",none,false,false,true,,,,,,,results/batch-2-300-d1-runs/RCM-07299/D1/attempt-1/maven.log,,Initial explicit-goal Symmaries pilot runner
RCM-06313,pilot-primary,D1,1,PASS,0,2026-08-10T20:22:58+00:00,2026-08-10T20:25:45+00:00,167.929,work/pilot/RCM-06313/D1/attempt-1/workspace,results/batch-2-300-d1-runs/RCM-06313/D1/attempt-1/m2,.,benchmark-fallback,/home/lnk85/SymmariesProjectBits/symmaries-maven-evaluation/config/policies/empty-sources-and-sinks.xml,/home/lnk85/SymmariesProjectBits/symmaries-maven-evaluation/config/policies/empty-sources-and-sinks.xml,3f2d50ad2de30a80ce3fcf7a7fd8ef57f2aa30bdd621bc753d6165b0790b27fc,timeout 20m mvn -B -ntp -s /home/lnk85/SymmariesProjectBits/symmaries-maven-evaluation/config/settings-pilot-host.xml -Dmaven.repo.local=/home/lnk85/SymmariesProjectBits/symmaries-maven-evaluation/results/batch-2-300-d1-runs/RCM-06313/D1/attempt-1/m2 -Papache-release clean package -DskipTests -Dmaven.javadoc.skip -Dgpg.skip,none,false,false,true,,,,,,,results/batch-2-300-d1-runs/RCM-06313/D1/attempt-1/maven.log,,Initial explicit-goal Symmaries pilot runner
RCM-07804,pilot-primary,D1,1,PASS,0,2026-08-10T20:25:46+00:00,2026-08-10T20:25:55+00:00,9.62,work/pilot/RCM-07804/D1/attempt-1/workspace,results/batch-2-300-d1-runs/RCM-07804/D1/attempt-1/m2,.,benchmark-fallback,/home/lnk85/SymmariesProjectBits/symmaries-maven-evaluation/config/policies/empty-sources-and-sinks.xml,/home/lnk85/SymmariesProjectBits/symmaries-maven-evaluation/config/policies/empty-sources-and-sinks.xml,3f2d50ad2de30a80ce3fcf7a7fd8ef57f2aa30bdd621bc753d6165b0790b27fc,timeout 20m /home/lnk85/SymmariesProjectBits/symmaries-maven-evaluation/work/pilot/RCM-07804/D1/attempt-1/workspace/mvnw -B -ntp -s /home/lnk85/SymmariesProjectBits/symmaries-maven-evaluation/config/settings-pilot-host.xml -Dmaven.repo.local=/home/lnk85/SymmariesProjectBits/symmaries-maven-evaluation/results/batch-2-300-d1-runs/RCM-07804/D1/attempt-1/m2 -Papache-release clean package -DskipTests -Dmaven.javadoc.skip -Dgpg.skip,none,false,false,true,,,,,,,results/batch-2-300-d1-runs/RCM-07804/D1/attempt-1/maven.log,,Initial explicit-goal Symmaries pilot runner
RCM-06665,pilot-primary,D1,1,PASS,0,2026-08-10T20:25:55+00:00,2026-08-10T20:28:49+00:00,173.712,work/pilot/RCM-06665/D1/attempt-1/workspace,results/batch-2-300-d1-runs/RCM-06665/D1/attempt-1/m2,.,benchmark-fallback,/home/lnk85/SymmariesProjectBits/symmaries-maven-evaluation/config/policies/empty-sources-and-sinks.xml,/home/lnk85/SymmariesProjectBits/symmaries-maven-evaluation/config/policies/empty-sources-and-sinks.xml,3f2d50ad2de30a80ce3fcf7a7fd8ef57f2aa30bdd621bc753d6165b0790b27fc,timeout 20m mvn -B -ntp -s /home/lnk85/SymmariesProjectBits/symmaries-maven-evaluation/config/settings-pilot-host.xml -Dmaven.repo.local=/home/lnk85/SymmariesProjectBits/symmaries-maven-evaluation/results/batch-2-300-d1-runs/RCM-06665/D1/attempt-1/m2 -Papache-release clean package -DskipTests -Dmaven.javadoc.skip -Dgpg.skip,none,false,false,true,,,,,,,results/batch-2-300-d1-runs/RCM-06665/D1/attempt-1/maven.log,,Initial explicit-goal Symmaries pilot runner
RCM-06610,pilot-primary,D1,1,PASS,0,2026-08-10T20:28:49+00:00,2026-08-10T20:29:05+00:00,16.361,work/pilot/RCM-06610/D1/attempt-1/workspace,results/batch-2-300-d1-runs/RCM-06610/D1/attempt-1/m2,.,benchmark-fallback,/home/lnk85/SymmariesProjectBits/symmaries-maven-evaluation/config/policies/empty-sources-and-sinks.xml,/home/lnk85/SymmariesProjectBits/symmaries-maven-evaluation/config/policies/empty-sources-and-sinks.xml,3f2d50ad2de30a80ce3fcf7a7fd8ef57f2aa30bdd621bc753d6165b0790b27fc,timeout 20m mvn -B -ntp -s /home/lnk85/SymmariesProjectBits/symmaries-maven-evaluation/config/settings-pilot-host.xml -Dmaven.repo.local=/home/lnk85/SymmariesProjectBits/symmaries-maven-evaluation/results/batch-2-300-d1-runs/RCM-06610/D1/attempt-1/m2 -Papache-release clean package -DskipTests -Dmaven.javadoc.skip -Dgpg.skip -Dassembly.skipAssembly -Dbuildinfo.ignore=,none,false,false,true,,,,,,,results/batch-2-300-d1-runs/RCM-06610/D1/attempt-1/maven.log,,Initial explicit-goal Symmaries pilot runner
RCM-10251,pilot-primary,D1,1,PASS,0,2026-08-10T20:29:05+00:00,2026-08-10T20:29:14+00:00,8.353,work/pilot/RCM-10251/D1/attempt-1/workspace,results/batch-2-300-d1-runs/RCM-10251/D1/attempt-1/m2,.,benchmark-fallback,/home/lnk85/SymmariesProjectBits/symmaries-maven-evaluation/config/policies/empty-sources-and-sinks.xml,/home/lnk85/SymmariesProjectBits/symmaries-maven-evaluation/config/policies/empty-sources-and-sinks.xml,3f2d50ad2de30a80ce3fcf7a7fd8ef57f2aa30bdd621bc753d6165b0790b27fc,timeout 20m mvn -B -ntp -s /home/lnk85/SymmariesProjectBits/symmaries-maven-evaluation/config/settings-pilot-host.xml -Dmaven.repo.local=/home/lnk85/SymmariesProjectBits/symmaries-maven-evaluation/results/batch-2-300-d1-runs/RCM-10251/D1/attempt-1/m2 clean package -DskipTests -Dmaven.javadoc.skip -Dgpg.skip,none,false,false,true,,,,,,,results/batch-2-300-d1-runs/RCM-10251/D1/attempt-1/maven.log,,Initial explicit-goal Symmaries pilot runner
RCM-09024,pilot-primary,D1,1,FAIL_BUILD,1,2026-08-10T20:29:14+00:00,2026-08-10T20:29:18+00:00,4.124,work/pilot/RCM-09024/D1/attempt-1/workspace,results/batch-2-300-d1-runs/RCM-09024/D1/attempt-1/m2,.,benchmark-fallback,/home/lnk85/SymmariesProjectBits/symmaries-maven-evaluation/config/policies/empty-sources-and-sinks.xml,/home/lnk85/SymmariesProjectBits/symmaries-maven-evaluation/config/policies/empty-sources-and-sinks.xml,3f2d50ad2de30a80ce3fcf7a7fd8ef57f2aa30bdd621bc753d6165b0790b27fc,timeout 20m mvn -B -ntp -s /home/lnk85/SymmariesProjectBits/symmaries-maven-evaluation/config/settings-pilot-host.xml -Dmaven.repo.local=/home/lnk85/SymmariesProjectBits/symmaries-maven-evaluation/results/batch-2-300-d1-runs/RCM-09024/D1/attempt-1/m2 -Pmojo-release clean package -DskipTests -Dmaven.javadoc.skip -Dgpg.skip,none,false,false,true,,,,,,,results/batch-2-300-d1-runs/RCM-09024/D1/attempt-1/maven.log,MAVEN_OR_PLUGIN_FAILURE,Initial explicit-goal Symmaries pilot runner
RCM-02299,pilot-primary,D1,1,PASS,0,2026-08-10T20:29:18+00:00,2026-08-10T20:31:58+00:00,159.675,work/pilot/RCM-02299/D1/attempt-1/workspace,results/batch-2-300-d1-runs/RCM-02299/D1/attempt-1/m2,.,benchmark-fallback,/home/lnk85/SymmariesProjectBits/symmaries-maven-evaluation/config/policies/empty-sources-and-sinks.xml,/home/lnk85/SymmariesProjectBits/symmaries-maven-evaluation/config/policies/empty-sources-and-sinks.xml,3f2d50ad2de30a80ce3fcf7a7fd8ef57f2aa30bdd621bc753d6165b0790b27fc,timeout 20m /home/lnk85/SymmariesProjectBits/symmaries-maven-evaluation/work/pilot/RCM-02299/D1/attempt-1/workspace/mvnw -B -ntp -s /home/lnk85/SymmariesProjectBits/symmaries-maven-evaluation/config/settings-pilot-host.xml -Dmaven.repo.local=/home/lnk85/SymmariesProjectBits/symmaries-maven-evaluation/results/batch-2-300-d1-runs/RCM-02299/D1/attempt-1/m2 -Pfull clean package -DskipTests -Drpm.disabled -pl -arthas-vmtool,none,false,false,true,,,,,,,results/batch-2-300-d1-runs/RCM-02299/D1/attempt-1/maven.log,,Initial explicit-goal Symmaries pilot runner
RCM-10732,pilot-primary,D1,1,PASS,0,2026-08-10T20:31:58+00:00,2026-08-10T20:32:12+00:00,14.187,work/pilot/RCM-10732/D1/attempt-1/workspace,results/batch-2-300-d1-runs/RCM-10732/D1/attempt-1/m2,.,benchmark-fallback,/home/lnk85/SymmariesProjectBits/symmaries-maven-evaluation/config/policies/empty-sources-and-sinks.xml,/home/lnk85/SymmariesProjectBits/symmaries-maven-evaluation/config/policies/empty-sources-and-sinks.xml,3f2d50ad2de30a80ce3fcf7a7fd8ef57f2aa30bdd621bc753d6165b0790b27fc,timeout 20m mvn -B -ntp -s /home/lnk85/SymmariesProjectBits/symmaries-maven-evaluation/config/settings-pilot-host.xml -Dmaven.repo.local=/home/lnk85/SymmariesProjectBits/symmaries-maven-evaluation/results/batch-2-300-d1-runs/RCM-10732/D1/attempt-1/m2 clean package -DskipTests -Dmaven.javadoc.skip -Dgpg.skip,none,false,false,true,,,,,,,results/batch-2-300-d1-runs/RCM-10732/D1/attempt-1/maven.log,,Initial explicit-goal Symmaries pilot runner
RCM-07770,pilot-primary,D1,1,FAIL_BUILD,1,2026-08-10T20:32:12+00:00,2026-08-10T20:32:17+00:00,5.49,work/pilot/RCM-07770/D1/attempt-1/workspace,results/batch-2-300-d1-runs/RCM-07770/D1/attempt-1/m2,.,benchmark-fallback,/home/lnk85/SymmariesProjectBits/symmaries-maven-evaluation/config/policies/empty-sources-and-sinks.xml,/home/lnk85/SymmariesProjectBits/symmaries-maven-evaluation/config/policies/empty-sources-and-sinks.xml,3f2d50ad2de30a80ce3fcf7a7fd8ef57f2aa30bdd621bc753d6165b0790b27fc,timeout 20m mvn -B -ntp -s /home/lnk85/SymmariesProjectBits/symmaries-maven-evaluation/config/settings-pilot-host.xml -Dmaven.repo.local=/home/lnk85/SymmariesProjectBits/symmaries-maven-evaluation/results/batch-2-300-d1-runs/RCM-07770/D1/attempt-1/m2 -Papache-release clean package -DskipTests -Dmaven.javadoc.skip -Dgpg.skip,none,false,false,true,,,,,,,results/batch-2-300-d1-runs/RCM-07770/D1/attempt-1/maven.log,MAVEN_OR_PLUGIN_FAILURE,Initial explicit-goal Symmaries pilot runner
RCM-11073,pilot-primary,D1,1,PASS,0,2026-08-10T20:32:17+00:00,2026-08-10T20:32:43+00:00,25.072,work/pilot/RCM-11073/D1/attempt-1/workspace,results/batch-2-300-d1-runs/RCM-11073/D1/attempt-1/m2,.,benchmark-fallback,/home/lnk85/SymmariesProjectBits/symmaries-maven-evaluation/config/policies/empty-sources-and-sinks.xml,/home/lnk85/SymmariesProjectBits/symmaries-maven-evaluation/config/policies/empty-sources-and-sinks.xml,3f2d50ad2de30a80ce3fcf7a7fd8ef57f2aa30bdd621bc753d6165b0790b27fc,timeout 20m /home/lnk85/SymmariesProjectBits/symmaries-maven-evaluation/work/pilot/RCM-11073/D1/attempt-1/workspace/mvnw -B -ntp -s /home/lnk85/SymmariesProjectBits/symmaries-maven-evaluation/config/settings-pilot-host.xml -Dmaven.repo.local=/home/lnk85/SymmariesProjectBits/symmaries-maven-evaluation/results/batch-2-300-d1-runs/RCM-11073/D1/attempt-1/m2 -Prelease clean package -DskipTests -Dmaven.javadoc.skip -Dgpg.skip -Dbuildinfo.ignore=,none,false,false,true,,,,,,,results/batch-2-300-d1-runs/RCM-11073/D1/attempt-1/maven.log,,Initial explicit-goal Symmaries pilot runner
RCM-08056,pilot-primary,D1,1,PASS,0,2026-08-10T20:32:43+00:00,2026-08-10T20:33:05+00:00,22.852,work/pilot/RCM-08056/D1/attempt-1/workspace,results/batch-2-300-d1-runs/RCM-08056/D1/attempt-1/m2,.,benchmark-fallback,/home/lnk85/SymmariesProjectBits/symmaries-maven-evaluation/config/policies/empty-sources-and-sinks.xml,/home/lnk85/SymmariesProjectBits/symmaries-maven-evaluation/config/policies/empty-sources-and-sinks.xml,3f2d50ad2de30a80ce3fcf7a7fd8ef57f2aa30bdd621bc753d6165b0790b27fc,timeout 20m mvn -B -ntp -s /home/lnk85/SymmariesProjectBits/symmaries-maven-evaluation/config/settings-pilot-host.xml -Dmaven.repo.local=/home/lnk85/SymmariesProjectBits/symmaries-maven-evaluation/results/batch-2-300-d1-runs/RCM-08056/D1/attempt-1/m2 -Papache-release clean package -DskipTests -Dmaven.javadoc.skip -Dgpg.skip,none,false,false,true,,,,,,,results/batch-2-300-d1-runs/RCM-08056/D1/attempt-1/maven.log,,Initial explicit-goal Symmaries pilot runner
RCM-06985,pilot-primary,D1,1,PASS,0,2026-08-10T20:33:06+00:00,2026-08-10T20:36:56+00:00,230.458,work/pilot/RCM-06985/D1/attempt-1/workspace,results/batch-2-300-d1-runs/RCM-06985/D1/attempt-1/m2,.,benchmark-fallback,/home/lnk85/SymmariesProjectBits/symmaries-maven-evaluation/config/policies/empty-sources-and-sinks.xml,/home/lnk85/SymmariesProjectBits/symmaries-maven-evaluation/config/policies/empty-sources-and-sinks.xml,3f2d50ad2de30a80ce3fcf7a7fd8ef57f2aa30bdd621bc753d6165b0790b27fc,timeout 20m /home/lnk85/SymmariesProjectBits/symmaries-maven-evaluation/work/pilot/RCM-06985/D1/attempt-1/workspace/mvnw -B -ntp -s /home/lnk85/SymmariesProjectBits/symmaries-maven-evaluation/config/settings-pilot-host.xml -Dmaven.repo.local=/home/lnk85/SymmariesProjectBits/symmaries-maven-evaluation/results/batch-2-300-d1-runs/RCM-06985/D1/attempt-1/m2 -Prelease clean package -DskipTests -Dmaven.javadoc.skip,none,false,false,true,,,,,,,results/batch-2-300-d1-runs/RCM-06985/D1/attempt-1/maven.log,,Initial explicit-goal Symmaries pilot runner
RCM-06102,pilot-primary,D1,1,FAIL_BUILD,1,2026-08-10T20:36:56+00:00,2026-08-10T20:36:58+00:00,2.107,work/pilot/RCM-06102/D1/attempt-1/workspace,results/batch-2-300-d1-runs/RCM-06102/D1/attempt-1/m2,.,benchmark-fallback,/home/lnk85/SymmariesProjectBits/symmaries-maven-evaluation/config/policies/empty-sources-and-sinks.xml,/home/lnk85/SymmariesProjectBits/symmaries-maven-evaluation/config/policies/empty-sources-and-sinks.xml,3f2d50ad2de30a80ce3fcf7a7fd8ef57f2aa30bdd621bc753d6165b0790b27fc,timeout 20m mvn -B -ntp -s /home/lnk85/SymmariesProjectBits/symmaries-maven-evaluation/config/settings-pilot-host.xml -Dmaven.repo.local=/home/lnk85/SymmariesProjectBits/symmaries-maven-evaluation/results/batch-2-300-d1-runs/RCM-06102/D1/attempt-1/m2 -Prelease clean verify -DskipTests -Dmaven.javadoc.skip -Dgpg.skip,none,false,false,true,,,,,,,results/batch-2-300-d1-runs/RCM-06102/D1/attempt-1/maven.log,MAVEN_OR_PLUGIN_FAILURE,Initial explicit-goal Symmaries pilot runner
RCM-02748,pilot-primary,D1,1,PASS,0,2026-08-10T20:36:58+00:00,2026-08-10T20:37:31+00:00,33.25,work/pilot/RCM-02748/D1/attempt-1/workspace,results/batch-2-300-d1-runs/RCM-02748/D1/attempt-1/m2,.,benchmark-fallback,/home/lnk85/SymmariesProjectBits/symmaries-maven-evaluation/config/policies/empty-sources-and-sinks.xml,/home/lnk85/SymmariesProjectBits/symmaries-maven-evaluation/config/policies/empty-sources-and-sinks.xml,3f2d50ad2de30a80ce3fcf7a7fd8ef57f2aa30bdd621bc753d6165b0790b27fc,timeout 20m /home/lnk85/SymmariesProjectBits/symmaries-maven-evaluation/work/pilot/RCM-02748/D1/attempt-1/workspace/mvnw -B -ntp -s /home/lnk85/SymmariesProjectBits/symmaries-maven-evaluation/config/settings-pilot-host.xml -Dmaven.repo.local=/home/lnk85/SymmariesProjectBits/symmaries-maven-evaluation/results/batch-2-300-d1-runs/RCM-02748/D1/attempt-1/m2 -Pmaveniverse-release clean package -DskipTests -Dmaven.javadoc.skip -Dgpg.skip -Denforcer.skip,none,false,false,true,,,,,,,results/batch-2-300-d1-runs/RCM-02748/D1/attempt-1/maven.log,,Initial explicit-goal Symmaries pilot runner
RCM-09080,pilot-primary,D1,1,PASS,0,2026-08-10T20:37:31+00:00,2026-08-10T20:37:44+00:00,12.351,work/pilot/RCM-09080/D1/attempt-1/workspace,results/batch-2-300-d1-runs/RCM-09080/D1/attempt-1/m2,.,benchmark-fallback,/home/lnk85/SymmariesProjectBits/symmaries-maven-evaluation/config/policies/empty-sources-and-sinks.xml,/home/lnk85/SymmariesProjectBits/symmaries-maven-evaluation/config/policies/empty-sources-and-sinks.xml,3f2d50ad2de30a80ce3fcf7a7fd8ef57f2aa30bdd621bc753d6165b0790b27fc,timeout 20m mvn -B -ntp -s /home/lnk85/SymmariesProjectBits/symmaries-maven-evaluation/config/settings-pilot-host.xml -Dmaven.repo.local=/home/lnk85/SymmariesProjectBits/symmaries-maven-evaluation/results/batch-2-300-d1-runs/RCM-09080/D1/attempt-1/m2 -Pplexus-release clean package -DskipTests -Dmaven.javadoc.skip -Dgpg.skip,none,false,false,true,,,,,,,results/batch-2-300-d1-runs/RCM-09080/D1/attempt-1/maven.log,,Initial explicit-goal Symmaries pilot runner
RCM-05726,pilot-primary,D1,1,PASS,0,2026-08-10T20:37:44+00:00,2026-08-10T20:39:13+00:00,89.176,work/pilot/RCM-05726/D1/attempt-1/workspace,results/batch-2-300-d1-runs/RCM-05726/D1/attempt-1/m2,.,benchmark-fallback,/home/lnk85/SymmariesProjectBits/symmaries-maven-evaluation/config/policies/empty-sources-and-sinks.xml,/home/lnk85/SymmariesProjectBits/symmaries-maven-evaluation/config/policies/empty-sources-and-sinks.xml,3f2d50ad2de30a80ce3fcf7a7fd8ef57f2aa30bdd621bc753d6165b0790b27fc,timeout 20m mvn -B -ntp -s /home/lnk85/SymmariesProjectBits/symmaries-maven-evaluation/config/settings-pilot-host.xml -Dmaven.repo.local=/home/lnk85/SymmariesProjectBits/symmaries-maven-evaluation/results/batch-2-300-d1-runs/RCM-05726/D1/attempt-1/m2 -Prelease clean package -DskipTests -Dmaven.javadoc.skip -Dgpg.skip,none,false,false,true,,,,,,,results/batch-2-300-d1-runs/RCM-05726/D1/attempt-1/maven.log,,Initial explicit-goal Symmaries pilot runner
RCM-10470,pilot-primary,D1,1,PASS,0,2026-08-10T20:39:13+00:00,2026-08-10T20:39:20+00:00,6.565,work/pilot/RCM-10470/D1/attempt-1/workspace,results/batch-2-300-d1-runs/RCM-10470/D1/attempt-1/m2,.,benchmark-fallback,/home/lnk85/SymmariesProjectBits/symmaries-maven-evaluation/config/policies/empty-sources-and-sinks.xml,/home/lnk85/SymmariesProjectBits/symmaries-maven-evaluation/config/policies/empty-sources-and-sinks.xml,3f2d50ad2de30a80ce3fcf7a7fd8ef57f2aa30bdd621bc753d6165b0790b27fc,timeout 20m mvn -B -ntp -s /home/lnk85/SymmariesProjectBits/symmaries-maven-evaluation/config/settings-pilot-host.xml -Dmaven.repo.local=/home/lnk85/SymmariesProjectBits/symmaries-maven-evaluation/results/batch-2-300-d1-runs/RCM-10470/D1/attempt-1/m2 clean package -DskipTests -Dmaven.javadoc.skip -Dgpg.skip,none,false,false,true,,,,,,,results/batch-2-300-d1-runs/RCM-10470/D1/attempt-1/maven.log,,Initial explicit-goal Symmaries pilot runner
RCM-01265,pilot-primary,D1,1,PASS,0,2026-08-10T20:39:20+00:00,2026-08-10T20:39:45+00:00,25.345,work/pilot/RCM-01265/D1/attempt-1/workspace,results/batch-2-300-d1-runs/RCM-01265/D1/attempt-1/m2,.,benchmark-fallback,/home/lnk85/SymmariesProjectBits/symmaries-maven-evaluation/config/policies/empty-sources-and-sinks.xml,/home/lnk85/SymmariesProjectBits/symmaries-maven-evaluation/config/policies/empty-sources-and-sinks.xml,3f2d50ad2de30a80ce3fcf7a7fd8ef57f2aa30bdd621bc753d6165b0790b27fc,timeout 20m mvn -B -ntp -s /home/lnk85/SymmariesProjectBits/symmaries-maven-evaluation/config/settings-pilot-host.xml -Dmaven.repo.local=/home/lnk85/SymmariesProjectBits/symmaries-maven-evaluation/results/batch-2-300-d1-runs/RCM-01265/D1/attempt-1/m2 -Pbase-deploy clean package -DskipTests -Dmaven.javadoc.skip -Dgpg.skip,none,false,false,true,,,,,,,results/batch-2-300-d1-runs/RCM-01265/D1/attempt-1/maven.log,,Initial explicit-goal Symmaries pilot runner
RCM-10084,pilot-primary,D1,1,PASS,0,2026-08-10T20:39:45+00:00,2026-08-10T20:39:55+00:00,10.024,work/pilot/RCM-10084/D1/attempt-1/workspace,results/batch-2-300-d1-runs/RCM-10084/D1/attempt-1/m2,.,benchmark-fallback,/home/lnk85/SymmariesProjectBits/symmaries-maven-evaluation/config/policies/empty-sources-and-sinks.xml,/home/lnk85/SymmariesProjectBits/symmaries-maven-evaluation/config/policies/empty-sources-and-sinks.xml,3f2d50ad2de30a80ce3fcf7a7fd8ef57f2aa30bdd621bc753d6165b0790b27fc,timeout 20m mvn -B -ntp -s /home/lnk85/SymmariesProjectBits/symmaries-maven-evaluation/config/settings-pilot-host.xml -Dmaven.repo.local=/home/lnk85/SymmariesProjectBits/symmaries-maven-evaluation/results/batch-2-300-d1-runs/RCM-10084/D1/attempt-1/m2 clean package -DskipTests -Dmaven.javadoc.skip -Dgpg.skip,none,false,false,true,,,,,,,results/batch-2-300-d1-runs/RCM-10084/D1/attempt-1/maven.log,,Initial explicit-goal Symmaries pilot runner
RCM-09019,pilot-primary,D1,1,FAIL_BUILD,1,2026-08-10T20:39:55+00:00,2026-08-10T20:39:59+00:00,3.502,work/pilot/RCM-09019/D1/attempt-1/workspace,results/batch-2-300-d1-runs/RCM-09019/D1/attempt-1/m2,.,benchmark-fallback,/home/lnk85/SymmariesProjectBits/symmaries-maven-evaluation/config/policies/empty-sources-and-sinks.xml,/home/lnk85/SymmariesProjectBits/symmaries-maven-evaluation/config/policies/empty-sources-and-sinks.xml,3f2d50ad2de30a80ce3fcf7a7fd8ef57f2aa30bdd621bc753d6165b0790b27fc,timeout 20m /home/lnk85/SymmariesProjectBits/symmaries-maven-evaluation/work/pilot/RCM-09019/D1/attempt-1/workspace/mvnw -B -ntp -s /home/lnk85/SymmariesProjectBits/symmaries-maven-evaluation/config/settings-pilot-host.xml -Dmaven.repo.local=/home/lnk85/SymmariesProjectBits/symmaries-maven-evaluation/results/batch-2-300-d1-runs/RCM-09019/D1/attempt-1/m2 -Pmojo-release clean package -DskipTests -Dmaven.javadoc.skip -Dgpg.skip,none,false,false,true,,,,,,,results/batch-2-300-d1-runs/RCM-09019/D1/attempt-1/maven.log,MAVEN_OR_PLUGIN_FAILURE,Initial explicit-goal Symmaries pilot runner
RCM-04747,pilot-primary,D1,1,PASS,0,2026-08-10T20:39:59+00:00,2026-08-10T20:40:20+00:00,20.938,work/pilot/RCM-04747/D1/attempt-1/workspace,results/batch-2-300-d1-runs/RCM-04747/D1/attempt-1/m2,.,benchmark-fallback,/home/lnk85/SymmariesProjectBits/symmaries-maven-evaluation/config/policies/empty-sources-and-sinks.xml,/home/lnk85/SymmariesProjectBits/symmaries-maven-evaluation/config/policies/empty-sources-and-sinks.xml,3f2d50ad2de30a80ce3fcf7a7fd8ef57f2aa30bdd621bc753d6165b0790b27fc,timeout 20m mvn -B -ntp -s /home/lnk85/SymmariesProjectBits/symmaries-maven-evaluation/config/settings-pilot-host.xml -Dmaven.repo.local=/home/lnk85/SymmariesProjectBits/symmaries-maven-evaluation/results/batch-2-300-d1-runs/RCM-04747/D1/attempt-1/m2 -Papache-release clean package -DskipTests -Dmaven.javadoc.skip -Dgpg.skip,none,false,false,true,,,,,,,results/batch-2-300-d1-runs/RCM-04747/D1/attempt-1/maven.log,,Initial explicit-goal Symmaries pilot runner
RCM-02865,pilot-primary,D1,1,PASS,0,2026-08-10T20:40:20+00:00,2026-08-10T20:40:49+00:00,29.26,work/pilot/RCM-02865/D1/attempt-1/workspace,results/batch-2-300-d1-runs/RCM-02865/D1/attempt-1/m2,.,benchmark-fallback,/home/lnk85/SymmariesProjectBits/symmaries-maven-evaluation/config/policies/empty-sources-and-sinks.xml,/home/lnk85/SymmariesProjectBits/symmaries-maven-evaluation/config/policies/empty-sources-and-sinks.xml,3f2d50ad2de30a80ce3fcf7a7fd8ef57f2aa30bdd621bc753d6165b0790b27fc,timeout 20m /home/lnk85/SymmariesProjectBits/symmaries-maven-evaluation/work/pilot/RCM-02865/D1/attempt-1/workspace/mvnw -B -ntp -s /home/lnk85/SymmariesProjectBits/symmaries-maven-evaluation/config/settings-pilot-host.xml -Dmaven.repo.local=/home/lnk85/SymmariesProjectBits/symmaries-maven-evaluation/results/batch-2-300-d1-runs/RCM-02865/D1/attempt-1/m2 -Pmaveniverse-release clean package -DskipTests -Dgpg.skip -Denforcer.skip,none,false,false,true,,,,,,,results/batch-2-300-d1-runs/RCM-02865/D1/attempt-1/maven.log,,Initial explicit-goal Symmaries pilot runner
RCM-07443,pilot-primary,D1,1,PASS,0,2026-08-10T20:40:49+00:00,2026-08-10T20:41:05+00:00,15.466,work/pilot/RCM-07443/D1/attempt-1/workspace,results/batch-2-300-d1-runs/RCM-07443/D1/attempt-1/m2,.,benchmark-fallback,/home/lnk85/SymmariesProjectBits/symmaries-maven-evaluation/config/policies/empty-sources-and-sinks.xml,/home/lnk85/SymmariesProjectBits/symmaries-maven-evaluation/config/policies/empty-sources-and-sinks.xml,3f2d50ad2de30a80ce3fcf7a7fd8ef57f2aa30bdd621bc753d6165b0790b27fc,timeout 20m mvn -B -ntp -s /home/lnk85/SymmariesProjectBits/symmaries-maven-evaluation/config/settings-pilot-host.xml -Dmaven.repo.local=/home/lnk85/SymmariesProjectBits/symmaries-maven-evaluation/results/batch-2-300-d1-runs/RCM-07443/D1/attempt-1/m2 -Papache-release clean package -DskipTests -Dmaven.javadoc.skip -Dgpg.skip,none,false,false,true,,,,,,,results/batch-2-300-d1-runs/RCM-07443/D1/attempt-1/maven.log,,Initial explicit-goal Symmaries pilot runner
RCM-05641,pilot-primary,D1,1,PASS,0,2026-08-10T20:41:05+00:00,2026-08-10T20:41:23+00:00,18.242,work/pilot/RCM-05641/D1/attempt-1/workspace,results/batch-2-300-d1-runs/RCM-05641/D1/attempt-1/m2,.,benchmark-fallback,/home/lnk85/SymmariesProjectBits/symmaries-maven-evaluation/config/policies/empty-sources-and-sinks.xml,/home/lnk85/SymmariesProjectBits/symmaries-maven-evaluation/config/policies/empty-sources-and-sinks.xml,3f2d50ad2de30a80ce3fcf7a7fd8ef57f2aa30bdd621bc753d6165b0790b27fc,timeout 20m /home/lnk85/SymmariesProjectBits/symmaries-maven-evaluation/work/pilot/RCM-05641/D1/attempt-1/workspace/mvnw -B -ntp -s /home/lnk85/SymmariesProjectBits/symmaries-maven-evaluation/config/settings-pilot-host.xml -Dmaven.repo.local=/home/lnk85/SymmariesProjectBits/symmaries-maven-evaluation/results/batch-2-300-d1-runs/RCM-05641/D1/attempt-1/m2 -Papache-release clean package -DskipTests -Dmaven.javadoc.skip -Dgpg.skip,none,false,false,true,,,,,,,results/batch-2-300-d1-runs/RCM-05641/D1/attempt-1/maven.log,,Initial explicit-goal Symmaries pilot runner
RCM-02114,pilot-primary,D1,1,FAIL_BUILD,1,2026-08-10T20:41:23+00:00,2026-08-10T20:41:48+00:00,25.386,work/pilot/RCM-02114/D1/attempt-1/workspace,results/batch-2-300-d1-runs/RCM-02114/D1/attempt-1/m2,.,benchmark-fallback,/home/lnk85/SymmariesProjectBits/symmaries-maven-evaluation/config/policies/empty-sources-and-sinks.xml,/home/lnk85/SymmariesProjectBits/symmaries-maven-evaluation/config/policies/empty-sources-and-sinks.xml,3f2d50ad2de30a80ce3fcf7a7fd8ef57f2aa30bdd621bc753d6165b0790b27fc,timeout 20m mvn -B -ntp -s /home/lnk85/SymmariesProjectBits/symmaries-maven-evaluation/config/settings-pilot-host.xml -Dmaven.repo.local=/home/lnk85/SymmariesProjectBits/symmaries-maven-evaluation/results/batch-2-300-d1-runs/RCM-02114/D1/attempt-1/m2 -f book -Prelease clean package -DskipTests -Dmaven.javadoc.skip -Dgpg.skip,none,false,false,true,,,,,,,results/batch-2-300-d1-runs/RCM-02114/D1/attempt-1/maven.log,MAVEN_OR_PLUGIN_FAILURE,Initial explicit-goal Symmaries pilot runner
RCM-06140,pilot-primary,D1,1,PASS,0,2026-08-10T20:41:48+00:00,2026-08-10T20:42:29+00:00,40.201,work/pilot/RCM-06140/D1/attempt-1/workspace,results/batch-2-300-d1-runs/RCM-06140/D1/attempt-1/m2,.,benchmark-fallback,/home/lnk85/SymmariesProjectBits/symmaries-maven-evaluation/config/policies/empty-sources-and-sinks.xml,/home/lnk85/SymmariesProjectBits/symmaries-maven-evaluation/config/policies/empty-sources-and-sinks.xml,3f2d50ad2de30a80ce3fcf7a7fd8ef57f2aa30bdd621bc753d6165b0790b27fc,timeout 20m /home/lnk85/SymmariesProjectBits/symmaries-maven-evaluation/work/pilot/RCM-06140/D1/attempt-1/workspace/mvnw -B -ntp -s /home/lnk85/SymmariesProjectBits/symmaries-maven-evaluation/config/settings-pilot-host.xml -Dmaven.repo.local=/home/lnk85/SymmariesProjectBits/symmaries-maven-evaluation/results/batch-2-300-d1-runs/RCM-06140/D1/attempt-1/m2 clean verify -PskipQuality,none,false,false,true,,,,,,,results/batch-2-300-d1-runs/RCM-06140/D1/attempt-1/maven.log,,Initial explicit-goal Symmaries pilot runner
RCM-02403,pilot-primary,D1,1,PASS,0,2026-08-10T20:42:29+00:00,2026-08-10T20:42:47+00:00,18.229,work/pilot/RCM-02403/D1/attempt-1/workspace,results/batch-2-300-d1-runs/RCM-02403/D1/attempt-1/m2,.,benchmark-fallback,/home/lnk85/SymmariesProjectBits/symmaries-maven-evaluation/config/policies/empty-sources-and-sinks.xml,/home/lnk85/SymmariesProjectBits/symmaries-maven-evaluation/config/policies/empty-sources-and-sinks.xml,3f2d50ad2de30a80ce3fcf7a7fd8ef57f2aa30bdd621bc753d6165b0790b27fc,timeout 20m mvn -B -ntp -s /home/lnk85/SymmariesProjectBits/symmaries-maven-evaluation/config/settings-pilot-host.xml -Dmaven.repo.local=/home/lnk85/SymmariesProjectBits/symmaries-maven-evaluation/results/batch-2-300-d1-runs/RCM-02403/D1/attempt-1/m2 clean package -DskipTests -Dmaven.javadoc.skip,none,false,false,true,,,,,,,results/batch-2-300-d1-runs/RCM-02403/D1/attempt-1/maven.log,,Initial explicit-goal Symmaries pilot runner
RCM-06830,pilot-primary,D1,1,PASS,0,2026-08-10T20:42:47+00:00,2026-08-10T20:42:55+00:00,7.911,work/pilot/RCM-06830/D1/attempt-1/workspace,results/batch-2-300-d1-runs/RCM-06830/D1/attempt-1/m2,.,benchmark-fallback,/home/lnk85/SymmariesProjectBits/symmaries-maven-evaluation/config/policies/empty-sources-and-sinks.xml,/home/lnk85/SymmariesProjectBits/symmaries-maven-evaluation/config/policies/empty-sources-and-sinks.xml,3f2d50ad2de30a80ce3fcf7a7fd8ef57f2aa30bdd621bc753d6165b0790b27fc,timeout 20m mvn -B -ntp -s /home/lnk85/SymmariesProjectBits/symmaries-maven-evaluation/config/settings-pilot-host.xml -Dmaven.repo.local=/home/lnk85/SymmariesProjectBits/symmaries-maven-evaluation/results/batch-2-300-d1-runs/RCM-06830/D1/attempt-1/m2 -Papache-release clean package -DskipTests -Dmaven.javadoc.skip -Dgpg.skip,none,false,false,true,,,,,,,results/batch-2-300-d1-runs/RCM-06830/D1/attempt-1/maven.log,,Initial explicit-goal Symmaries pilot runner
RCM-00527,pilot-primary,D1,1,PASS,0,2026-08-10T20:42:55+00:00,2026-08-10T20:43:08+00:00,13.011,work/pilot/RCM-00527/D1/attempt-1/workspace,results/batch-2-300-d1-runs/RCM-00527/D1/attempt-1/m2,.,benchmark-fallback,/home/lnk85/SymmariesProjectBits/symmaries-maven-evaluation/config/policies/empty-sources-and-sinks.xml,/home/lnk85/SymmariesProjectBits/symmaries-maven-evaluation/config/policies/empty-sources-and-sinks.xml,3f2d50ad2de30a80ce3fcf7a7fd8ef57f2aa30bdd621bc753d6165b0790b27fc,timeout 20m /home/lnk85/SymmariesProjectBits/symmaries-maven-evaluation/work/pilot/RCM-00527/D1/attempt-1/workspace/mvnw -B -ntp -s /home/lnk85/SymmariesProjectBits/symmaries-maven-evaluation/config/settings-pilot-host.xml -Dmaven.repo.local=/home/lnk85/SymmariesProjectBits/symmaries-maven-evaluation/results/batch-2-300-d1-runs/RCM-00527/D1/attempt-1/m2 -Prelease clean package -DskipTests -Dgpg.skip -Dbuildinfo.ignore=,none,false,false,true,,,,,,,results/batch-2-300-d1-runs/RCM-00527/D1/attempt-1/maven.log,,Initial explicit-goal Symmaries pilot runner
RCM-02132,pilot-primary,D1,1,FAIL_BUILD,1,2026-08-10T20:43:08+00:00,2026-08-10T20:43:50+00:00,42.339,work/pilot/RCM-02132/D1/attempt-1/workspace,results/batch-2-300-d1-runs/RCM-02132/D1/attempt-1/m2,.,benchmark-fallback,/home/lnk85/SymmariesProjectBits/symmaries-maven-evaluation/config/policies/empty-sources-and-sinks.xml,/home/lnk85/SymmariesProjectBits/symmaries-maven-evaluation/config/policies/empty-sources-and-sinks.xml,3f2d50ad2de30a80ce3fcf7a7fd8ef57f2aa30bdd621bc753d6165b0790b27fc,timeout 20m mvn -B -ntp -s /home/lnk85/SymmariesProjectBits/symmaries-maven-evaluation/config/settings-pilot-host.xml -Dmaven.repo.local=/home/lnk85/SymmariesProjectBits/symmaries-maven-evaluation/results/batch-2-300-d1-runs/RCM-02132/D1/attempt-1/m2 -Prelease clean package -DskipTests -Dmaven.javadoc.skip -Dgpg.skip,none,false,false,true,,,,,,,results/batch-2-300-d1-runs/RCM-02132/D1/attempt-1/maven.log,MAVEN_OR_PLUGIN_FAILURE,Initial explicit-goal Symmaries pilot runner
RCM-06269,pilot-primary,D1,1,FAIL_BUILD,1,2026-08-10T20:43:50+00:00,2026-08-10T20:43:59+00:00,8.78,work/pilot/RCM-06269/D1/attempt-1/workspace,results/batch-2-300-d1-runs/RCM-06269/D1/attempt-1/m2,.,benchmark-fallback,/home/lnk85/SymmariesProjectBits/symmaries-maven-evaluation/config/policies/empty-sources-and-sinks.xml,/home/lnk85/SymmariesProjectBits/symmaries-maven-evaluation/config/policies/empty-sources-and-sinks.xml,3f2d50ad2de30a80ce3fcf7a7fd8ef57f2aa30bdd621bc753d6165b0790b27fc,"timeout 20m mvn -B -ntp -s /home/lnk85/SymmariesProjectBits/symmaries-maven-evaluation/config/settings-pilot-host.xml -Dmaven.repo.local=/home/lnk85/SymmariesProjectBits/symmaries-maven-evaluation/results/batch-2-300-d1-runs/RCM-06269/D1/attempt-1/m2 -Prelease,no-webui-linter clean package -DskipTests -Dmaven.javadoc.skip -Dgpg.skip -Dmaven.source.skip",none,false,false,true,,,,,,,results/batch-2-300-d1-runs/RCM-06269/D1/attempt-1/maven.log,MAVEN_OR_PLUGIN_FAILURE,Initial explicit-goal Symmaries pilot runner
RCM-02659,pilot-primary,D1,1,FAIL_BUILD,1,2026-08-10T20:43:59+00:00,2026-08-10T20:44:18+00:00,18.71,work/pilot/RCM-02659/D1/attempt-1/workspace,results/batch-2-300-d1-runs/RCM-02659/D1/attempt-1/m2,.,benchmark-fallback,/home/lnk85/SymmariesProjectBits/symmaries-maven-evaluation/config/policies/empty-sources-and-sinks.xml,/home/lnk85/SymmariesProjectBits/symmaries-maven-evaluation/config/policies/empty-sources-and-sinks.xml,3f2d50ad2de30a80ce3fcf7a7fd8ef57f2aa30bdd621bc753d6165b0790b27fc,timeout 20m /home/lnk85/SymmariesProjectBits/symmaries-maven-evaluation/work/pilot/RCM-02659/D1/attempt-1/workspace/mvnw -B -ntp -s /home/lnk85/SymmariesProjectBits/symmaries-maven-evaluation/config/settings-pilot-host.xml -Dmaven.repo.local=/home/lnk85/SymmariesProjectBits/symmaries-maven-evaluation/results/batch-2-300-d1-runs/RCM-02659/D1/attempt-1/m2 -Pmaveniverse-release clean package -DskipTests -Dmaven.javadoc.skip -Dgpg.skip -Denforcer.skip,none,false,false,true,,,,,,,results/batch-2-300-d1-runs/RCM-02659/D1/attempt-1/maven.log,MAVEN_OR_PLUGIN_FAILURE,Initial explicit-goal Symmaries pilot runner
RCM-01432,pilot-primary,D1,1,PASS,0,2026-08-10T20:44:18+00:00,2026-08-10T20:44:32+00:00,14.345,work/pilot/RCM-01432/D1/attempt-1/workspace,results/batch-2-300-d1-runs/RCM-01432/D1/attempt-1/m2,.,benchmark-fallback,/home/lnk85/SymmariesProjectBits/symmaries-maven-evaluation/config/policies/empty-sources-and-sinks.xml,/home/lnk85/SymmariesProjectBits/symmaries-maven-evaluation/config/policies/empty-sources-and-sinks.xml,3f2d50ad2de30a80ce3fcf7a7fd8ef57f2aa30bdd621bc753d6165b0790b27fc,timeout 20m mvn -B -ntp -s /home/lnk85/SymmariesProjectBits/symmaries-maven-evaluation/config/settings-pilot-host.xml -Dmaven.repo.local=/home/lnk85/SymmariesProjectBits/symmaries-maven-evaluation/results/batch-2-300-d1-runs/RCM-01432/D1/attempt-1/m2 -Prelease clean package -DskipTests -Dmaven.javadoc.skip -Dgpg.skip,none,false,false,true,,,,,,,results/batch-2-300-d1-runs/RCM-01432/D1/attempt-1/maven.log,,Initial explicit-goal Symmaries pilot runner
RCM-02353,pilot-primary,D1,1,PASS,0,2026-08-10T20:44:32+00:00,2026-08-10T20:44:37+00:00,4.121,work/pilot/RCM-02353/D1/attempt-1/workspace,results/batch-2-300-d1-runs/RCM-02353/D1/attempt-1/m2,.,benchmark-fallback,/home/lnk85/SymmariesProjectBits/symmaries-maven-evaluation/config/policies/empty-sources-and-sinks.xml,/home/lnk85/SymmariesProjectBits/symmaries-maven-evaluation/config/policies/empty-sources-and-sinks.xml,3f2d50ad2de30a80ce3fcf7a7fd8ef57f2aa30bdd621bc753d6165b0790b27fc,timeout 20m /home/lnk85/SymmariesProjectBits/symmaries-maven-evaluation/work/pilot/RCM-02353/D1/attempt-1/workspace/mvnw -B -ntp -s /home/lnk85/SymmariesProjectBits/symmaries-maven-evaluation/config/settings-pilot-host.xml -Dmaven.repo.local=/home/lnk85/SymmariesProjectBits/symmaries-maven-evaluation/results/batch-2-300-d1-runs/RCM-02353/D1/attempt-1/m2 -Prelease-pom clean package -DskipTests -Dmaven.javadoc.skip -Dgpg.skip -Dbuildinfo.detect.skip=false,none,false,false,true,,,,,,,results/batch-2-300-d1-runs/RCM-02353/D1/attempt-1/maven.log,,Initial explicit-goal Symmaries pilot runner
RCM-08064,pilot-primary,D1,1,FAIL_BUILD,1,2026-08-10T20:44:37+00:00,2026-08-10T20:44:38+00:00,0.965,work/pilot/RCM-08064/D1/attempt-1/workspace,results/batch-2-300-d1-runs/RCM-08064/D1/attempt-1/m2,.,benchmark-fallback,/home/lnk85/SymmariesProjectBits/symmaries-maven-evaluation/config/policies/empty-sources-and-sinks.xml,/home/lnk85/SymmariesProjectBits/symmaries-maven-evaluation/config/policies/empty-sources-and-sinks.xml,3f2d50ad2de30a80ce3fcf7a7fd8ef57f2aa30bdd621bc753d6165b0790b27fc,timeout 20m mvn -B -ntp -s /home/lnk85/SymmariesProjectBits/symmaries-maven-evaluation/config/settings-pilot-host.xml -Dmaven.repo.local=/home/lnk85/SymmariesProjectBits/symmaries-maven-evaluation/results/batch-2-300-d1-runs/RCM-08064/D1/attempt-1/m2 -f '${artifactId}' -Prelease clean package -DskipTests -Dmaven.javadoc.skip -Dgpg.skip,none,false,false,true,,,,,,,results/batch-2-300-d1-runs/RCM-08064/D1/attempt-1/maven.log,MAVEN_OR_PLUGIN_FAILURE,Initial explicit-goal Symmaries pilot runner
RCM-05906,pilot-primary,D1,1,PASS,0,2026-08-10T20:44:38+00:00,2026-08-10T20:44:45+00:00,7.794,work/pilot/RCM-05906/D1/attempt-1/workspace,results/batch-2-300-d1-runs/RCM-05906/D1/attempt-1/m2,.,benchmark-fallback,/home/lnk85/SymmariesProjectBits/symmaries-maven-evaluation/config/policies/empty-sources-and-sinks.xml,/home/lnk85/SymmariesProjectBits/symmaries-maven-evaluation/config/policies/empty-sources-and-sinks.xml,3f2d50ad2de30a80ce3fcf7a7fd8ef57f2aa30bdd621bc753d6165b0790b27fc,timeout 20m mvn -B -ntp -s /home/lnk85/SymmariesProjectBits/symmaries-maven-evaluation/config/settings-pilot-host.xml -Dmaven.repo.local=/home/lnk85/SymmariesProjectBits/symmaries-maven-evaluation/results/batch-2-300-d1-runs/RCM-05906/D1/attempt-1/m2 -Papache-release clean package -DskipTests -Dmaven.javadoc.skip -Dgpg.skip,none,false,false,true,,,,,,,results/batch-2-300-d1-runs/RCM-05906/D1/attempt-1/maven.log,,Initial explicit-goal Symmaries pilot runner
RCM-02615,pilot-primary,D1,1,PASS,0,2026-08-10T20:44:45+00:00,2026-08-10T20:45:04+00:00,18.812,work/pilot/RCM-02615/D1/attempt-1/workspace,results/batch-2-300-d1-runs/RCM-02615/D1/attempt-1/m2,.,benchmark-fallback,/home/lnk85/SymmariesProjectBits/symmaries-maven-evaluation/config/policies/empty-sources-and-sinks.xml,/home/lnk85/SymmariesProjectBits/symmaries-maven-evaluation/config/policies/empty-sources-and-sinks.xml,3f2d50ad2de30a80ce3fcf7a7fd8ef57f2aa30bdd621bc753d6165b0790b27fc,timeout 20m /home/lnk85/SymmariesProjectBits/symmaries-maven-evaluation/work/pilot/RCM-02615/D1/attempt-1/workspace/mvnw -B -ntp -s /home/lnk85/SymmariesProjectBits/symmaries-maven-evaluation/config/settings-pilot-host.xml -Dmaven.repo.local=/home/lnk85/SymmariesProjectBits/symmaries-maven-evaluation/results/batch-2-300-d1-runs/RCM-02615/D1/attempt-1/m2 -Prelease clean package -DskipTests -Dmaven.javadoc.skip -Dgpg.skip,none,false,false,true,,,,,,,results/batch-2-300-d1-runs/RCM-02615/D1/attempt-1/maven.log,,Initial explicit-goal Symmaries pilot runner
RCM-04810,pilot-primary,D1,1,FAIL_BUILD,1,2026-08-10T20:45:04+00:00,2026-08-10T20:45:17+00:00,12.967,work/pilot/RCM-04810/D1/attempt-1/workspace,results/batch-2-300-d1-runs/RCM-04810/D1/attempt-1/m2,.,benchmark-fallback,/home/lnk85/SymmariesProjectBits/symmaries-maven-evaluation/config/policies/empty-sources-and-sinks.xml,/home/lnk85/SymmariesProjectBits/symmaries-maven-evaluation/config/policies/empty-sources-and-sinks.xml,3f2d50ad2de30a80ce3fcf7a7fd8ef57f2aa30bdd621bc753d6165b0790b27fc,timeout 20m mvn -B -ntp -s /home/lnk85/SymmariesProjectBits/symmaries-maven-evaluation/config/settings-pilot-host.xml -Dmaven.repo.local=/home/lnk85/SymmariesProjectBits/symmaries-maven-evaluation/results/batch-2-300-d1-runs/RCM-04810/D1/attempt-1/m2 -Psource clean package -DskipTests -Dmaven.javadoc.skip -Dbuildinfo.skipModules=,none,false,false,true,,,,,,,results/batch-2-300-d1-runs/RCM-04810/D1/attempt-1/maven.log,MAVEN_OR_PLUGIN_FAILURE,Initial explicit-goal Symmaries pilot runner
RCM-09937,pilot-primary,D1,1,PASS,0,2026-08-10T20:45:17+00:00,2026-08-10T20:45:35+00:00,18.005,work/pilot/RCM-09937/D1/attempt-1/workspace,results/batch-2-300-d1-runs/RCM-09937/D1/attempt-1/m2,.,benchmark-fallback,/home/lnk85/SymmariesProjectBits/symmaries-maven-evaluation/config/policies/empty-sources-and-sinks.xml,/home/lnk85/SymmariesProjectBits/symmaries-maven-evaluation/config/policies/empty-sources-and-sinks.xml,3f2d50ad2de30a80ce3fcf7a7fd8ef57f2aa30bdd621bc753d6165b0790b27fc,timeout 20m mvn -B -ntp -s /home/lnk85/SymmariesProjectBits/symmaries-maven-evaluation/config/settings-pilot-host.xml -Dmaven.repo.local=/home/lnk85/SymmariesProjectBits/symmaries-maven-evaluation/results/batch-2-300-d1-runs/RCM-09937/D1/attempt-1/m2 -Psonatype-oss-release clean package -DskipTests -Dmaven.javadoc.skip -Dgpg.skip,none,false,false,true,,,,,,,results/batch-2-300-d1-runs/RCM-09937/D1/attempt-1/maven.log,,Initial explicit-goal Symmaries pilot runner
RCM-09702,pilot-primary,D1,1,PASS,0,2026-08-10T20:45:35+00:00,2026-08-10T20:46:43+00:00,67.761,work/pilot/RCM-09702/D1/attempt-1/workspace,results/batch-2-300-d1-runs/RCM-09702/D1/attempt-1/m2,.,benchmark-fallback,/home/lnk85/SymmariesProjectBits/symmaries-maven-evaluation/config/policies/empty-sources-and-sinks.xml,/home/lnk85/SymmariesProjectBits/symmaries-maven-evaluation/config/policies/empty-sources-and-sinks.xml,3f2d50ad2de30a80ce3fcf7a7fd8ef57f2aa30bdd621bc753d6165b0790b27fc,timeout 20m mvn -B -ntp -s /home/lnk85/SymmariesProjectBits/symmaries-maven-evaluation/config/settings-pilot-host.xml -Dmaven.repo.local=/home/lnk85/SymmariesProjectBits/symmaries-maven-evaluation/results/batch-2-300-d1-runs/RCM-09702/D1/attempt-1/m2 -Psonatype-oss-release clean package -DskipTests -Dmaven.javadoc.skip -Dgpg.skip,none,false,false,true,,,,,,,results/batch-2-300-d1-runs/RCM-09702/D1/attempt-1/maven.log,,Initial explicit-goal Symmaries pilot runner
RCM-06961,pilot-primary,D1,1,FAIL_BUILD,1,2026-08-10T20:46:43+00:00,2026-08-10T20:48:02+00:00,79.156,work/pilot/RCM-06961/D1/attempt-1/workspace,results/batch-2-300-d1-runs/RCM-06961/D1/attempt-1/m2,.,benchmark-fallback,/home/lnk85/SymmariesProjectBits/symmaries-maven-evaluation/config/policies/empty-sources-and-sinks.xml,/home/lnk85/SymmariesProjectBits/symmaries-maven-evaluation/config/policies/empty-sources-and-sinks.xml,3f2d50ad2de30a80ce3fcf7a7fd8ef57f2aa30bdd621bc753d6165b0790b27fc,timeout 20m mvn -B -ntp -s /home/lnk85/SymmariesProjectBits/symmaries-maven-evaluation/config/settings-pilot-host.xml -Dmaven.repo.local=/home/lnk85/SymmariesProjectBits/symmaries-maven-evaluation/results/batch-2-300-d1-runs/RCM-06961/D1/attempt-1/m2 -Papache-release clean package -DskipTests -Dmaven.javadoc.skip -Dgpg.skip,none,false,false,true,,,,,,,results/batch-2-300-d1-runs/RCM-06961/D1/attempt-1/maven.log,MAVEN_OR_PLUGIN_FAILURE,Initial explicit-goal Symmaries pilot runner
RCM-04691,pilot-primary,D1,1,PASS,0,2026-08-10T20:48:02+00:00,2026-08-10T20:48:18+00:00,15.198,work/pilot/RCM-04691/D1/attempt-1/workspace,results/batch-2-300-d1-runs/RCM-04691/D1/attempt-1/m2,.,benchmark-fallback,/home/lnk85/SymmariesProjectBits/symmaries-maven-evaluation/config/policies/empty-sources-and-sinks.xml,/home/lnk85/SymmariesProjectBits/symmaries-maven-evaluation/config/policies/empty-sources-and-sinks.xml,3f2d50ad2de30a80ce3fcf7a7fd8ef57f2aa30bdd621bc753d6165b0790b27fc,timeout 20m mvn -B -ntp -s /home/lnk85/SymmariesProjectBits/symmaries-maven-evaluation/config/settings-pilot-host.xml -Dmaven.repo.local=/home/lnk85/SymmariesProjectBits/symmaries-maven-evaluation/results/batch-2-300-d1-runs/RCM-04691/D1/attempt-1/m2 -Papache-release clean package -DskipTests -Dmaven.javadoc.skip -Dgpg.skip,none,false,false,true,,,,,,,results/batch-2-300-d1-runs/RCM-04691/D1/attempt-1/maven.log,,Initial explicit-goal Symmaries pilot runner
RCM-04414,pilot-primary,D1,1,PASS,0,2026-08-10T20:48:18+00:00,2026-08-10T20:48:38+00:00,20.132,work/pilot/RCM-04414/D1/attempt-1/workspace,results/batch-2-300-d1-runs/RCM-04414/D1/attempt-1/m2,.,benchmark-fallback,/home/lnk85/SymmariesProjectBits/symmaries-maven-evaluation/config/policies/empty-sources-and-sinks.xml,/home/lnk85/SymmariesProjectBits/symmaries-maven-evaluation/config/policies/empty-sources-and-sinks.xml,3f2d50ad2de30a80ce3fcf7a7fd8ef57f2aa30bdd621bc753d6165b0790b27fc,timeout 20m /home/lnk85/SymmariesProjectBits/symmaries-maven-evaluation/work/pilot/RCM-04414/D1/attempt-1/workspace/mvnw -B -ntp -s /home/lnk85/SymmariesProjectBits/symmaries-maven-evaluation/config/settings-pilot-host.xml -Dmaven.repo.local=/home/lnk85/SymmariesProjectBits/symmaries-maven-evaluation/results/batch-2-300-d1-runs/RCM-04414/D1/attempt-1/m2 clean package source:jar -DskipTests -Dmaven.javadoc.skip -Dgpg.skip,none,false,false,true,,,,,,,results/batch-2-300-d1-runs/RCM-04414/D1/attempt-1/maven.log,,Initial explicit-goal Symmaries pilot runner
RCM-09316,pilot-primary,D1,1,FAIL_BUILD,1,2026-08-10T20:48:38+00:00,2026-08-10T20:48:45+00:00,7.52,work/pilot/RCM-09316/D1/attempt-1/workspace,results/batch-2-300-d1-runs/RCM-09316/D1/attempt-1/m2,.,benchmark-fallback,/home/lnk85/SymmariesProjectBits/symmaries-maven-evaluation/config/policies/empty-sources-and-sinks.xml,/home/lnk85/SymmariesProjectBits/symmaries-maven-evaluation/config/policies/empty-sources-and-sinks.xml,3f2d50ad2de30a80ce3fcf7a7fd8ef57f2aa30bdd621bc753d6165b0790b27fc,timeout 20m mvn -B -ntp -s /home/lnk85/SymmariesProjectBits/symmaries-maven-evaluation/config/settings-pilot-host.xml -Dmaven.repo.local=/home/lnk85/SymmariesProjectBits/symmaries-maven-evaluation/results/batch-2-300-d1-runs/RCM-09316/D1/attempt-1/m2 -Papache-release clean package -DskipTests -Dmaven.javadoc.skip -Dgpg.skip,none,false,false,true,,,,,,,results/batch-2-300-d1-runs/RCM-09316/D1/attempt-1/maven.log,MAVEN_OR_PLUGIN_FAILURE,Initial explicit-goal Symmaries pilot runner
RCM-07923,pilot-primary,D1,1,PASS,0,2026-08-10T20:48:45+00:00,2026-08-10T20:48:55+00:00,10.027,work/pilot/RCM-07923/D1/attempt-1/workspace,results/batch-2-300-d1-runs/RCM-07923/D1/attempt-1/m2,.,benchmark-fallback,/home/lnk85/SymmariesProjectBits/symmaries-maven-evaluation/config/policies/empty-sources-and-sinks.xml,/home/lnk85/SymmariesProjectBits/symmaries-maven-evaluation/config/policies/empty-sources-and-sinks.xml,3f2d50ad2de30a80ce3fcf7a7fd8ef57f2aa30bdd621bc753d6165b0790b27fc,timeout 20m mvn -B -ntp -s /home/lnk85/SymmariesProjectBits/symmaries-maven-evaluation/config/settings-pilot-host.xml -Dmaven.repo.local=/home/lnk85/SymmariesProjectBits/symmaries-maven-evaluation/results/batch-2-300-d1-runs/RCM-07923/D1/attempt-1/m2 -f code-generation -Papache-release clean package -DskipTests -Dmaven.javadoc.skip -Dgpg.skip,none,false,false,true,,,,,,,results/batch-2-300-d1-runs/RCM-07923/D1/attempt-1/maven.log,,Initial explicit-goal Symmaries pilot runner
RCM-06833,pilot-primary,D1,1,PASS,0,2026-08-10T20:48:56+00:00,2026-08-10T20:53:36+00:00,280.497,work/pilot/RCM-06833/D1/attempt-1/workspace,results/batch-2-300-d1-runs/RCM-06833/D1/attempt-1/m2,.,benchmark-fallback,/home/lnk85/SymmariesProjectBits/symmaries-maven-evaluation/config/policies/empty-sources-and-sinks.xml,/home/lnk85/SymmariesProjectBits/symmaries-maven-evaluation/config/policies/empty-sources-and-sinks.xml,3f2d50ad2de30a80ce3fcf7a7fd8ef57f2aa30bdd621bc753d6165b0790b27fc,timeout 20m mvn -B -ntp -s /home/lnk85/SymmariesProjectBits/symmaries-maven-evaluation/config/settings-pilot-host.xml -Dmaven.repo.local=/home/lnk85/SymmariesProjectBits/symmaries-maven-evaluation/results/batch-2-300-d1-runs/RCM-06833/D1/attempt-1/m2 -Papache-release package -DskipTests -Dmaven.javadoc.skip -Dgpg.skip,none,false,false,true,,,,,,,results/batch-2-300-d1-runs/RCM-06833/D1/attempt-1/maven.log,,Initial explicit-goal Symmaries pilot runner
RCM-02523,pilot-primary,D1,1,PASS,0,2026-08-10T20:53:36+00:00,2026-08-10T20:53:56+00:00,20.112,work/pilot/RCM-02523/D1/attempt-1/workspace,results/batch-2-300-d1-runs/RCM-02523/D1/attempt-1/m2,.,benchmark-fallback,/home/lnk85/SymmariesProjectBits/symmaries-maven-evaluation/config/policies/empty-sources-and-sinks.xml,/home/lnk85/SymmariesProjectBits/symmaries-maven-evaluation/config/policies/empty-sources-and-sinks.xml,3f2d50ad2de30a80ce3fcf7a7fd8ef57f2aa30bdd621bc753d6165b0790b27fc,timeout 20m mvn -B -ntp -s /home/lnk85/SymmariesProjectBits/symmaries-maven-evaluation/config/settings-pilot-host.xml -Dmaven.repo.local=/home/lnk85/SymmariesProjectBits/symmaries-maven-evaluation/results/batch-2-300-d1-runs/RCM-02523/D1/attempt-1/m2 -Pbase-deploy clean package -DskipTests -Dmaven.javadoc.skip -Dgpg.skip,none,false,false,true,,,,,,,results/batch-2-300-d1-runs/RCM-02523/D1/attempt-1/maven.log,,Initial explicit-goal Symmaries pilot runner
RCM-07375,pilot-primary,D1,1,PASS,0,2026-08-10T20:53:56+00:00,2026-08-10T20:54:21+00:00,24.817,work/pilot/RCM-07375/D1/attempt-1/workspace,results/batch-2-300-d1-runs/RCM-07375/D1/attempt-1/m2,.,benchmark-fallback,/home/lnk85/SymmariesProjectBits/symmaries-maven-evaluation/config/policies/empty-sources-and-sinks.xml,/home/lnk85/SymmariesProjectBits/symmaries-maven-evaluation/config/policies/empty-sources-and-sinks.xml,3f2d50ad2de30a80ce3fcf7a7fd8ef57f2aa30bdd621bc753d6165b0790b27fc,timeout 20m mvn -B -ntp -s /home/lnk85/SymmariesProjectBits/symmaries-maven-evaluation/config/settings-pilot-host.xml -Dmaven.repo.local=/home/lnk85/SymmariesProjectBits/symmaries-maven-evaluation/results/batch-2-300-d1-runs/RCM-07375/D1/attempt-1/m2 -Papache-release clean package -DskipTests -Dmaven.javadoc.skip -Dgpg.skip,none,false,false,true,,,,,,,results/batch-2-300-d1-runs/RCM-07375/D1/attempt-1/maven.log,,Initial explicit-goal Symmaries pilot runner
RCM-05889,pilot-primary,D1,1,PASS,0,2026-08-10T20:54:21+00:00,2026-08-10T20:54:29+00:00,8.192,work/pilot/RCM-05889/D1/attempt-1/workspace,results/batch-2-300-d1-runs/RCM-05889/D1/attempt-1/m2,.,benchmark-fallback,/home/lnk85/SymmariesProjectBits/symmaries-maven-evaluation/config/policies/empty-sources-and-sinks.xml,/home/lnk85/SymmariesProjectBits/symmaries-maven-evaluation/config/policies/empty-sources-and-sinks.xml,3f2d50ad2de30a80ce3fcf7a7fd8ef57f2aa30bdd621bc753d6165b0790b27fc,timeout 20m mvn -B -ntp -s /home/lnk85/SymmariesProjectBits/symmaries-maven-evaluation/config/settings-pilot-host.xml -Dmaven.repo.local=/home/lnk85/SymmariesProjectBits/symmaries-maven-evaluation/results/batch-2-300-d1-runs/RCM-05889/D1/attempt-1/m2 -Papache-release clean package -DskipTests -Dmaven.javadoc.skip -Dgpg.skip,none,false,false,true,,,,,,,results/batch-2-300-d1-runs/RCM-05889/D1/attempt-1/maven.log,,Initial explicit-goal Symmaries pilot runner
RCM-03854,pilot-primary,D1,1,FAIL_ENVIRONMENT,-1,2026-08-10T20:54:29+00:00,2026-08-10T20:54:29+00:00,0.051,work/pilot/RCM-03854/D1/attempt-1/workspace,results/batch-2-300-d1-runs/RCM-03854/D1/attempt-1/m2,.,,,,,,none,false,false,true,,,,,,,results/batch-2-300-d1-runs/RCM-03854/D1/attempt-1/maven.log,RUNNER_EXCEPTION,Initial explicit-goal Symmaries pilot runner
RCM-04667,pilot-primary,D1,1,FAIL_BUILD,1,2026-08-10T20:54:29+00:00,2026-08-10T20:54:33+00:00,3.798,work/pilot/RCM-04667/D1/attempt-1/workspace,results/batch-2-300-d1-runs/RCM-04667/D1/attempt-1/m2,.,benchmark-fallback,/home/lnk85/SymmariesProjectBits/symmaries-maven-evaluation/config/policies/empty-sources-and-sinks.xml,/home/lnk85/SymmariesProjectBits/symmaries-maven-evaluation/config/policies/empty-sources-and-sinks.xml,3f2d50ad2de30a80ce3fcf7a7fd8ef57f2aa30bdd621bc753d6165b0790b27fc,timeout 20m /home/lnk85/SymmariesProjectBits/symmaries-maven-evaluation/work/pilot/RCM-04667/D1/attempt-1/workspace/mvnw -B -ntp -s /home/lnk85/SymmariesProjectBits/symmaries-maven-evaluation/config/settings-pilot-host.xml -Dmaven.repo.local=/home/lnk85/SymmariesProjectBits/symmaries-maven-evaluation/results/batch-2-300-d1-runs/RCM-04667/D1/attempt-1/m2 -Pmaven-central clean package -DskipTests -Dmaven.javadoc.skip -Dgpg.skip,none,false,false,true,,,,,,,results/batch-2-300-d1-runs/RCM-04667/D1/attempt-1/maven.log,MAVEN_OR_PLUGIN_FAILURE,Initial explicit-goal Symmaries pilot runner
RCM-04485,pilot-primary,D1,1,PASS,0,2026-08-10T20:54:33+00:00,2026-08-10T20:54:54+00:00,20.473,work/pilot/RCM-04485/D1/attempt-1/workspace,results/batch-2-300-d1-runs/RCM-04485/D1/attempt-1/m2,.,benchmark-fallback,/home/lnk85/SymmariesProjectBits/symmaries-maven-evaluation/config/policies/empty-sources-and-sinks.xml,/home/lnk85/SymmariesProjectBits/symmaries-maven-evaluation/config/policies/empty-sources-and-sinks.xml,3f2d50ad2de30a80ce3fcf7a7fd8ef57f2aa30bdd621bc753d6165b0790b27fc,timeout 20m /home/lnk85/SymmariesProjectBits/symmaries-maven-evaluation/work/pilot/RCM-04485/D1/attempt-1/workspace/mvnw -B -ntp -s /home/lnk85/SymmariesProjectBits/symmaries-maven-evaluation/config/settings-pilot-host.xml -Dmaven.repo.local=/home/lnk85/SymmariesProjectBits/symmaries-maven-evaluation/results/batch-2-300-d1-runs/RCM-04485/D1/attempt-1/m2 -Papache-release clean package -DskipTests -Dmaven.javadoc.skip -Dgpg.skip,none,false,false,true,,,,,,,results/batch-2-300-d1-runs/RCM-04485/D1/attempt-1/maven.log,,Initial explicit-goal Symmaries pilot runner
RCM-08830,pilot-primary,D1,1,PASS,0,2026-08-10T20:54:54+00:00,2026-08-10T20:55:00+00:00,6.155,work/pilot/RCM-08830/D1/attempt-1/workspace,results/batch-2-300-d1-runs/RCM-08830/D1/attempt-1/m2,.,benchmark-fallback,/home/lnk85/SymmariesProjectBits/symmaries-maven-evaluation/config/policies/empty-sources-and-sinks.xml,/home/lnk85/SymmariesProjectBits/symmaries-maven-evaluation/config/policies/empty-sources-and-sinks.xml,3f2d50ad2de30a80ce3fcf7a7fd8ef57f2aa30bdd621bc753d6165b0790b27fc,timeout 20m mvn -B -ntp -s /home/lnk85/SymmariesProjectBits/symmaries-maven-evaluation/config/settings-pilot-host.xml -Dmaven.repo.local=/home/lnk85/SymmariesProjectBits/symmaries-maven-evaluation/results/batch-2-300-d1-runs/RCM-08830/D1/attempt-1/m2 clean package -DskipTests -Dmaven.javadoc.skip -Dgpg.skip,none,false,false,true,,,,,,,results/batch-2-300-d1-runs/RCM-08830/D1/attempt-1/maven.log,,Initial explicit-goal Symmaries pilot runner
RCM-10266,pilot-primary,D1,1,PASS,0,2026-08-10T20:55:00+00:00,2026-08-10T20:55:19+00:00,18.658,work/pilot/RCM-10266/D1/attempt-1/workspace,results/batch-2-300-d1-runs/RCM-10266/D1/attempt-1/m2,.,benchmark-fallback,/home/lnk85/SymmariesProjectBits/symmaries-maven-evaluation/config/policies/empty-sources-and-sinks.xml,/home/lnk85/SymmariesProjectBits/symmaries-maven-evaluation/config/policies/empty-sources-and-sinks.xml,3f2d50ad2de30a80ce3fcf7a7fd8ef57f2aa30bdd621bc753d6165b0790b27fc,timeout 20m /home/lnk85/SymmariesProjectBits/symmaries-maven-evaluation/work/pilot/RCM-10266/D1/attempt-1/workspace/mvnw -B -ntp -s /home/lnk85/SymmariesProjectBits/symmaries-maven-evaluation/config/settings-pilot-host.xml -Dmaven.repo.local=/home/lnk85/SymmariesProjectBits/symmaries-maven-evaluation/results/batch-2-300-d1-runs/RCM-10266/D1/attempt-1/m2 -Prelease clean package -DskipTests -Dmaven.javadoc.skip -Dgpg.skip -Dcyclonedx.skip,none,false,false,true,,,,,,,results/batch-2-300-d1-runs/RCM-10266/D1/attempt-1/maven.log,,Initial explicit-goal Symmaries pilot runner
RCM-00023,pilot-primary,D1,1,PASS,0,2026-08-10T20:55:19+00:00,2026-08-10T20:55:41+00:00,22.059,work/pilot/RCM-00023/D1/attempt-1/workspace,results/batch-2-300-d1-runs/RCM-00023/D1/attempt-1/m2,.,benchmark-fallback,/home/lnk85/SymmariesProjectBits/symmaries-maven-evaluation/config/policies/empty-sources-and-sinks.xml,/home/lnk85/SymmariesProjectBits/symmaries-maven-evaluation/config/policies/empty-sources-and-sinks.xml,3f2d50ad2de30a80ce3fcf7a7fd8ef57f2aa30bdd621bc753d6165b0790b27fc,timeout 20m /home/lnk85/SymmariesProjectBits/symmaries-maven-evaluation/work/pilot/RCM-00023/D1/attempt-1/workspace/mvnw -B -ntp -s /home/lnk85/SymmariesProjectBits/symmaries-maven-evaluation/config/settings-pilot-host.xml -Dmaven.repo.local=/home/lnk85/SymmariesProjectBits/symmaries-maven-evaluation/results/batch-2-300-d1-runs/RCM-00023/D1/attempt-1/m2 -f maven-plugins/pom.xml clean verify -DskipTests -Dmaven.javadoc.skip -Dgpg.skip -Dinvoker.skip,none,false,false,true,,,,,,,results/batch-2-300-d1-runs/RCM-00023/D1/attempt-1/maven.log,,Initial explicit-goal Symmaries pilot runner
RCM-02539,pilot-primary,D1,1,FAIL_BUILD,1,2026-08-10T20:55:41+00:00,2026-08-10T20:56:31+00:00,49.604,work/pilot/RCM-02539/D1/attempt-1/workspace,results/batch-2-300-d1-runs/RCM-02539/D1/attempt-1/m2,.,benchmark-fallback,/home/lnk85/SymmariesProjectBits/symmaries-maven-evaluation/config/policies/empty-sources-and-sinks.xml,/home/lnk85/SymmariesProjectBits/symmaries-maven-evaluation/config/policies/empty-sources-and-sinks.xml,3f2d50ad2de30a80ce3fcf7a7fd8ef57f2aa30bdd621bc753d6165b0790b27fc,timeout 20m mvn -B -ntp -s /home/lnk85/SymmariesProjectBits/symmaries-maven-evaluation/config/settings-pilot-host.xml -Dmaven.repo.local=/home/lnk85/SymmariesProjectBits/symmaries-maven-evaluation/results/batch-2-300-d1-runs/RCM-02539/D1/attempt-1/m2 -Pbase-deploy clean package -DskipTests -Dmaven.javadoc.skip -Dgpg.skip,none,false,false,true,,,,,,,results/batch-2-300-d1-runs/RCM-02539/D1/attempt-1/maven.log,MAVEN_OR_PLUGIN_FAILURE,Initial explicit-goal Symmaries pilot runner
RCM-10396,pilot-primary,D1,1,PASS,0,2026-08-10T20:56:31+00:00,2026-08-10T20:56:50+00:00,18.923,work/pilot/RCM-10396/D1/attempt-1/workspace,results/batch-2-300-d1-runs/RCM-10396/D1/attempt-1/m2,.,benchmark-fallback,/home/lnk85/SymmariesProjectBits/symmaries-maven-evaluation/config/policies/empty-sources-and-sinks.xml,/home/lnk85/SymmariesProjectBits/symmaries-maven-evaluation/config/policies/empty-sources-and-sinks.xml,3f2d50ad2de30a80ce3fcf7a7fd8ef57f2aa30bdd621bc753d6165b0790b27fc,timeout 20m /home/lnk85/SymmariesProjectBits/symmaries-maven-evaluation/work/pilot/RCM-10396/D1/attempt-1/workspace/mvnw -B -ntp -s /home/lnk85/SymmariesProjectBits/symmaries-maven-evaluation/config/settings-pilot-host.xml -Dmaven.repo.local=/home/lnk85/SymmariesProjectBits/symmaries-maven-evaluation/results/batch-2-300-d1-runs/RCM-10396/D1/attempt-1/m2 clean package -Prelease -DskipTests -Dmaven.javadoc.skip -Dgpg.skip,none,false,false,true,,,,,,,results/batch-2-300-d1-runs/RCM-10396/D1/attempt-1/maven.log,,Initial explicit-goal Symmaries pilot runner
RCM-04658,pilot-primary,D1,1,PASS,0,2026-08-10T20:56:50+00:00,2026-08-10T20:56:56+00:00,6.75,work/pilot/RCM-04658/D1/attempt-1/workspace,results/batch-2-300-d1-runs/RCM-04658/D1/attempt-1/m2,.,benchmark-fallback,/home/lnk85/SymmariesProjectBits/symmaries-maven-evaluation/config/policies/empty-sources-and-sinks.xml,/home/lnk85/SymmariesProjectBits/symmaries-maven-evaluation/config/policies/empty-sources-and-sinks.xml,3f2d50ad2de30a80ce3fcf7a7fd8ef57f2aa30bdd621bc753d6165b0790b27fc,timeout 20m /home/lnk85/SymmariesProjectBits/symmaries-maven-evaluation/work/pilot/RCM-04658/D1/attempt-1/workspace/mvnw -B -ntp -s /home/lnk85/SymmariesProjectBits/symmaries-maven-evaluation/config/settings-pilot-host.xml -Dmaven.repo.local=/home/lnk85/SymmariesProjectBits/symmaries-maven-evaluation/results/batch-2-300-d1-runs/RCM-04658/D1/attempt-1/m2 -Pmaven-central clean package -DskipTests -Dmaven.javadoc.skip -Dgpg.skip,none,false,false,true,,,,,,,results/batch-2-300-d1-runs/RCM-04658/D1/attempt-1/maven.log,,Initial explicit-goal Symmaries pilot runner
RCM-05896,pilot-primary,D1,1,PASS,0,2026-08-10T20:56:56+00:00,2026-08-10T20:57:03+00:00,6.428,work/pilot/RCM-05896/D1/attempt-1/workspace,results/batch-2-300-d1-runs/RCM-05896/D1/attempt-1/m2,.,benchmark-fallback,/home/lnk85/SymmariesProjectBits/symmaries-maven-evaluation/config/policies/empty-sources-and-sinks.xml,/home/lnk85/SymmariesProjectBits/symmaries-maven-evaluation/config/policies/empty-sources-and-sinks.xml,3f2d50ad2de30a80ce3fcf7a7fd8ef57f2aa30bdd621bc753d6165b0790b27fc,timeout 20m mvn -B -ntp -s /home/lnk85/SymmariesProjectBits/symmaries-maven-evaluation/config/settings-pilot-host.xml -Dmaven.repo.local=/home/lnk85/SymmariesProjectBits/symmaries-maven-evaluation/results/batch-2-300-d1-runs/RCM-05896/D1/attempt-1/m2 -Papache-release clean package -DskipTests -Dmaven.javadoc.skip -Dgpg.skip,none,false,false,true,,,,,,,results/batch-2-300-d1-runs/RCM-05896/D1/attempt-1/maven.log,,Initial explicit-goal Symmaries pilot runner
RCM-04146,pilot-primary,D1,1,FAIL_ENVIRONMENT,-1,2026-08-10T20:57:03+00:00,2026-08-10T20:57:03+00:00,0.024,work/pilot/RCM-04146/D1/attempt-1/workspace,results/batch-2-300-d1-runs/RCM-04146/D1/attempt-1/m2,.,,,,,,none,false,false,true,,,,,,,results/batch-2-300-d1-runs/RCM-04146/D1/attempt-1/maven.log,RUNNER_EXCEPTION,Initial explicit-goal Symmaries pilot runner
RCM-05931,pilot-primary,D1,1,PASS,0,2026-08-10T20:57:03+00:00,2026-08-10T20:57:08+00:00,4.997,work/pilot/RCM-05931/D1/attempt-1/workspace,results/batch-2-300-d1-runs/RCM-05931/D1/attempt-1/m2,.,benchmark-fallback,/home/lnk85/SymmariesProjectBits/symmaries-maven-evaluation/config/policies/empty-sources-and-sinks.xml,/home/lnk85/SymmariesProjectBits/symmaries-maven-evaluation/config/policies/empty-sources-and-sinks.xml,3f2d50ad2de30a80ce3fcf7a7fd8ef57f2aa30bdd621bc753d6165b0790b27fc,timeout 20m mvn -B -ntp -s /home/lnk85/SymmariesProjectBits/symmaries-maven-evaluation/config/settings-pilot-host.xml -Dmaven.repo.local=/home/lnk85/SymmariesProjectBits/symmaries-maven-evaluation/results/batch-2-300-d1-runs/RCM-05931/D1/attempt-1/m2 -Pmichael-o-release clean package -DskipTests -Dmaven.javadoc.skip -Dgpg.skip -Dspotless.skip,none,false,false,true,,,,,,,results/batch-2-300-d1-runs/RCM-05931/D1/attempt-1/maven.log,,Initial explicit-goal Symmaries pilot runner
RCM-08016,pilot-primary,D1,1,PASS,0,2026-08-10T20:57:08+00:00,2026-08-10T20:57:25+00:00,17.034,work/pilot/RCM-08016/D1/attempt-1/workspace,results/batch-2-300-d1-runs/RCM-08016/D1/attempt-1/m2,.,benchmark-fallback,/home/lnk85/SymmariesProjectBits/symmaries-maven-evaluation/config/policies/empty-sources-and-sinks.xml,/home/lnk85/SymmariesProjectBits/symmaries-maven-evaluation/config/policies/empty-sources-and-sinks.xml,3f2d50ad2de30a80ce3fcf7a7fd8ef57f2aa30bdd621bc753d6165b0790b27fc,timeout 20m mvn -B -ntp -s /home/lnk85/SymmariesProjectBits/symmaries-maven-evaluation/config/settings-pilot-host.xml -Dmaven.repo.local=/home/lnk85/SymmariesProjectBits/symmaries-maven-evaluation/results/batch-2-300-d1-runs/RCM-08016/D1/attempt-1/m2 -Papache-release clean package -DskipTests -Dmaven.javadoc.skip -Dgpg.skip,none,false,false,true,,,,,,,results/batch-2-300-d1-runs/RCM-08016/D1/attempt-1/maven.log,,Initial explicit-goal Symmaries pilot runner
RCM-09604,pilot-primary,D1,1,FAIL_BUILD,1,2026-08-10T20:57:25+00:00,2026-08-10T20:57:29+00:00,3.918,work/pilot/RCM-09604/D1/attempt-1/workspace,results/batch-2-300-d1-runs/RCM-09604/D1/attempt-1/m2,.,benchmark-fallback,/home/lnk85/SymmariesProjectBits/symmaries-maven-evaluation/config/policies/empty-sources-and-sinks.xml,/home/lnk85/SymmariesProjectBits/symmaries-maven-evaluation/config/policies/empty-sources-and-sinks.xml,3f2d50ad2de30a80ce3fcf7a7fd8ef57f2aa30bdd621bc753d6165b0790b27fc,timeout 20m mvn -B -ntp -s /home/lnk85/SymmariesProjectBits/symmaries-maven-evaluation/config/settings-pilot-host.xml -Dmaven.repo.local=/home/lnk85/SymmariesProjectBits/symmaries-maven-evaluation/results/batch-2-300-d1-runs/RCM-09604/D1/attempt-1/m2 package -DskipTests -Dmaven.javadoc.skip -Dgpg.skip -Dbuildinfo.detect.skip=false -Dbuildinfo.skipModules=,none,false,false,true,,,,,,,results/batch-2-300-d1-runs/RCM-09604/D1/attempt-1/maven.log,MAVEN_OR_PLUGIN_FAILURE,Initial explicit-goal Symmaries pilot runner
RCM-06571,pilot-primary,D1,1,PASS,0,2026-08-10T20:57:29+00:00,2026-08-10T20:58:04+00:00,35.374,work/pilot/RCM-06571/D1/attempt-1/workspace,results/batch-2-300-d1-runs/RCM-06571/D1/attempt-1/m2,.,benchmark-fallback,/home/lnk85/SymmariesProjectBits/symmaries-maven-evaluation/config/policies/empty-sources-and-sinks.xml,/home/lnk85/SymmariesProjectBits/symmaries-maven-evaluation/config/policies/empty-sources-and-sinks.xml,3f2d50ad2de30a80ce3fcf7a7fd8ef57f2aa30bdd621bc753d6165b0790b27fc,timeout 20m mvn -B -ntp -s /home/lnk85/SymmariesProjectBits/symmaries-maven-evaluation/config/settings-pilot-host.xml -Dmaven.repo.local=/home/lnk85/SymmariesProjectBits/symmaries-maven-evaluation/results/batch-2-300-d1-runs/RCM-06571/D1/attempt-1/m2 -Prelease clean package package -DskipTests -Dmaven.javadoc.skip -Dgpg.skip -Dcommons.release.dryRun -Dcommons.release.isDistModule=false -Dcommons.spdx.version=0.7.1 -Dspdx.skip -Dcyclonedx.skip,none,false,false,true,,,,,,,results/batch-2-300-d1-runs/RCM-06571/D1/attempt-1/maven.log,,Initial explicit-goal Symmaries pilot runner
RCM-09724,pilot-primary,D1,1,PASS,0,2026-08-10T20:58:05+00:00,2026-08-10T20:58:18+00:00,13.703,work/pilot/RCM-09724/D1/attempt-1/workspace,results/batch-2-300-d1-runs/RCM-09724/D1/attempt-1/m2,.,benchmark-fallback,/home/lnk85/SymmariesProjectBits/symmaries-maven-evaluation/config/policies/empty-sources-and-sinks.xml,/home/lnk85/SymmariesProjectBits/symmaries-maven-evaluation/config/policies/empty-sources-and-sinks.xml,3f2d50ad2de30a80ce3fcf7a7fd8ef57f2aa30bdd621bc753d6165b0790b27fc,timeout 20m mvn -B -ntp -s /home/lnk85/SymmariesProjectBits/symmaries-maven-evaluation/config/settings-pilot-host.xml -Dmaven.repo.local=/home/lnk85/SymmariesProjectBits/symmaries-maven-evaluation/results/batch-2-300-d1-runs/RCM-09724/D1/attempt-1/m2 -Psonatype-oss-release clean package -DskipTests -Dmaven.javadoc.skip -Dgpg.skip,none,false,false,true,,,,,,,results/batch-2-300-d1-runs/RCM-09724/D1/attempt-1/maven.log,,Initial explicit-goal Symmaries pilot runner
RCM-08036,pilot-primary,D1,1,PASS,0,2026-08-10T20:58:18+00:00,2026-08-10T20:58:58+00:00,39.624,work/pilot/RCM-08036/D1/attempt-1/workspace,results/batch-2-300-d1-runs/RCM-08036/D1/attempt-1/m2,.,benchmark-fallback,/home/lnk85/SymmariesProjectBits/symmaries-maven-evaluation/config/policies/empty-sources-and-sinks.xml,/home/lnk85/SymmariesProjectBits/symmaries-maven-evaluation/config/policies/empty-sources-and-sinks.xml,3f2d50ad2de30a80ce3fcf7a7fd8ef57f2aa30bdd621bc753d6165b0790b27fc,timeout 20m mvn -B -ntp -s /home/lnk85/SymmariesProjectBits/symmaries-maven-evaluation/config/settings-pilot-host.xml -Dmaven.repo.local=/home/lnk85/SymmariesProjectBits/symmaries-maven-evaluation/results/batch-2-300-d1-runs/RCM-08036/D1/attempt-1/m2 -Papache-release -Prelease clean package -DskipTests -Dmaven.javadoc.skip -Dgpg.skip,none,false,false,true,,,,,,,results/batch-2-300-d1-runs/RCM-08036/D1/attempt-1/maven.log,,Initial explicit-goal Symmaries pilot runner
RCM-05905,pilot-primary,D1,1,PASS,0,2026-08-10T20:58:58+00:00,2026-08-10T20:59:17+00:00,18.879,work/pilot/RCM-05905/D1/attempt-1/workspace,results/batch-2-300-d1-runs/RCM-05905/D1/attempt-1/m2,.,benchmark-fallback,/home/lnk85/SymmariesProjectBits/symmaries-maven-evaluation/config/policies/empty-sources-and-sinks.xml,/home/lnk85/SymmariesProjectBits/symmaries-maven-evaluation/config/policies/empty-sources-and-sinks.xml,3f2d50ad2de30a80ce3fcf7a7fd8ef57f2aa30bdd621bc753d6165b0790b27fc,timeout 20m mvn -B -ntp -s /home/lnk85/SymmariesProjectBits/symmaries-maven-evaluation/config/settings-pilot-host.xml -Dmaven.repo.local=/home/lnk85/SymmariesProjectBits/symmaries-maven-evaluation/results/batch-2-300-d1-runs/RCM-05905/D1/attempt-1/m2 -Papache-release clean package -DskipTests -Dmaven.javadoc.skip -Dgpg.skip,none,false,false,true,,,,,,,results/batch-2-300-d1-runs/RCM-05905/D1/attempt-1/maven.log,,Initial explicit-goal Symmaries pilot runner
RCM-00879,pilot-primary,D1,1,PASS,0,2026-08-10T20:59:17+00:00,2026-08-10T21:00:23+00:00,66.076,work/pilot/RCM-00879/D1/attempt-1/workspace,results/batch-2-300-d1-runs/RCM-00879/D1/attempt-1/m2,.,benchmark-fallback,/home/lnk85/SymmariesProjectBits/symmaries-maven-evaluation/config/policies/empty-sources-and-sinks.xml,/home/lnk85/SymmariesProjectBits/symmaries-maven-evaluation/config/policies/empty-sources-and-sinks.xml,3f2d50ad2de30a80ce3fcf7a7fd8ef57f2aa30bdd621bc753d6165b0790b27fc,timeout 20m /home/lnk85/SymmariesProjectBits/symmaries-maven-evaluation/work/pilot/RCM-00879/D1/attempt-1/workspace/mvnw -B -ntp -s /home/lnk85/SymmariesProjectBits/symmaries-maven-evaluation/config/settings-pilot-host.xml -Dmaven.repo.local=/home/lnk85/SymmariesProjectBits/symmaries-maven-evaluation/results/batch-2-300-d1-runs/RCM-00879/D1/attempt-1/m2 clean package -DskipTests -Dmaven.javadoc.skip -Dgpg.skip -Dlicense.skip,none,false,false,true,,,,,,,results/batch-2-300-d1-runs/RCM-00879/D1/attempt-1/maven.log,,Initial explicit-goal Symmaries pilot runner
RCM-10085,pilot-primary,D1,1,PASS,0,2026-08-10T21:00:23+00:00,2026-08-10T21:00:51+00:00,27.615,work/pilot/RCM-10085/D1/attempt-1/workspace,results/batch-2-300-d1-runs/RCM-10085/D1/attempt-1/m2,.,benchmark-fallback,/home/lnk85/SymmariesProjectBits/symmaries-maven-evaluation/config/policies/empty-sources-and-sinks.xml,/home/lnk85/SymmariesProjectBits/symmaries-maven-evaluation/config/policies/empty-sources-and-sinks.xml,3f2d50ad2de30a80ce3fcf7a7fd8ef57f2aa30bdd621bc753d6165b0790b27fc,timeout 20m mvn -B -ntp -s /home/lnk85/SymmariesProjectBits/symmaries-maven-evaluation/config/settings-pilot-host.xml -Dmaven.repo.local=/home/lnk85/SymmariesProjectBits/symmaries-maven-evaluation/results/batch-2-300-d1-runs/RCM-10085/D1/attempt-1/m2 clean package -DskipTests -Dmaven.javadoc.skip -Dgpg.skip,none,false,false,true,,,,,,,results/batch-2-300-d1-runs/RCM-10085/D1/attempt-1/maven.log,,Initial explicit-goal Symmaries pilot runner
RCM-06690,pilot-primary,D1,1,FAIL_BUILD,1,2026-08-10T21:00:51+00:00,2026-08-10T21:00:54+00:00,3.629,work/pilot/RCM-06690/D1/attempt-1/workspace,results/batch-2-300-d1-runs/RCM-06690/D1/attempt-1/m2,.,benchmark-fallback,/home/lnk85/SymmariesProjectBits/symmaries-maven-evaluation/config/policies/empty-sources-and-sinks.xml,/home/lnk85/SymmariesProjectBits/symmaries-maven-evaluation/config/policies/empty-sources-and-sinks.xml,3f2d50ad2de30a80ce3fcf7a7fd8ef57f2aa30bdd621bc753d6165b0790b27fc,timeout 20m mvn -B -ntp -s /home/lnk85/SymmariesProjectBits/symmaries-maven-evaluation/config/settings-pilot-host.xml -Dmaven.repo.local=/home/lnk85/SymmariesProjectBits/symmaries-maven-evaluation/results/batch-2-300-d1-runs/RCM-06690/D1/attempt-1/m2 -Papache-release clean package -DskipTests -Dmaven.javadoc.skip -Dgpg.skip,none,false,false,true,,,,,,,results/batch-2-300-d1-runs/RCM-06690/D1/attempt-1/maven.log,MAVEN_OR_PLUGIN_FAILURE,Initial explicit-goal Symmaries pilot runner
RCM-04766,pilot-primary,D1,1,PASS,0,2026-08-10T21:00:54+00:00,2026-08-10T21:01:03+00:00,8.137,work/pilot/RCM-04766/D1/attempt-1/workspace,results/batch-2-300-d1-runs/RCM-04766/D1/attempt-1/m2,.,benchmark-fallback,/home/lnk85/SymmariesProjectBits/symmaries-maven-evaluation/config/policies/empty-sources-and-sinks.xml,/home/lnk85/SymmariesProjectBits/symmaries-maven-evaluation/config/policies/empty-sources-and-sinks.xml,3f2d50ad2de30a80ce3fcf7a7fd8ef57f2aa30bdd621bc753d6165b0790b27fc,timeout 20m mvn -B -ntp -s /home/lnk85/SymmariesProjectBits/symmaries-maven-evaluation/config/settings-pilot-host.xml -Dmaven.repo.local=/home/lnk85/SymmariesProjectBits/symmaries-maven-evaluation/results/batch-2-300-d1-runs/RCM-04766/D1/attempt-1/m2 clean package -Prelease -DskipTests -Dmaven.javadoc.skip -Dgpg.skip,none,false,false,true,,,,,,,results/batch-2-300-d1-runs/RCM-04766/D1/attempt-1/maven.log,,Initial explicit-goal Symmaries pilot runner
RCM-03904,pilot-primary,D1,1,PASS,0,2026-08-10T21:01:03+00:00,2026-08-10T21:02:24+00:00,81.282,work/pilot/RCM-03904/D1/attempt-1/workspace,results/batch-2-300-d1-runs/RCM-03904/D1/attempt-1/m2,.,benchmark-fallback,/home/lnk85/SymmariesProjectBits/symmaries-maven-evaluation/config/policies/empty-sources-and-sinks.xml,/home/lnk85/SymmariesProjectBits/symmaries-maven-evaluation/config/policies/empty-sources-and-sinks.xml,3f2d50ad2de30a80ce3fcf7a7fd8ef57f2aa30bdd621bc753d6165b0790b27fc,timeout 20m /home/lnk85/SymmariesProjectBits/symmaries-maven-evaluation/work/pilot/RCM-03904/D1/attempt-1/workspace/mvnw -B -ntp -s /home/lnk85/SymmariesProjectBits/symmaries-maven-evaluation/config/settings-pilot-host.xml -Dmaven.repo.local=/home/lnk85/SymmariesProjectBits/symmaries-maven-evaluation/results/batch-2-300-d1-runs/RCM-03904/D1/attempt-1/m2 -Psign-source-javadoc clean package -DskipTests -Dmaven.javadoc.skip -Dgpg.skip,none,false,false,true,,,,,,,results/batch-2-300-d1-runs/RCM-03904/D1/attempt-1/maven.log,,Initial explicit-goal Symmaries pilot runner
RCM-09185,pilot-primary,D1,1,PASS,0,2026-08-10T21:02:24+00:00,2026-08-10T21:02:33+00:00,9.215,work/pilot/RCM-09185/D1/attempt-1/workspace,results/batch-2-300-d1-runs/RCM-09185/D1/attempt-1/m2,.,benchmark-fallback,/home/lnk85/SymmariesProjectBits/symmaries-maven-evaluation/config/policies/empty-sources-and-sinks.xml,/home/lnk85/SymmariesProjectBits/symmaries-maven-evaluation/config/policies/empty-sources-and-sinks.xml,3f2d50ad2de30a80ce3fcf7a7fd8ef57f2aa30bdd621bc753d6165b0790b27fc,timeout 20m mvn -B -ntp -s /home/lnk85/SymmariesProjectBits/symmaries-maven-evaluation/config/settings-pilot-host.xml -Dmaven.repo.local=/home/lnk85/SymmariesProjectBits/symmaries-maven-evaluation/results/batch-2-300-d1-runs/RCM-09185/D1/attempt-1/m2 -Pplexus-release clean package -DskipTests -Dmaven.javadoc.skip -Dgpg.skip,none,false,false,true,,,,,,,results/batch-2-300-d1-runs/RCM-09185/D1/attempt-1/maven.log,,Initial explicit-goal Symmaries pilot runner
RCM-10456,pilot-primary,D1,1,PASS,0,2026-08-10T21:02:33+00:00,2026-08-10T21:03:23+00:00,49.74,work/pilot/RCM-10456/D1/attempt-1/workspace,results/batch-2-300-d1-runs/RCM-10456/D1/attempt-1/m2,.,benchmark-fallback,/home/lnk85/SymmariesProjectBits/symmaries-maven-evaluation/config/policies/empty-sources-and-sinks.xml,/home/lnk85/SymmariesProjectBits/symmaries-maven-evaluation/config/policies/empty-sources-and-sinks.xml,3f2d50ad2de30a80ce3fcf7a7fd8ef57f2aa30bdd621bc753d6165b0790b27fc,timeout 20m mvn -B -ntp -s /home/lnk85/SymmariesProjectBits/symmaries-maven-evaluation/config/settings-pilot-host.xml -Dmaven.repo.local=/home/lnk85/SymmariesProjectBits/symmaries-maven-evaluation/results/batch-2-300-d1-runs/RCM-10456/D1/attempt-1/m2 clean package -DskipTests -Dmaven.javadoc.skip -Dgpg.skip -Dbuildinfo.ignore=,none,false,false,true,,,,,,,results/batch-2-300-d1-runs/RCM-10456/D1/attempt-1/maven.log,,Initial explicit-goal Symmaries pilot runner
RCM-01690,pilot-primary,D1,1,PASS,0,2026-08-10T21:03:23+00:00,2026-08-10T21:03:30+00:00,7.151,work/pilot/RCM-01690/D1/attempt-1/workspace,results/batch-2-300-d1-runs/RCM-01690/D1/attempt-1/m2,.,benchmark-fallback,/home/lnk85/SymmariesProjectBits/symmaries-maven-evaluation/config/policies/empty-sources-and-sinks.xml,/home/lnk85/SymmariesProjectBits/symmaries-maven-evaluation/config/policies/empty-sources-and-sinks.xml,3f2d50ad2de30a80ce3fcf7a7fd8ef57f2aa30bdd621bc753d6165b0790b27fc,timeout 20m /home/lnk85/SymmariesProjectBits/symmaries-maven-evaluation/work/pilot/RCM-01690/D1/attempt-1/workspace/mvnw -B -ntp -s /home/lnk85/SymmariesProjectBits/symmaries-maven-evaluation/config/settings-pilot-host.xml -Dmaven.repo.local=/home/lnk85/SymmariesProjectBits/symmaries-maven-evaluation/results/batch-2-300-d1-runs/RCM-01690/D1/attempt-1/m2 -Prelease clean package -DskipTests -Dmaven.javadoc.skip -Dgpg.skip,none,false,false,true,,,,,,,results/batch-2-300-d1-runs/RCM-01690/D1/attempt-1/maven.log,,Initial explicit-goal Symmaries pilot runner
RCM-08887,pilot-primary,D1,1,PASS,0,2026-08-10T21:03:30+00:00,2026-08-10T21:03:54+00:00,23.929,work/pilot/RCM-08887/D1/attempt-1/workspace,results/batch-2-300-d1-runs/RCM-08887/D1/attempt-1/m2,.,benchmark-fallback,/home/lnk85/SymmariesProjectBits/symmaries-maven-evaluation/config/policies/empty-sources-and-sinks.xml,/home/lnk85/SymmariesProjectBits/symmaries-maven-evaluation/config/policies/empty-sources-and-sinks.xml,3f2d50ad2de30a80ce3fcf7a7fd8ef57f2aa30bdd621bc753d6165b0790b27fc,timeout 20m mvn -B -ntp -s /home/lnk85/SymmariesProjectBits/symmaries-maven-evaluation/config/settings-pilot-host.xml -Dmaven.repo.local=/home/lnk85/SymmariesProjectBits/symmaries-maven-evaluation/results/batch-2-300-d1-runs/RCM-08887/D1/attempt-1/m2 -Pmodello-release clean package -DskipTests -Dmaven.javadoc.skip -Dgpg.skip,none,false,false,true,,,,,,,results/batch-2-300-d1-runs/RCM-08887/D1/attempt-1/maven.log,,Initial explicit-goal Symmaries pilot runner
RCM-02086,pilot-primary,D1,1,FAIL_BUILD,1,2026-08-10T21:03:54+00:00,2026-08-10T21:04:32+00:00,37.955,work/pilot/RCM-02086/D1/attempt-1/workspace,results/batch-2-300-d1-runs/RCM-02086/D1/attempt-1/m2,.,benchmark-fallback,/home/lnk85/SymmariesProjectBits/symmaries-maven-evaluation/config/policies/empty-sources-and-sinks.xml,/home/lnk85/SymmariesProjectBits/symmaries-maven-evaluation/config/policies/empty-sources-and-sinks.xml,3f2d50ad2de30a80ce3fcf7a7fd8ef57f2aa30bdd621bc753d6165b0790b27fc,timeout 20m mvn -B -ntp -s /home/lnk85/SymmariesProjectBits/symmaries-maven-evaluation/config/settings-pilot-host.xml -Dmaven.repo.local=/home/lnk85/SymmariesProjectBits/symmaries-maven-evaluation/results/batch-2-300-d1-runs/RCM-02086/D1/attempt-1/m2 -Prelease clean package -DskipTests -Dmaven.javadoc.skip -Dgpg.skip,none,false,false,true,,,,,,,results/batch-2-300-d1-runs/RCM-02086/D1/attempt-1/maven.log,MAVEN_OR_PLUGIN_FAILURE,Initial explicit-goal Symmaries pilot runner
RCM-07325,pilot-primary,D1,1,PASS,0,2026-08-10T21:04:32+00:00,2026-08-10T21:04:46+00:00,13.902,work/pilot/RCM-07325/D1/attempt-1/workspace,results/batch-2-300-d1-runs/RCM-07325/D1/attempt-1/m2,.,benchmark-fallback,/home/lnk85/SymmariesProjectBits/symmaries-maven-evaluation/config/policies/empty-sources-and-sinks.xml,/home/lnk85/SymmariesProjectBits/symmaries-maven-evaluation/config/policies/empty-sources-and-sinks.xml,3f2d50ad2de30a80ce3fcf7a7fd8ef57f2aa30bdd621bc753d6165b0790b27fc,timeout 20m mvn -B -ntp -s /home/lnk85/SymmariesProjectBits/symmaries-maven-evaluation/config/settings-pilot-host.xml -Dmaven.repo.local=/home/lnk85/SymmariesProjectBits/symmaries-maven-evaluation/results/batch-2-300-d1-runs/RCM-07325/D1/attempt-1/m2 -Papache-release clean package -DskipTests -Dmaven.javadoc.skip -Dgpg.skip,none,false,false,true,,,,,,,results/batch-2-300-d1-runs/RCM-07325/D1/attempt-1/maven.log,,Initial explicit-goal Symmaries pilot runner
RCM-02877,pilot-primary,D1,1,PASS,0,2026-08-10T21:04:46+00:00,2026-08-10T21:04:57+00:00,10.616,work/pilot/RCM-02877/D1/attempt-1/workspace,results/batch-2-300-d1-runs/RCM-02877/D1/attempt-1/m2,.,benchmark-fallback,/home/lnk85/SymmariesProjectBits/symmaries-maven-evaluation/config/policies/empty-sources-and-sinks.xml,/home/lnk85/SymmariesProjectBits/symmaries-maven-evaluation/config/policies/empty-sources-and-sinks.xml,3f2d50ad2de30a80ce3fcf7a7fd8ef57f2aa30bdd621bc753d6165b0790b27fc,timeout 20m /home/lnk85/SymmariesProjectBits/symmaries-maven-evaluation/work/pilot/RCM-02877/D1/attempt-1/workspace/mvnw -B -ntp -s /home/lnk85/SymmariesProjectBits/symmaries-maven-evaluation/config/settings-pilot-host.xml -Dmaven.repo.local=/home/lnk85/SymmariesProjectBits/symmaries-maven-evaluation/results/batch-2-300-d1-runs/RCM-02877/D1/attempt-1/m2 -Pmaveniverse-release clean package -DskipTests -Dgpg.skip -Denforcer.skip,none,false,false,true,,,,,,,results/batch-2-300-d1-runs/RCM-02877/D1/attempt-1/maven.log,,Initial explicit-goal Symmaries pilot runner
RCM-05926,pilot-primary,D1,1,PASS,0,2026-08-10T21:04:57+00:00,2026-08-10T21:05:10+00:00,13.519,work/pilot/RCM-05926/D1/attempt-1/workspace,results/batch-2-300-d1-runs/RCM-05926/D1/attempt-1/m2,.,benchmark-fallback,/home/lnk85/SymmariesProjectBits/symmaries-maven-evaluation/config/policies/empty-sources-and-sinks.xml,/home/lnk85/SymmariesProjectBits/symmaries-maven-evaluation/config/policies/empty-sources-and-sinks.xml,3f2d50ad2de30a80ce3fcf7a7fd8ef57f2aa30bdd621bc753d6165b0790b27fc,timeout 20m mvn -B -ntp -s /home/lnk85/SymmariesProjectBits/symmaries-maven-evaluation/config/settings-pilot-host.xml -Dmaven.repo.local=/home/lnk85/SymmariesProjectBits/symmaries-maven-evaluation/results/batch-2-300-d1-runs/RCM-05926/D1/attempt-1/m2 -Papache-release clean package -DskipTests -Dmaven.javadoc.skip -Dgpg.skip,none,false,false,true,,,,,,,results/batch-2-300-d1-runs/RCM-05926/D1/attempt-1/maven.log,,Initial explicit-goal Symmaries pilot runner
RCM-02324,pilot-primary,D1,1,PASS,0,2026-08-10T21:05:10+00:00,2026-08-10T21:05:31+00:00,20.106,work/pilot/RCM-02324/D1/attempt-1/workspace,results/batch-2-300-d1-runs/RCM-02324/D1/attempt-1/m2,.,benchmark-fallback,/home/lnk85/SymmariesProjectBits/symmaries-maven-evaluation/config/policies/empty-sources-and-sinks.xml,/home/lnk85/SymmariesProjectBits/symmaries-maven-evaluation/config/policies/empty-sources-and-sinks.xml,3f2d50ad2de30a80ce3fcf7a7fd8ef57f2aa30bdd621bc753d6165b0790b27fc,timeout 20m /home/lnk85/SymmariesProjectBits/symmaries-maven-evaluation/work/pilot/RCM-02324/D1/attempt-1/workspace/mvnw -B -ntp -s /home/lnk85/SymmariesProjectBits/symmaries-maven-evaluation/config/settings-pilot-host.xml -Dmaven.repo.local=/home/lnk85/SymmariesProjectBits/symmaries-maven-evaluation/results/batch-2-300-d1-runs/RCM-02324/D1/attempt-1/m2 -Prelease clean package -DskipTests -Dmaven.javadoc.skip -Dgpg.skip -Dbuildinfo.detect.skip=false,none,false,false,true,,,,,,,results/batch-2-300-d1-runs/RCM-02324/D1/attempt-1/maven.log,,Initial explicit-goal Symmaries pilot runner
RCM-05604,pilot-primary,D1,1,FAIL_BUILD,1,2026-08-10T21:05:31+00:00,2026-08-10T21:05:33+00:00,2.44,work/pilot/RCM-05604/D1/attempt-1/workspace,results/batch-2-300-d1-runs/RCM-05604/D1/attempt-1/m2,.,benchmark-fallback,/home/lnk85/SymmariesProjectBits/symmaries-maven-evaluation/config/policies/empty-sources-and-sinks.xml,/home/lnk85/SymmariesProjectBits/symmaries-maven-evaluation/config/policies/empty-sources-and-sinks.xml,3f2d50ad2de30a80ce3fcf7a7fd8ef57f2aa30bdd621bc753d6165b0790b27fc,timeout 20m /home/lnk85/SymmariesProjectBits/symmaries-maven-evaluation/work/pilot/RCM-05604/D1/attempt-1/workspace/mvnw -B -ntp -s /home/lnk85/SymmariesProjectBits/symmaries-maven-evaluation/config/settings-pilot-host.xml -Dmaven.repo.local=/home/lnk85/SymmariesProjectBits/symmaries-maven-evaluation/results/batch-2-300-d1-runs/RCM-05604/D1/attempt-1/m2 -f commons/pom.xml -Pio.wcm clean package -DskipTests -Dmaven.buildNumber.skip '-DbuildNumber=${buildNumber}' '-Dtimestamp=${timestamp}',none,false,false,true,,,,,,,results/batch-2-300-d1-runs/RCM-05604/D1/attempt-1/maven.log,MAVEN_OR_PLUGIN_FAILURE,Initial explicit-goal Symmaries pilot runner
RCM-10468,pilot-primary,D1,1,PASS,0,2026-08-10T21:05:33+00:00,2026-08-10T21:05:42+00:00,8.923,work/pilot/RCM-10468/D1/attempt-1/workspace,results/batch-2-300-d1-runs/RCM-10468/D1/attempt-1/m2,.,benchmark-fallback,/home/lnk85/SymmariesProjectBits/symmaries-maven-evaluation/config/policies/empty-sources-and-sinks.xml,/home/lnk85/SymmariesProjectBits/symmaries-maven-evaluation/config/policies/empty-sources-and-sinks.xml,3f2d50ad2de30a80ce3fcf7a7fd8ef57f2aa30bdd621bc753d6165b0790b27fc,timeout 20m mvn -B -ntp -s /home/lnk85/SymmariesProjectBits/symmaries-maven-evaluation/config/settings-pilot-host.xml -Dmaven.repo.local=/home/lnk85/SymmariesProjectBits/symmaries-maven-evaluation/results/batch-2-300-d1-runs/RCM-10468/D1/attempt-1/m2 clean package -DskipTests -Dmaven.javadoc.skip -Dgpg.skip,none,false,false,true,,,,,,,results/batch-2-300-d1-runs/RCM-10468/D1/attempt-1/maven.log,,Initial explicit-goal Symmaries pilot runner
RCM-09084,pilot-primary,D1,1,PASS,0,2026-08-10T21:05:42+00:00,2026-08-10T21:05:50+00:00,8.257,work/pilot/RCM-09084/D1/attempt-1/workspace,results/batch-2-300-d1-runs/RCM-09084/D1/attempt-1/m2,.,benchmark-fallback,/home/lnk85/SymmariesProjectBits/symmaries-maven-evaluation/config/policies/empty-sources-and-sinks.xml,/home/lnk85/SymmariesProjectBits/symmaries-maven-evaluation/config/policies/empty-sources-and-sinks.xml,3f2d50ad2de30a80ce3fcf7a7fd8ef57f2aa30bdd621bc753d6165b0790b27fc,timeout 20m mvn -B -ntp -s /home/lnk85/SymmariesProjectBits/symmaries-maven-evaluation/config/settings-pilot-host.xml -Dmaven.repo.local=/home/lnk85/SymmariesProjectBits/symmaries-maven-evaluation/results/batch-2-300-d1-runs/RCM-09084/D1/attempt-1/m2 -Pplexus-release clean package -DskipTests -Dmaven.javadoc.skip -Dgpg.skip,none,false,false,true,,,,,,,results/batch-2-300-d1-runs/RCM-09084/D1/attempt-1/maven.log,,Initial explicit-goal Symmaries pilot runner
RCM-01442,pilot-primary,D1,1,PASS,0,2026-08-10T21:05:50+00:00,2026-08-10T21:06:16+00:00,25.997,work/pilot/RCM-01442/D1/attempt-1/workspace,results/batch-2-300-d1-runs/RCM-01442/D1/attempt-1/m2,.,benchmark-fallback,/home/lnk85/SymmariesProjectBits/symmaries-maven-evaluation/config/policies/empty-sources-and-sinks.xml,/home/lnk85/SymmariesProjectBits/symmaries-maven-evaluation/config/policies/empty-sources-and-sinks.xml,3f2d50ad2de30a80ce3fcf7a7fd8ef57f2aa30bdd621bc753d6165b0790b27fc,timeout 20m mvn -B -ntp -s /home/lnk85/SymmariesProjectBits/symmaries-maven-evaluation/config/settings-pilot-host.xml -Dmaven.repo.local=/home/lnk85/SymmariesProjectBits/symmaries-maven-evaluation/results/batch-2-300-d1-runs/RCM-01442/D1/attempt-1/m2 clean package -Prelease -DskipTests -Dmaven.javadoc.skip -Dgpg.skip,none,false,false,true,,,,,,,results/batch-2-300-d1-runs/RCM-01442/D1/attempt-1/maven.log,,Initial explicit-goal Symmaries pilot runner
RCM-06835,pilot-primary,D1,1,FAIL_BUILD,1,2026-08-10T21:06:16+00:00,2026-08-10T21:06:20+00:00,3.737,work/pilot/RCM-06835/D1/attempt-1/workspace,results/batch-2-300-d1-runs/RCM-06835/D1/attempt-1/m2,.,benchmark-fallback,/home/lnk85/SymmariesProjectBits/symmaries-maven-evaluation/config/policies/empty-sources-and-sinks.xml,/home/lnk85/SymmariesProjectBits/symmaries-maven-evaluation/config/policies/empty-sources-and-sinks.xml,3f2d50ad2de30a80ce3fcf7a7fd8ef57f2aa30bdd621bc753d6165b0790b27fc,timeout 20m /home/lnk85/SymmariesProjectBits/symmaries-maven-evaluation/work/pilot/RCM-06835/D1/attempt-1/workspace/mvnw -B -ntp -s /home/lnk85/SymmariesProjectBits/symmaries-maven-evaluation/config/settings-pilot-host.xml -Dmaven.repo.local=/home/lnk85/SymmariesProjectBits/symmaries-maven-evaluation/results/batch-2-300-d1-runs/RCM-06835/D1/attempt-1/m2 -Prelease '-Drevision=${version}' verify -DskipTests -Dmaven.javadoc.skip -Dgpg.skip,none,false,false,true,,,,,,,results/batch-2-300-d1-runs/RCM-06835/D1/attempt-1/maven.log,MAVEN_OR_PLUGIN_FAILURE,Initial explicit-goal Symmaries pilot runner
RCM-09971,pilot-primary,D1,1,FAIL_BUILD,1,2026-08-10T21:06:20+00:00,2026-08-10T21:06:26+00:00,5.352,work/pilot/RCM-09971/D1/attempt-1/workspace,results/batch-2-300-d1-runs/RCM-09971/D1/attempt-1/m2,.,benchmark-fallback,/home/lnk85/SymmariesProjectBits/symmaries-maven-evaluation/config/policies/empty-sources-and-sinks.xml,/home/lnk85/SymmariesProjectBits/symmaries-maven-evaluation/config/policies/empty-sources-and-sinks.xml,3f2d50ad2de30a80ce3fcf7a7fd8ef57f2aa30bdd621bc753d6165b0790b27fc,timeout 20m mvn -B -ntp -s /home/lnk85/SymmariesProjectBits/symmaries-maven-evaluation/config/settings-pilot-host.xml -Dmaven.repo.local=/home/lnk85/SymmariesProjectBits/symmaries-maven-evaluation/results/batch-2-300-d1-runs/RCM-09971/D1/attempt-1/m2 -Psonatype-oss-release clean package -DskipTests -Dmaven.javadoc.skip -Dgpg.skip,none,false,false,true,,,,,,,results/batch-2-300-d1-runs/RCM-09971/D1/attempt-1/maven.log,MAVEN_OR_PLUGIN_FAILURE,Initial explicit-goal Symmaries pilot runner
RCM-07344,pilot-primary,D1,1,PASS,0,2026-08-10T21:06:26+00:00,2026-08-10T21:06:38+00:00,12.044,work/pilot/RCM-07344/D1/attempt-1/workspace,results/batch-2-300-d1-runs/RCM-07344/D1/attempt-1/m2,.,benchmark-fallback,/home/lnk85/SymmariesProjectBits/symmaries-maven-evaluation/config/policies/empty-sources-and-sinks.xml,/home/lnk85/SymmariesProjectBits/symmaries-maven-evaluation/config/policies/empty-sources-and-sinks.xml,3f2d50ad2de30a80ce3fcf7a7fd8ef57f2aa30bdd621bc753d6165b0790b27fc,timeout 20m mvn -B -ntp -s /home/lnk85/SymmariesProjectBits/symmaries-maven-evaluation/config/settings-pilot-host.xml -Dmaven.repo.local=/home/lnk85/SymmariesProjectBits/symmaries-maven-evaluation/results/batch-2-300-d1-runs/RCM-07344/D1/attempt-1/m2 -Papache-release clean package -DskipTests -Dmaven.javadoc.skip -Dgpg.skip,none,false,false,true,,,,,,,results/batch-2-300-d1-runs/RCM-07344/D1/attempt-1/maven.log,,Initial explicit-goal Symmaries pilot runner
RCM-07716,pilot-primary,D1,1,PASS,0,2026-08-10T21:06:38+00:00,2026-08-10T21:06:46+00:00,7.807,work/pilot/RCM-07716/D1/attempt-1/workspace,results/batch-2-300-d1-runs/RCM-07716/D1/attempt-1/m2,.,benchmark-fallback,/home/lnk85/SymmariesProjectBits/symmaries-maven-evaluation/config/policies/empty-sources-and-sinks.xml,/home/lnk85/SymmariesProjectBits/symmaries-maven-evaluation/config/policies/empty-sources-and-sinks.xml,3f2d50ad2de30a80ce3fcf7a7fd8ef57f2aa30bdd621bc753d6165b0790b27fc,timeout 20m mvn -B -ntp -s /home/lnk85/SymmariesProjectBits/symmaries-maven-evaluation/config/settings-pilot-host.xml -Dmaven.repo.local=/home/lnk85/SymmariesProjectBits/symmaries-maven-evaluation/results/batch-2-300-d1-runs/RCM-07716/D1/attempt-1/m2 -Papache-release clean package -DskipTests -Dmaven.javadoc.skip -Dgpg.skip,none,false,false,true,,,,,,,results/batch-2-300-d1-runs/RCM-07716/D1/attempt-1/maven.log,,Initial explicit-goal Symmaries pilot runner
RCM-07185,pilot-primary,D1,1,PASS,0,2026-08-10T21:06:46+00:00,2026-08-10T21:07:11+00:00,25.367,work/pilot/RCM-07185/D1/attempt-1/workspace,results/batch-2-300-d1-runs/RCM-07185/D1/attempt-1/m2,.,benchmark-fallback,/home/lnk85/SymmariesProjectBits/symmaries-maven-evaluation/config/policies/empty-sources-and-sinks.xml,/home/lnk85/SymmariesProjectBits/symmaries-maven-evaluation/config/policies/empty-sources-and-sinks.xml,3f2d50ad2de30a80ce3fcf7a7fd8ef57f2aa30bdd621bc753d6165b0790b27fc,timeout 20m mvn -B -ntp -s /home/lnk85/SymmariesProjectBits/symmaries-maven-evaluation/config/settings-pilot-host.xml -Dmaven.repo.local=/home/lnk85/SymmariesProjectBits/symmaries-maven-evaluation/results/batch-2-300-d1-runs/RCM-07185/D1/attempt-1/m2 -Papache-release clean package -DskipTests -Dmaven.javadoc.skip -Dgpg.skip,none,false,false,true,,,,,,,results/batch-2-300-d1-runs/RCM-07185/D1/attempt-1/maven.log,,Initial explicit-goal Symmaries pilot runner
RCM-08943,pilot-primary,D1,1,PASS,0,2026-08-10T21:07:11+00:00,2026-08-10T21:07:20+00:00,8.737,work/pilot/RCM-08943/D1/attempt-1/workspace,results/batch-2-300-d1-runs/RCM-08943/D1/attempt-1/m2,.,benchmark-fallback,/home/lnk85/SymmariesProjectBits/symmaries-maven-evaluation/config/policies/empty-sources-and-sinks.xml,/home/lnk85/SymmariesProjectBits/symmaries-maven-evaluation/config/policies/empty-sources-and-sinks.xml,3f2d50ad2de30a80ce3fcf7a7fd8ef57f2aa30bdd621bc753d6165b0790b27fc,timeout 20m /home/lnk85/SymmariesProjectBits/symmaries-maven-evaluation/work/pilot/RCM-08943/D1/attempt-1/workspace/mvnw -B -ntp -s /home/lnk85/SymmariesProjectBits/symmaries-maven-evaluation/config/settings-pilot-host.xml -Dmaven.repo.local=/home/lnk85/SymmariesProjectBits/symmaries-maven-evaluation/results/batch-2-300-d1-runs/RCM-08943/D1/attempt-1/m2 -Pmojo-release clean package -DskipTests -Dmaven.javadoc.skip -Dgpg.skip,none,false,false,true,,,,,,,results/batch-2-300-d1-runs/RCM-08943/D1/attempt-1/maven.log,,Initial explicit-goal Symmaries pilot runner
RCM-10847,pilot-primary,D1,1,FAIL_BUILD,1,2026-08-10T21:07:20+00:00,2026-08-10T21:07:23+00:00,3.641,work/pilot/RCM-10847/D1/attempt-1/workspace,results/batch-2-300-d1-runs/RCM-10847/D1/attempt-1/m2,.,benchmark-fallback,/home/lnk85/SymmariesProjectBits/symmaries-maven-evaluation/config/policies/empty-sources-and-sinks.xml,/home/lnk85/SymmariesProjectBits/symmaries-maven-evaluation/config/policies/empty-sources-and-sinks.xml,3f2d50ad2de30a80ce3fcf7a7fd8ef57f2aa30bdd621bc753d6165b0790b27fc,"timeout 20m /home/lnk85/SymmariesProjectBits/symmaries-maven-evaluation/work/pilot/RCM-10847/D1/attempt-1/workspace/mvnw -B -ntp -s /home/lnk85/SymmariesProjectBits/symmaries-maven-evaluation/config/settings-pilot-host.xml -Dmaven.repo.local=/home/lnk85/SymmariesProjectBits/symmaries-maven-evaluation/results/batch-2-300-d1-runs/RCM-10847/D1/attempt-1/m2 clean package -Prelease-javacan,all-architectures -DskipTests -Dmaven.javadoc.skip -Dgpg.skip",none,false,false,true,,,,,,,results/batch-2-300-d1-runs/RCM-10847/D1/attempt-1/maven.log,MAVEN_OR_PLUGIN_FAILURE,Initial explicit-goal Symmaries pilot runner
RCM-06517,pilot-primary,D1,1,PASS,0,2026-08-10T21:07:23+00:00,2026-08-10T21:07:50+00:00,26.704,work/pilot/RCM-06517/D1/attempt-1/workspace,results/batch-2-300-d1-runs/RCM-06517/D1/attempt-1/m2,.,benchmark-fallback,/home/lnk85/SymmariesProjectBits/symmaries-maven-evaluation/config/policies/empty-sources-and-sinks.xml,/home/lnk85/SymmariesProjectBits/symmaries-maven-evaluation/config/policies/empty-sources-and-sinks.xml,3f2d50ad2de30a80ce3fcf7a7fd8ef57f2aa30bdd621bc753d6165b0790b27fc,timeout 20m mvn -B -ntp -s /home/lnk85/SymmariesProjectBits/symmaries-maven-evaluation/config/settings-pilot-host.xml -Dmaven.repo.local=/home/lnk85/SymmariesProjectBits/symmaries-maven-evaluation/results/batch-2-300-d1-runs/RCM-06517/D1/attempt-1/m2 clean package -DskipTests -Dmaven.javadoc.skip -Dgpg.skip '-Dbuildinfo.ignore=*/*.spdx.json',none,false,false,true,,,,,,,results/batch-2-300-d1-runs/RCM-06517/D1/attempt-1/maven.log,,Initial explicit-goal Symmaries pilot runner
RCM-01428,pilot-primary,D1,1,PASS,0,2026-08-10T21:07:50+00:00,2026-08-10T21:08:20+00:00,30.205,work/pilot/RCM-01428/D1/attempt-1/workspace,results/batch-2-300-d1-runs/RCM-01428/D1/attempt-1/m2,.,benchmark-fallback,/home/lnk85/SymmariesProjectBits/symmaries-maven-evaluation/config/policies/empty-sources-and-sinks.xml,/home/lnk85/SymmariesProjectBits/symmaries-maven-evaluation/config/policies/empty-sources-and-sinks.xml,3f2d50ad2de30a80ce3fcf7a7fd8ef57f2aa30bdd621bc753d6165b0790b27fc,timeout 20m mvn -B -ntp -s /home/lnk85/SymmariesProjectBits/symmaries-maven-evaluation/config/settings-pilot-host.xml -Dmaven.repo.local=/home/lnk85/SymmariesProjectBits/symmaries-maven-evaluation/results/batch-2-300-d1-runs/RCM-01428/D1/attempt-1/m2 clean package -Prelease -DskipTests -Dmaven.javadoc.skip -Dgpg.skip,none,false,false,true,,,,,,,results/batch-2-300-d1-runs/RCM-01428/D1/attempt-1/maven.log,,Initial explicit-goal Symmaries pilot runner
RCM-06803,pilot-primary,D1,1,FAIL_ENVIRONMENT,-1,2026-08-10T21:08:21+00:00,2026-08-10T21:08:21+00:00,0.707,work/pilot/RCM-06803/D1/attempt-1/workspace,results/batch-2-300-d1-runs/RCM-06803/D1/attempt-1/m2,.,,,,,,none,false,false,true,,,,,,,results/batch-2-300-d1-runs/RCM-06803/D1/attempt-1/maven.log,RUNNER_EXCEPTION,Initial explicit-goal Symmaries pilot runner
RCM-09717,pilot-primary,D1,1,PASS,0,2026-08-10T21:08:21+00:00,2026-08-10T21:09:24+00:00,62.635,work/pilot/RCM-09717/D1/attempt-1/workspace,results/batch-2-300-d1-runs/RCM-09717/D1/attempt-1/m2,.,benchmark-fallback,/home/lnk85/SymmariesProjectBits/symmaries-maven-evaluation/config/policies/empty-sources-and-sinks.xml,/home/lnk85/SymmariesProjectBits/symmaries-maven-evaluation/config/policies/empty-sources-and-sinks.xml,3f2d50ad2de30a80ce3fcf7a7fd8ef57f2aa30bdd621bc753d6165b0790b27fc,timeout 20m mvn -B -ntp -s /home/lnk85/SymmariesProjectBits/symmaries-maven-evaluation/config/settings-pilot-host.xml -Dmaven.repo.local=/home/lnk85/SymmariesProjectBits/symmaries-maven-evaluation/results/batch-2-300-d1-runs/RCM-09717/D1/attempt-1/m2 -Psonatype-oss-release clean package -DskipTests -Dmaven.javadoc.skip -Dgpg.skip,none,false,false,true,,,,,,,results/batch-2-300-d1-runs/RCM-09717/D1/attempt-1/maven.log,,Initial explicit-goal Symmaries pilot runner
RCM-02258,pilot-primary,D1,1,PASS,0,2026-08-10T21:09:24+00:00,2026-08-10T21:09:48+00:00,23.815,work/pilot/RCM-02258/D1/attempt-1/workspace,results/batch-2-300-d1-runs/RCM-02258/D1/attempt-1/m2,.,benchmark-fallback,/home/lnk85/SymmariesProjectBits/symmaries-maven-evaluation/config/policies/empty-sources-and-sinks.xml,/home/lnk85/SymmariesProjectBits/symmaries-maven-evaluation/config/policies/empty-sources-and-sinks.xml,3f2d50ad2de30a80ce3fcf7a7fd8ef57f2aa30bdd621bc753d6165b0790b27fc,"timeout 20m mvn -B -ntp -s /home/lnk85/SymmariesProjectBits/symmaries-maven-evaluation/config/settings-pilot-host.xml -Dmaven.repo.local=/home/lnk85/SymmariesProjectBits/symmaries-maven-evaluation/results/batch-2-300-d1-runs/RCM-02258/D1/attempt-1/m2 -Pdeploy,coverage clean package -DskipTests -Dmaven.javadoc.skip -Dgpg.skip",none,false,false,true,,,,,,,results/batch-2-300-d1-runs/RCM-02258/D1/attempt-1/maven.log,,Initial explicit-goal Symmaries pilot runner
RCM-09596,pilot-primary,D1,1,FAIL_BUILD,1,2026-08-10T21:09:48+00:00,2026-08-10T21:10:08+00:00,20.169,work/pilot/RCM-09596/D1/attempt-1/workspace,results/batch-2-300-d1-runs/RCM-09596/D1/attempt-1/m2,.,benchmark-fallback,/home/lnk85/SymmariesProjectBits/symmaries-maven-evaluation/config/policies/empty-sources-and-sinks.xml,/home/lnk85/SymmariesProjectBits/symmaries-maven-evaluation/config/policies/empty-sources-and-sinks.xml,3f2d50ad2de30a80ce3fcf7a7fd8ef57f2aa30bdd621bc753d6165b0790b27fc,timeout 20m mvn -B -ntp -s /home/lnk85/SymmariesProjectBits/symmaries-maven-evaluation/config/settings-pilot-host.xml -Dmaven.repo.local=/home/lnk85/SymmariesProjectBits/symmaries-maven-evaluation/results/batch-2-300-d1-runs/RCM-09596/D1/attempt-1/m2 clean package -DskipTests -Dmaven.javadoc.skip -Dgpg.skip,none,false,false,true,,,,,,,results/batch-2-300-d1-runs/RCM-09596/D1/attempt-1/maven.log,MAVEN_OR_PLUGIN_FAILURE,Initial explicit-goal Symmaries pilot runner
RCM-09579,pilot-primary,D1,1,PASS,0,2026-08-10T21:10:08+00:00,2026-08-10T21:10:31+00:00,22.955,work/pilot/RCM-09579/D1/attempt-1/workspace,results/batch-2-300-d1-runs/RCM-09579/D1/attempt-1/m2,.,benchmark-fallback,/home/lnk85/SymmariesProjectBits/symmaries-maven-evaluation/config/policies/empty-sources-and-sinks.xml,/home/lnk85/SymmariesProjectBits/symmaries-maven-evaluation/config/policies/empty-sources-and-sinks.xml,3f2d50ad2de30a80ce3fcf7a7fd8ef57f2aa30bdd621bc753d6165b0790b27fc,timeout 20m /home/lnk85/SymmariesProjectBits/symmaries-maven-evaluation/work/pilot/RCM-09579/D1/attempt-1/workspace/mvnw -B -ntp -s /home/lnk85/SymmariesProjectBits/symmaries-maven-evaluation/config/settings-pilot-host.xml -Dmaven.repo.local=/home/lnk85/SymmariesProjectBits/symmaries-maven-evaluation/results/batch-2-300-d1-runs/RCM-09579/D1/attempt-1/m2 clean package -Pcommunity-release -DskipTests -Dmaven.javadoc.skip -Dgpg.skip -Djava.vendor=,none,false,false,true,,,,,,,results/batch-2-300-d1-runs/RCM-09579/D1/attempt-1/maven.log,,Initial explicit-goal Symmaries pilot runner
RCM-06080,pilot-primary,D1,1,PASS,0,2026-08-10T21:10:31+00:00,2026-08-10T21:11:05+00:00,33.92,work/pilot/RCM-06080/D1/attempt-1/workspace,results/batch-2-300-d1-runs/RCM-06080/D1/attempt-1/m2,.,benchmark-fallback,/home/lnk85/SymmariesProjectBits/symmaries-maven-evaluation/config/policies/empty-sources-and-sinks.xml,/home/lnk85/SymmariesProjectBits/symmaries-maven-evaluation/config/policies/empty-sources-and-sinks.xml,3f2d50ad2de30a80ce3fcf7a7fd8ef57f2aa30bdd621bc753d6165b0790b27fc,timeout 20m /home/lnk85/SymmariesProjectBits/symmaries-maven-evaluation/work/pilot/RCM-06080/D1/attempt-1/workspace/mvnw -B -ntp -s /home/lnk85/SymmariesProjectBits/symmaries-maven-evaluation/config/settings-pilot-host.xml -Dmaven.repo.local=/home/lnk85/SymmariesProjectBits/symmaries-maven-evaluation/results/batch-2-300-d1-runs/RCM-06080/D1/attempt-1/m2 clean verify -PskipQuality,none,false,false,true,,,,,,,results/batch-2-300-d1-runs/RCM-06080/D1/attempt-1/maven.log,,Initial explicit-goal Symmaries pilot runner
RCM-10874,pilot-primary,D1,1,PASS,0,2026-08-10T21:11:05+00:00,2026-08-10T21:11:22+00:00,16.728,work/pilot/RCM-10874/D1/attempt-1/workspace,results/batch-2-300-d1-runs/RCM-10874/D1/attempt-1/m2,.,benchmark-fallback,/home/lnk85/SymmariesProjectBits/symmaries-maven-evaluation/config/policies/empty-sources-and-sinks.xml,/home/lnk85/SymmariesProjectBits/symmaries-maven-evaluation/config/policies/empty-sources-and-sinks.xml,3f2d50ad2de30a80ce3fcf7a7fd8ef57f2aa30bdd621bc753d6165b0790b27fc,timeout 20m /home/lnk85/SymmariesProjectBits/symmaries-maven-evaluation/work/pilot/RCM-10874/D1/attempt-1/workspace/mvnw -B -ntp -s /home/lnk85/SymmariesProjectBits/symmaries-maven-evaluation/config/settings-pilot-host.xml -Dmaven.repo.local=/home/lnk85/SymmariesProjectBits/symmaries-maven-evaluation/results/batch-2-300-d1-runs/RCM-10874/D1/attempt-1/m2 -Prelease clean package -DskipTests -Dmaven.javadoc.skip -Dgpg.skip,none,false,false,true,,,,,,,results/batch-2-300-d1-runs/RCM-10874/D1/attempt-1/maven.log,,Initial explicit-goal Symmaries pilot runner
RCM-01256,pilot-primary,D1,1,PASS,0,2026-08-10T21:11:22+00:00,2026-08-10T21:11:43+00:00,20.997,work/pilot/RCM-01256/D1/attempt-1/workspace,results/batch-2-300-d1-runs/RCM-01256/D1/attempt-1/m2,.,benchmark-fallback,/home/lnk85/SymmariesProjectBits/symmaries-maven-evaluation/config/policies/empty-sources-and-sinks.xml,/home/lnk85/SymmariesProjectBits/symmaries-maven-evaluation/config/policies/empty-sources-and-sinks.xml,3f2d50ad2de30a80ce3fcf7a7fd8ef57f2aa30bdd621bc753d6165b0790b27fc,timeout 20m mvn -B -ntp -s /home/lnk85/SymmariesProjectBits/symmaries-maven-evaluation/config/settings-pilot-host.xml -Dmaven.repo.local=/home/lnk85/SymmariesProjectBits/symmaries-maven-evaluation/results/batch-2-300-d1-runs/RCM-01256/D1/attempt-1/m2 -Pbase-deploy clean package -DskipTests -Dmaven.javadoc.skip -Dgpg.skip,none,false,false,true,,,,,,,results/batch-2-300-d1-runs/RCM-01256/D1/attempt-1/maven.log,,Initial explicit-goal Symmaries pilot runner
RCM-08911,pilot-primary,D1,1,PASS,0,2026-08-10T21:11:43+00:00,2026-08-10T21:11:58+00:00,15.158,work/pilot/RCM-08911/D1/attempt-1/workspace,results/batch-2-300-d1-runs/RCM-08911/D1/attempt-1/m2,.,benchmark-fallback,/home/lnk85/SymmariesProjectBits/symmaries-maven-evaluation/config/policies/empty-sources-and-sinks.xml,/home/lnk85/SymmariesProjectBits/symmaries-maven-evaluation/config/policies/empty-sources-and-sinks.xml,3f2d50ad2de30a80ce3fcf7a7fd8ef57f2aa30bdd621bc753d6165b0790b27fc,timeout 20m /home/lnk85/SymmariesProjectBits/symmaries-maven-evaluation/work/pilot/RCM-08911/D1/attempt-1/workspace/mvnw -B -ntp -s /home/lnk85/SymmariesProjectBits/symmaries-maven-evaluation/config/settings-pilot-host.xml -Dmaven.repo.local=/home/lnk85/SymmariesProjectBits/symmaries-maven-evaluation/results/batch-2-300-d1-runs/RCM-08911/D1/attempt-1/m2 -Pmojo-release clean package -DskipTests -Dmaven.javadoc.skip -Dgpg.skip,none,false,false,true,,,,,,,results/batch-2-300-d1-runs/RCM-08911/D1/attempt-1/maven.log,,Initial explicit-goal Symmaries pilot runner
RCM-06648,pilot-primary,D1,1,PASS,0,2026-08-10T21:11:58+00:00,2026-08-10T21:12:32+00:00,33.935,work/pilot/RCM-06648/D1/attempt-1/workspace,results/batch-2-300-d1-runs/RCM-06648/D1/attempt-1/m2,.,benchmark-fallback,/home/lnk85/SymmariesProjectBits/symmaries-maven-evaluation/config/policies/empty-sources-and-sinks.xml,/home/lnk85/SymmariesProjectBits/symmaries-maven-evaluation/config/policies/empty-sources-and-sinks.xml,3f2d50ad2de30a80ce3fcf7a7fd8ef57f2aa30bdd621bc753d6165b0790b27fc,timeout 20m mvn -B -ntp -s /home/lnk85/SymmariesProjectBits/symmaries-maven-evaluation/config/settings-pilot-host.xml -Dmaven.repo.local=/home/lnk85/SymmariesProjectBits/symmaries-maven-evaluation/results/batch-2-300-d1-runs/RCM-06648/D1/attempt-1/m2 -Prelease clean package -DskipTests -Dmaven.javadoc.skip -Dgpg.skip -Dcyclonedx.skip -Dcommons.release.dryRun -Dcommons.release.isDistModule=false,none,false,false,true,,,,,,,results/batch-2-300-d1-runs/RCM-06648/D1/attempt-1/maven.log,,Initial explicit-goal Symmaries pilot runner
RCM-08100,pilot-primary,D1,1,PASS,0,2026-08-10T21:12:32+00:00,2026-08-10T21:12:41+00:00,8.577,work/pilot/RCM-08100/D1/attempt-1/workspace,results/batch-2-300-d1-runs/RCM-08100/D1/attempt-1/m2,.,benchmark-fallback,/home/lnk85/SymmariesProjectBits/symmaries-maven-evaluation/config/policies/empty-sources-and-sinks.xml,/home/lnk85/SymmariesProjectBits/symmaries-maven-evaluation/config/policies/empty-sources-and-sinks.xml,3f2d50ad2de30a80ce3fcf7a7fd8ef57f2aa30bdd621bc753d6165b0790b27fc,timeout 20m mvn -B -ntp -s /home/lnk85/SymmariesProjectBits/symmaries-maven-evaluation/config/settings-pilot-host.xml -Dmaven.repo.local=/home/lnk85/SymmariesProjectBits/symmaries-maven-evaluation/results/batch-2-300-d1-runs/RCM-08100/D1/attempt-1/m2 -Papache-release clean package -DskipTests -Dmaven.javadoc.skip -Dgpg.skip,none,false,false,true,,,,,,,results/batch-2-300-d1-runs/RCM-08100/D1/attempt-1/maven.log,,Initial explicit-goal Symmaries pilot runner
RCM-02154,pilot-primary,D1,1,FAIL_BUILD,1,2026-08-10T21:12:41+00:00,2026-08-10T21:13:06+00:00,25.529,work/pilot/RCM-02154/D1/attempt-1/workspace,results/batch-2-300-d1-runs/RCM-02154/D1/attempt-1/m2,.,benchmark-fallback,/home/lnk85/SymmariesProjectBits/symmaries-maven-evaluation/config/policies/empty-sources-and-sinks.xml,/home/lnk85/SymmariesProjectBits/symmaries-maven-evaluation/config/policies/empty-sources-and-sinks.xml,3f2d50ad2de30a80ce3fcf7a7fd8ef57f2aa30bdd621bc753d6165b0790b27fc,timeout 20m mvn -B -ntp -s /home/lnk85/SymmariesProjectBits/symmaries-maven-evaluation/config/settings-pilot-host.xml -Dmaven.repo.local=/home/lnk85/SymmariesProjectBits/symmaries-maven-evaluation/results/batch-2-300-d1-runs/RCM-02154/D1/attempt-1/m2 -Prelease clean package -DskipTests -Dmaven.javadoc.skip -Dgpg.skip,none,false,false,true,,,,,,,results/batch-2-300-d1-runs/RCM-02154/D1/attempt-1/maven.log,MAVEN_OR_PLUGIN_FAILURE,Initial explicit-goal Symmaries pilot runner
RCM-08777,pilot-primary,D1,1,FAIL_BUILD,1,2026-08-10T21:13:06+00:00,2026-08-10T21:13:15+00:00,9.104,work/pilot/RCM-08777/D1/attempt-1/workspace,results/batch-2-300-d1-runs/RCM-08777/D1/attempt-1/m2,.,benchmark-fallback,/home/lnk85/SymmariesProjectBits/symmaries-maven-evaluation/config/policies/empty-sources-and-sinks.xml,/home/lnk85/SymmariesProjectBits/symmaries-maven-evaluation/config/policies/empty-sources-and-sinks.xml,3f2d50ad2de30a80ce3fcf7a7fd8ef57f2aa30bdd621bc753d6165b0790b27fc,"timeout 20m mvn -B -ntp -s /home/lnk85/SymmariesProjectBits/symmaries-maven-evaluation/config/settings-pilot-host.xml -Dmaven.repo.local=/home/lnk85/SymmariesProjectBits/symmaries-maven-evaluation/results/batch-2-300-d1-runs/RCM-08777/D1/attempt-1/m2 -Papache-release,skipTests clean verify -DskipTests -Dmaven.javadoc.skip -Dgpg.skip -Ddocker.skip '-Dbuildinfo.ignore=org.apache.syncope/syncope-${version}-cyclonedx.*'",none,false,false,true,,,,,,,results/batch-2-300-d1-runs/RCM-08777/D1/attempt-1/maven.log,MAVEN_OR_PLUGIN_FAILURE,Initial explicit-goal Symmaries pilot runner
RCM-09425,pilot-primary,D1,1,FAIL_BUILD,1,2026-08-10T21:13:15+00:00,2026-08-10T21:13:24+00:00,8.484,work/pilot/RCM-09425/D1/attempt-1/workspace,results/batch-2-300-d1-runs/RCM-09425/D1/attempt-1/m2,.,benchmark-fallback,/home/lnk85/SymmariesProjectBits/symmaries-maven-evaluation/config/policies/empty-sources-and-sinks.xml,/home/lnk85/SymmariesProjectBits/symmaries-maven-evaluation/config/policies/empty-sources-and-sinks.xml,3f2d50ad2de30a80ce3fcf7a7fd8ef57f2aa30bdd621bc753d6165b0790b27fc,timeout 20m mvn -B -ntp -s /home/lnk85/SymmariesProjectBits/symmaries-maven-evaluation/config/settings-pilot-host.xml -Dmaven.repo.local=/home/lnk85/SymmariesProjectBits/symmaries-maven-evaluation/results/batch-2-300-d1-runs/RCM-09425/D1/attempt-1/m2 clean package -DskipTests,none,false,false,true,,,,,,,results/batch-2-300-d1-runs/RCM-09425/D1/attempt-1/maven.log,MAVEN_OR_PLUGIN_FAILURE,Initial explicit-goal Symmaries pilot runner
RCM-07369,pilot-primary,D1,1,PASS,0,2026-08-10T21:13:24+00:00,2026-08-10T21:13:45+00:00,20.709,work/pilot/RCM-07369/D1/attempt-1/workspace,results/batch-2-300-d1-runs/RCM-07369/D1/attempt-1/m2,.,benchmark-fallback,/home/lnk85/SymmariesProjectBits/symmaries-maven-evaluation/config/policies/empty-sources-and-sinks.xml,/home/lnk85/SymmariesProjectBits/symmaries-maven-evaluation/config/policies/empty-sources-and-sinks.xml,3f2d50ad2de30a80ce3fcf7a7fd8ef57f2aa30bdd621bc753d6165b0790b27fc,timeout 20m mvn -B -ntp -s /home/lnk85/SymmariesProjectBits/symmaries-maven-evaluation/config/settings-pilot-host.xml -Dmaven.repo.local=/home/lnk85/SymmariesProjectBits/symmaries-maven-evaluation/results/batch-2-300-d1-runs/RCM-07369/D1/attempt-1/m2 -Papache-release clean package -DskipTests -Dmaven.javadoc.skip -Dgpg.skip,none,false,false,true,,,,,,,results/batch-2-300-d1-runs/RCM-07369/D1/attempt-1/maven.log,,Initial explicit-goal Symmaries pilot runner
RCM-08876,pilot-primary,D1,1,PASS,0,2026-08-10T21:13:45+00:00,2026-08-10T21:14:04+00:00,19.156,work/pilot/RCM-08876/D1/attempt-1/workspace,results/batch-2-300-d1-runs/RCM-08876/D1/attempt-1/m2,.,benchmark-fallback,/home/lnk85/SymmariesProjectBits/symmaries-maven-evaluation/config/policies/empty-sources-and-sinks.xml,/home/lnk85/SymmariesProjectBits/symmaries-maven-evaluation/config/policies/empty-sources-and-sinks.xml,3f2d50ad2de30a80ce3fcf7a7fd8ef57f2aa30bdd621bc753d6165b0790b27fc,timeout 20m mvn -B -ntp -s /home/lnk85/SymmariesProjectBits/symmaries-maven-evaluation/config/settings-pilot-host.xml -Dmaven.repo.local=/home/lnk85/SymmariesProjectBits/symmaries-maven-evaluation/results/batch-2-300-d1-runs/RCM-08876/D1/attempt-1/m2 clean package -Dmaven.test.skip=true -Dmaven.javadoc.skip -Dgpg.skip,none,false,false,true,,,,,,,results/batch-2-300-d1-runs/RCM-08876/D1/attempt-1/maven.log,,Initial explicit-goal Symmaries pilot runner
RCM-08915,pilot-primary,D1,1,PASS,0,2026-08-10T21:14:04+00:00,2026-08-10T21:14:39+00:00,35.063,work/pilot/RCM-08915/D1/attempt-1/workspace,results/batch-2-300-d1-runs/RCM-08915/D1/attempt-1/m2,.,benchmark-fallback,/home/lnk85/SymmariesProjectBits/symmaries-maven-evaluation/config/policies/empty-sources-and-sinks.xml,/home/lnk85/SymmariesProjectBits/symmaries-maven-evaluation/config/policies/empty-sources-and-sinks.xml,3f2d50ad2de30a80ce3fcf7a7fd8ef57f2aa30bdd621bc753d6165b0790b27fc,timeout 20m mvn -B -ntp -s /home/lnk85/SymmariesProjectBits/symmaries-maven-evaluation/config/settings-pilot-host.xml -Dmaven.repo.local=/home/lnk85/SymmariesProjectBits/symmaries-maven-evaluation/results/batch-2-300-d1-runs/RCM-08915/D1/attempt-1/m2 -Pmojo-release clean package -Dmaven.javadoc.skip -Dgpg.skip,none,false,false,true,,,,,,,results/batch-2-300-d1-runs/RCM-08915/D1/attempt-1/maven.log,,Initial explicit-goal Symmaries pilot runner
RCM-08957,pilot-primary,D1,1,FAIL_BUILD,1,2026-08-10T21:14:39+00:00,2026-08-10T21:14:46+00:00,6.434,work/pilot/RCM-08957/D1/attempt-1/workspace,results/batch-2-300-d1-runs/RCM-08957/D1/attempt-1/m2,.,benchmark-fallback,/home/lnk85/SymmariesProjectBits/symmaries-maven-evaluation/config/policies/empty-sources-and-sinks.xml,/home/lnk85/SymmariesProjectBits/symmaries-maven-evaluation/config/policies/empty-sources-and-sinks.xml,3f2d50ad2de30a80ce3fcf7a7fd8ef57f2aa30bdd621bc753d6165b0790b27fc,timeout 20m mvn -B -ntp -s /home/lnk85/SymmariesProjectBits/symmaries-maven-evaluation/config/settings-pilot-host.xml -Dmaven.repo.local=/home/lnk85/SymmariesProjectBits/symmaries-maven-evaluation/results/batch-2-300-d1-runs/RCM-08957/D1/attempt-1/m2 -Pmojo-release clean package -DskipTests -Dmaven.javadoc.skip -Dgpg.skip,none,false,false,true,,,,,,,results/batch-2-300-d1-runs/RCM-08957/D1/attempt-1/maven.log,MAVEN_OR_PLUGIN_FAILURE,Initial explicit-goal Symmaries pilot runner
RCM-01439,pilot-primary,D1,1,PASS,0,2026-08-10T21:14:46+00:00,2026-08-10T21:15:08+00:00,21.966,work/pilot/RCM-01439/D1/attempt-1/workspace,results/batch-2-300-d1-runs/RCM-01439/D1/attempt-1/m2,.,benchmark-fallback,/home/lnk85/SymmariesProjectBits/symmaries-maven-evaluation/config/policies/empty-sources-and-sinks.xml,/home/lnk85/SymmariesProjectBits/symmaries-maven-evaluation/config/policies/empty-sources-and-sinks.xml,3f2d50ad2de30a80ce3fcf7a7fd8ef57f2aa30bdd621bc753d6165b0790b27fc,timeout 20m mvn -B -ntp -s /home/lnk85/SymmariesProjectBits/symmaries-maven-evaluation/config/settings-pilot-host.xml -Dmaven.repo.local=/home/lnk85/SymmariesProjectBits/symmaries-maven-evaluation/results/batch-2-300-d1-runs/RCM-01439/D1/attempt-1/m2 clean package -Prelease -DskipTests -Dmaven.javadoc.skip -Dgpg.skip,none,false,false,true,,,,,,,results/batch-2-300-d1-runs/RCM-01439/D1/attempt-1/maven.log,,Initial explicit-goal Symmaries pilot runner
RCM-02411,pilot-primary,D1,1,PASS,0,2026-08-10T21:15:08+00:00,2026-08-10T21:15:41+00:00,33.48,work/pilot/RCM-02411/D1/attempt-1/workspace,results/batch-2-300-d1-runs/RCM-02411/D1/attempt-1/m2,.,benchmark-fallback,/home/lnk85/SymmariesProjectBits/symmaries-maven-evaluation/config/policies/empty-sources-and-sinks.xml,/home/lnk85/SymmariesProjectBits/symmaries-maven-evaluation/config/policies/empty-sources-and-sinks.xml,3f2d50ad2de30a80ce3fcf7a7fd8ef57f2aa30bdd621bc753d6165b0790b27fc,timeout 20m mvn -B -ntp -s /home/lnk85/SymmariesProjectBits/symmaries-maven-evaluation/config/settings-pilot-host.xml -Dmaven.repo.local=/home/lnk85/SymmariesProjectBits/symmaries-maven-evaluation/results/batch-2-300-d1-runs/RCM-02411/D1/attempt-1/m2 clean package -DskipTests -Dmaven.javadoc.skip,none,false,false,true,,,,,,,results/batch-2-300-d1-runs/RCM-02411/D1/attempt-1/maven.log,,Initial explicit-goal Symmaries pilot runner
RCM-06916,pilot-primary,D1,1,PASS,0,2026-08-10T21:15:41+00:00,2026-08-10T21:17:06+00:00,85.06,work/pilot/RCM-06916/D1/attempt-1/workspace,results/batch-2-300-d1-runs/RCM-06916/D1/attempt-1/m2,.,benchmark-fallback,/home/lnk85/SymmariesProjectBits/symmaries-maven-evaluation/config/policies/empty-sources-and-sinks.xml,/home/lnk85/SymmariesProjectBits/symmaries-maven-evaluation/config/policies/empty-sources-and-sinks.xml,3f2d50ad2de30a80ce3fcf7a7fd8ef57f2aa30bdd621bc753d6165b0790b27fc,timeout 20m mvn -B -ntp -s /home/lnk85/SymmariesProjectBits/symmaries-maven-evaluation/config/settings-pilot-host.xml -Dmaven.repo.local=/home/lnk85/SymmariesProjectBits/symmaries-maven-evaluation/results/batch-2-300-d1-runs/RCM-06916/D1/attempt-1/m2 -Papache-release clean package -DskipTests -Dmaven.javadoc.skip -Dgpg.skip '-Dbuild.time.xsd=${buildTimeXsd}',none,false,false,true,,,,,,,results/batch-2-300-d1-runs/RCM-06916/D1/attempt-1/maven.log,,Initial explicit-goal Symmaries pilot runner
RCM-07930,pilot-primary,D1,1,FAIL_BUILD,1,2026-08-10T21:17:06+00:00,2026-08-10T21:17:07+00:00,1.073,work/pilot/RCM-07930/D1/attempt-1/workspace,results/batch-2-300-d1-runs/RCM-07930/D1/attempt-1/m2,.,benchmark-fallback,/home/lnk85/SymmariesProjectBits/symmaries-maven-evaluation/config/policies/empty-sources-and-sinks.xml,/home/lnk85/SymmariesProjectBits/symmaries-maven-evaluation/config/policies/empty-sources-and-sinks.xml,3f2d50ad2de30a80ce3fcf7a7fd8ef57f2aa30bdd621bc753d6165b0790b27fc,timeout 20m mvn -B -ntp -s /home/lnk85/SymmariesProjectBits/symmaries-maven-evaluation/config/settings-pilot-host.xml -Dmaven.repo.local=/home/lnk85/SymmariesProjectBits/symmaries-maven-evaluation/results/batch-2-300-d1-runs/RCM-07930/D1/attempt-1/m2 -f '${artifactId}' -Papache-release clean package -DskipTests -Dmaven.javadoc.skip -Dgpg.skip,none,false,false,true,,,,,,,results/batch-2-300-d1-runs/RCM-07930/D1/attempt-1/maven.log,MAVEN_OR_PLUGIN_FAILURE,Initial explicit-goal Symmaries pilot runner
RCM-05934,pilot-primary,D1,1,PASS,0,2026-08-10T21:17:07+00:00,2026-08-10T21:17:43+00:00,35.956,work/pilot/RCM-05934/D1/attempt-1/workspace,results/batch-2-300-d1-runs/RCM-05934/D1/attempt-1/m2,.,benchmark-fallback,/home/lnk85/SymmariesProjectBits/symmaries-maven-evaluation/config/policies/empty-sources-and-sinks.xml,/home/lnk85/SymmariesProjectBits/symmaries-maven-evaluation/config/policies/empty-sources-and-sinks.xml,3f2d50ad2de30a80ce3fcf7a7fd8ef57f2aa30bdd621bc753d6165b0790b27fc,timeout 20m mvn -B -ntp -s /home/lnk85/SymmariesProjectBits/symmaries-maven-evaluation/config/settings-pilot-host.xml -Dmaven.repo.local=/home/lnk85/SymmariesProjectBits/symmaries-maven-evaluation/results/batch-2-300-d1-runs/RCM-05934/D1/attempt-1/m2 -Pmichael-o-release clean package -DskipTests -Dmaven.javadoc.skip -Dgpg.skip,none,false,false,true,,,,,,,results/batch-2-300-d1-runs/RCM-05934/D1/attempt-1/maven.log,,Initial explicit-goal Symmaries pilot runner
RCM-09120,pilot-primary,D1,1,PASS,0,2026-08-10T21:17:43+00:00,2026-08-10T21:17:54+00:00,10.174,work/pilot/RCM-09120/D1/attempt-1/workspace,results/batch-2-300-d1-runs/RCM-09120/D1/attempt-1/m2,.,benchmark-fallback,/home/lnk85/SymmariesProjectBits/symmaries-maven-evaluation/config/policies/empty-sources-and-sinks.xml,/home/lnk85/SymmariesProjectBits/symmaries-maven-evaluation/config/policies/empty-sources-and-sinks.xml,3f2d50ad2de30a80ce3fcf7a7fd8ef57f2aa30bdd621bc753d6165b0790b27fc,timeout 20m mvn -B -ntp -s /home/lnk85/SymmariesProjectBits/symmaries-maven-evaluation/config/settings-pilot-host.xml -Dmaven.repo.local=/home/lnk85/SymmariesProjectBits/symmaries-maven-evaluation/results/batch-2-300-d1-runs/RCM-09120/D1/attempt-1/m2 -Pplexus-release clean package -DskipTests -Dmaven.javadoc.skip -Dgpg.skip,none,false,false,true,,,,,,,results/batch-2-300-d1-runs/RCM-09120/D1/attempt-1/maven.log,,Initial explicit-goal Symmaries pilot runner
RCM-09053,pilot-primary,D1,1,PASS,0,2026-08-10T21:17:54+00:00,2026-08-10T21:18:25+00:00,30.888,work/pilot/RCM-09053/D1/attempt-1/workspace,results/batch-2-300-d1-runs/RCM-09053/D1/attempt-1/m2,.,benchmark-fallback,/home/lnk85/SymmariesProjectBits/symmaries-maven-evaluation/config/policies/empty-sources-and-sinks.xml,/home/lnk85/SymmariesProjectBits/symmaries-maven-evaluation/config/policies/empty-sources-and-sinks.xml,3f2d50ad2de30a80ce3fcf7a7fd8ef57f2aa30bdd621bc753d6165b0790b27fc,timeout 20m /home/lnk85/SymmariesProjectBits/symmaries-maven-evaluation/work/pilot/RCM-09053/D1/attempt-1/workspace/mvnw -B -ntp -s /home/lnk85/SymmariesProjectBits/symmaries-maven-evaluation/config/settings-pilot-host.xml -Dmaven.repo.local=/home/lnk85/SymmariesProjectBits/symmaries-maven-evaluation/results/batch-2-300-d1-runs/RCM-09053/D1/attempt-1/m2 -Pmojo-release clean package -DskipTests -Dmaven.javadoc.skip -Dgpg.skip,none,false,false,true,,,,,,,results/batch-2-300-d1-runs/RCM-09053/D1/attempt-1/maven.log,,Initial explicit-goal Symmaries pilot runner
RCM-00894,pilot-primary,D1,1,PASS,0,2026-08-10T21:18:25+00:00,2026-08-10T21:19:09+00:00,44.747,work/pilot/RCM-00894/D1/attempt-1/workspace,results/batch-2-300-d1-runs/RCM-00894/D1/attempt-1/m2,.,benchmark-fallback,/home/lnk85/SymmariesProjectBits/symmaries-maven-evaluation/config/policies/empty-sources-and-sinks.xml,/home/lnk85/SymmariesProjectBits/symmaries-maven-evaluation/config/policies/empty-sources-and-sinks.xml,3f2d50ad2de30a80ce3fcf7a7fd8ef57f2aa30bdd621bc753d6165b0790b27fc,timeout 20m /home/lnk85/SymmariesProjectBits/symmaries-maven-evaluation/work/pilot/RCM-00894/D1/attempt-1/workspace/mvnw -B -ntp -s /home/lnk85/SymmariesProjectBits/symmaries-maven-evaluation/config/settings-pilot-host.xml -Dmaven.repo.local=/home/lnk85/SymmariesProjectBits/symmaries-maven-evaluation/results/batch-2-300-d1-runs/RCM-00894/D1/attempt-1/m2 clean package -DskipTests -Dmaven.javadoc.skip -Dgpg.skip -Dlicense.skip,none,false,false,true,,,,,,,results/batch-2-300-d1-runs/RCM-00894/D1/attempt-1/maven.log,,Initial explicit-goal Symmaries pilot runner
RCM-10771,pilot-primary,D1,1,PASS,0,2026-08-10T21:19:09+00:00,2026-08-10T21:19:19+00:00,9.827,work/pilot/RCM-10771/D1/attempt-1/workspace,results/batch-2-300-d1-runs/RCM-10771/D1/attempt-1/m2,.,benchmark-fallback,/home/lnk85/SymmariesProjectBits/symmaries-maven-evaluation/config/policies/empty-sources-and-sinks.xml,/home/lnk85/SymmariesProjectBits/symmaries-maven-evaluation/config/policies/empty-sources-and-sinks.xml,3f2d50ad2de30a80ce3fcf7a7fd8ef57f2aa30bdd621bc753d6165b0790b27fc,timeout 20m mvn -B -ntp -s /home/lnk85/SymmariesProjectBits/symmaries-maven-evaluation/config/settings-pilot-host.xml -Dmaven.repo.local=/home/lnk85/SymmariesProjectBits/symmaries-maven-evaluation/results/batch-2-300-d1-runs/RCM-10771/D1/attempt-1/m2 clean package -DskipTests -Dmaven.javadoc.skip -Dgpg.skip,none,false,false,true,,,,,,,results/batch-2-300-d1-runs/RCM-10771/D1/attempt-1/maven.log,,Initial explicit-goal Symmaries pilot runner
RCM-07797,pilot-primary,D1,1,PASS,0,2026-08-10T21:19:19+00:00,2026-08-10T21:19:51+00:00,31.534,work/pilot/RCM-07797/D1/attempt-1/workspace,results/batch-2-300-d1-runs/RCM-07797/D1/attempt-1/m2,.,benchmark-fallback,/home/lnk85/SymmariesProjectBits/symmaries-maven-evaluation/config/policies/empty-sources-and-sinks.xml,/home/lnk85/SymmariesProjectBits/symmaries-maven-evaluation/config/policies/empty-sources-and-sinks.xml,3f2d50ad2de30a80ce3fcf7a7fd8ef57f2aa30bdd621bc753d6165b0790b27fc,timeout 20m /home/lnk85/SymmariesProjectBits/symmaries-maven-evaluation/work/pilot/RCM-07797/D1/attempt-1/workspace/mvnw -B -ntp -s /home/lnk85/SymmariesProjectBits/symmaries-maven-evaluation/config/settings-pilot-host.xml -Dmaven.repo.local=/home/lnk85/SymmariesProjectBits/symmaries-maven-evaluation/results/batch-2-300-d1-runs/RCM-07797/D1/attempt-1/m2 -Papache-release clean package -DskipTests -Dmaven.javadoc.skip -Dgpg.skip,none,false,false,true,,,,,,,results/batch-2-300-d1-runs/RCM-07797/D1/attempt-1/maven.log,,Initial explicit-goal Symmaries pilot runner
RCM-08902,pilot-primary,D1,1,FAIL_BUILD,1,2026-08-10T21:19:51+00:00,2026-08-10T21:19:54+00:00,2.791,work/pilot/RCM-08902/D1/attempt-1/workspace,results/batch-2-300-d1-runs/RCM-08902/D1/attempt-1/m2,.,benchmark-fallback,/home/lnk85/SymmariesProjectBits/symmaries-maven-evaluation/config/policies/empty-sources-and-sinks.xml,/home/lnk85/SymmariesProjectBits/symmaries-maven-evaluation/config/policies/empty-sources-and-sinks.xml,3f2d50ad2de30a80ce3fcf7a7fd8ef57f2aa30bdd621bc753d6165b0790b27fc,timeout 20m mvn -B -ntp -s /home/lnk85/SymmariesProjectBits/symmaries-maven-evaluation/config/settings-pilot-host.xml -Dmaven.repo.local=/home/lnk85/SymmariesProjectBits/symmaries-maven-evaluation/results/batch-2-300-d1-runs/RCM-08902/D1/attempt-1/m2 -Pmojo-release clean package -DskipTests -Dmaven.javadoc.skip -Dgpg.skip,none,false,false,true,,,,,,,results/batch-2-300-d1-runs/RCM-08902/D1/attempt-1/maven.log,MAVEN_OR_PLUGIN_FAILURE,Initial explicit-goal Symmaries pilot runner
RCM-10935,pilot-primary,D1,1,PASS,0,2026-08-10T21:19:54+00:00,2026-08-10T21:20:12+00:00,18.137,work/pilot/RCM-10935/D1/attempt-1/workspace,results/batch-2-300-d1-runs/RCM-10935/D1/attempt-1/m2,.,benchmark-fallback,/home/lnk85/SymmariesProjectBits/symmaries-maven-evaluation/config/policies/empty-sources-and-sinks.xml,/home/lnk85/SymmariesProjectBits/symmaries-maven-evaluation/config/policies/empty-sources-and-sinks.xml,3f2d50ad2de30a80ce3fcf7a7fd8ef57f2aa30bdd621bc753d6165b0790b27fc,timeout 20m /home/lnk85/SymmariesProjectBits/symmaries-maven-evaluation/work/pilot/RCM-10935/D1/attempt-1/workspace/mvnw -B -ntp -s /home/lnk85/SymmariesProjectBits/symmaries-maven-evaluation/config/settings-pilot-host.xml -Dmaven.repo.local=/home/lnk85/SymmariesProjectBits/symmaries-maven-evaluation/results/batch-2-300-d1-runs/RCM-10935/D1/attempt-1/m2 -Prelease clean package -DskipTests -Dmaven.javadoc.skip -Dgpg.skip -Dbuildinfo.ignore=,none,false,false,true,,,,,,,results/batch-2-300-d1-runs/RCM-10935/D1/attempt-1/maven.log,,Initial explicit-goal Symmaries pilot runner
RCM-06547,pilot-primary,D1,1,PASS,0,2026-08-10T21:20:12+00:00,2026-08-10T21:20:30+00:00,18.167,work/pilot/RCM-06547/D1/attempt-1/workspace,results/batch-2-300-d1-runs/RCM-06547/D1/attempt-1/m2,.,benchmark-fallback,/home/lnk85/SymmariesProjectBits/symmaries-maven-evaluation/config/policies/empty-sources-and-sinks.xml,/home/lnk85/SymmariesProjectBits/symmaries-maven-evaluation/config/policies/empty-sources-and-sinks.xml,3f2d50ad2de30a80ce3fcf7a7fd8ef57f2aa30bdd621bc753d6165b0790b27fc,timeout 20m mvn -B -ntp -s /home/lnk85/SymmariesProjectBits/symmaries-maven-evaluation/config/settings-pilot-host.xml -Dmaven.repo.local=/home/lnk85/SymmariesProjectBits/symmaries-maven-evaluation/results/batch-2-300-d1-runs/RCM-06547/D1/attempt-1/m2 clean package -DskipTests -Dmaven.javadoc.skip -Dgpg.skip -Dbuildinfo.ignore=,none,false,false,true,,,,,,,results/batch-2-300-d1-runs/RCM-06547/D1/attempt-1/maven.log,,Initial explicit-goal Symmaries pilot runner
RCM-00551,pilot-primary,D1,1,PASS,0,2026-08-10T21:20:30+00:00,2026-08-10T21:20:44+00:00,13.568,work/pilot/RCM-00551/D1/attempt-1/workspace,results/batch-2-300-d1-runs/RCM-00551/D1/attempt-1/m2,.,benchmark-fallback,/home/lnk85/SymmariesProjectBits/symmaries-maven-evaluation/config/policies/empty-sources-and-sinks.xml,/home/lnk85/SymmariesProjectBits/symmaries-maven-evaluation/config/policies/empty-sources-and-sinks.xml,3f2d50ad2de30a80ce3fcf7a7fd8ef57f2aa30bdd621bc753d6165b0790b27fc,timeout 20m /home/lnk85/SymmariesProjectBits/symmaries-maven-evaluation/work/pilot/RCM-00551/D1/attempt-1/workspace/mvnw -B -ntp -s /home/lnk85/SymmariesProjectBits/symmaries-maven-evaluation/config/settings-pilot-host.xml -Dmaven.repo.local=/home/lnk85/SymmariesProjectBits/symmaries-maven-evaluation/results/batch-2-300-d1-runs/RCM-00551/D1/attempt-1/m2 clean package -Prelease -DskipTests -Dmaven.javadoc.skip -Dgpg.skip,none,false,false,true,,,,,,,results/batch-2-300-d1-runs/RCM-00551/D1/attempt-1/maven.log,,Initial explicit-goal Symmaries pilot runner
RCM-06681,pilot-primary,D1,1,FAIL_BUILD,1,2026-08-10T21:20:44+00:00,2026-08-10T21:20:49+00:00,5.58,work/pilot/RCM-06681/D1/attempt-1/workspace,results/batch-2-300-d1-runs/RCM-06681/D1/attempt-1/m2,.,benchmark-fallback,/home/lnk85/SymmariesProjectBits/symmaries-maven-evaluation/config/policies/empty-sources-and-sinks.xml,/home/lnk85/SymmariesProjectBits/symmaries-maven-evaluation/config/policies/empty-sources-and-sinks.xml,3f2d50ad2de30a80ce3fcf7a7fd8ef57f2aa30bdd621bc753d6165b0790b27fc,timeout 20m mvn -B -ntp -s /home/lnk85/SymmariesProjectBits/symmaries-maven-evaluation/config/settings-pilot-host.xml -Dmaven.repo.local=/home/lnk85/SymmariesProjectBits/symmaries-maven-evaluation/results/batch-2-300-d1-runs/RCM-06681/D1/attempt-1/m2 -Papache-release clean verify -DskipTests -Dmaven.javadoc.skip -Dgpg.skip,none,false,false,true,,,,,,,results/batch-2-300-d1-runs/RCM-06681/D1/attempt-1/maven.log,MAVEN_OR_PLUGIN_FAILURE,Initial explicit-goal Symmaries pilot runner
RCM-02421,pilot-primary,D1,1,PASS,0,2026-08-10T21:20:49+00:00,2026-08-10T21:21:23+00:00,33.336,work/pilot/RCM-02421/D1/attempt-1/workspace,results/batch-2-300-d1-runs/RCM-02421/D1/attempt-1/m2,.,benchmark-fallback,/home/lnk85/SymmariesProjectBits/symmaries-maven-evaluation/config/policies/empty-sources-and-sinks.xml,/home/lnk85/SymmariesProjectBits/symmaries-maven-evaluation/config/policies/empty-sources-and-sinks.xml,3f2d50ad2de30a80ce3fcf7a7fd8ef57f2aa30bdd621bc753d6165b0790b27fc,timeout 20m mvn -B -ntp -s /home/lnk85/SymmariesProjectBits/symmaries-maven-evaluation/config/settings-pilot-host.xml -Dmaven.repo.local=/home/lnk85/SymmariesProjectBits/symmaries-maven-evaluation/results/batch-2-300-d1-runs/RCM-02421/D1/attempt-1/m2 -Prelease clean package -DskipTests -Dmaven.javadoc.skip -Dgpg.skip -Dcommons.release.dryRun -Dcommons.release.isDistModule=false -Dspdx.skip,none,false,false,true,,,,,,,results/batch-2-300-d1-runs/RCM-02421/D1/attempt-1/maven.log,,Initial explicit-goal Symmaries pilot runner
RCM-07088,pilot-primary,D1,1,FAIL_BUILD,1,2026-08-10T21:21:23+00:00,2026-08-10T21:21:25+00:00,2.275,work/pilot/RCM-07088/D1/attempt-1/workspace,results/batch-2-300-d1-runs/RCM-07088/D1/attempt-1/m2,.,benchmark-fallback,/home/lnk85/SymmariesProjectBits/symmaries-maven-evaluation/config/policies/empty-sources-and-sinks.xml,/home/lnk85/SymmariesProjectBits/symmaries-maven-evaluation/config/policies/empty-sources-and-sinks.xml,3f2d50ad2de30a80ce3fcf7a7fd8ef57f2aa30bdd621bc753d6165b0790b27fc,timeout 20m mvn -B -ntp -s /home/lnk85/SymmariesProjectBits/symmaries-maven-evaluation/config/settings-pilot-host.xml -Dmaven.repo.local=/home/lnk85/SymmariesProjectBits/symmaries-maven-evaluation/results/batch-2-300-d1-runs/RCM-07088/D1/attempt-1/m2 -Papache-release clean package -DskipTests -Dmaven.javadoc.skip -Dgpg.skip,none,false,false,true,,,,,,,results/batch-2-300-d1-runs/RCM-07088/D1/attempt-1/maven.log,MAVEN_OR_PLUGIN_FAILURE,Initial explicit-goal Symmaries pilot runner
RCM-01435,pilot-primary,D1,1,PASS,0,2026-08-10T21:21:25+00:00,2026-08-10T21:21:37+00:00,12.165,work/pilot/RCM-01435/D1/attempt-1/workspace,results/batch-2-300-d1-runs/RCM-01435/D1/attempt-1/m2,.,benchmark-fallback,/home/lnk85/SymmariesProjectBits/symmaries-maven-evaluation/config/policies/empty-sources-and-sinks.xml,/home/lnk85/SymmariesProjectBits/symmaries-maven-evaluation/config/policies/empty-sources-and-sinks.xml,3f2d50ad2de30a80ce3fcf7a7fd8ef57f2aa30bdd621bc753d6165b0790b27fc,timeout 20m mvn -B -ntp -s /home/lnk85/SymmariesProjectBits/symmaries-maven-evaluation/config/settings-pilot-host.xml -Dmaven.repo.local=/home/lnk85/SymmariesProjectBits/symmaries-maven-evaluation/results/batch-2-300-d1-runs/RCM-01435/D1/attempt-1/m2 clean package -Prelease -DskipTests -Dmaven.javadoc.skip -Dgpg.skip,none,false,false,true,,,,,,,results/batch-2-300-d1-runs/RCM-01435/D1/attempt-1/maven.log,,Initial explicit-goal Symmaries pilot runner
RCM-08907,pilot-primary,D1,1,FAIL_BUILD,1,2026-08-10T21:21:37+00:00,2026-08-10T21:21:42+00:00,4.903,work/pilot/RCM-08907/D1/attempt-1/workspace,results/batch-2-300-d1-runs/RCM-08907/D1/attempt-1/m2,.,benchmark-fallback,/home/lnk85/SymmariesProjectBits/symmaries-maven-evaluation/config/policies/empty-sources-and-sinks.xml,/home/lnk85/SymmariesProjectBits/symmaries-maven-evaluation/config/policies/empty-sources-and-sinks.xml,3f2d50ad2de30a80ce3fcf7a7fd8ef57f2aa30bdd621bc753d6165b0790b27fc,timeout 20m mvn -B -ntp -s /home/lnk85/SymmariesProjectBits/symmaries-maven-evaluation/config/settings-pilot-host.xml -Dmaven.repo.local=/home/lnk85/SymmariesProjectBits/symmaries-maven-evaluation/results/batch-2-300-d1-runs/RCM-08907/D1/attempt-1/m2 -Pmojo-release clean package -DskipTests -Dmaven.javadoc.skip -Dgpg.skip,none,false,false,true,,,,,,,results/batch-2-300-d1-runs/RCM-08907/D1/attempt-1/maven.log,MAVEN_OR_PLUGIN_FAILURE,Initial explicit-goal Symmaries pilot runner
RCM-06562,pilot-primary,D1,1,PASS,0,2026-08-10T21:21:42+00:00,2026-08-10T21:22:46+00:00,63.319,work/pilot/RCM-06562/D1/attempt-1/workspace,results/batch-2-300-d1-runs/RCM-06562/D1/attempt-1/m2,.,benchmark-fallback,/home/lnk85/SymmariesProjectBits/symmaries-maven-evaluation/config/policies/empty-sources-and-sinks.xml,/home/lnk85/SymmariesProjectBits/symmaries-maven-evaluation/config/policies/empty-sources-and-sinks.xml,3f2d50ad2de30a80ce3fcf7a7fd8ef57f2aa30bdd621bc753d6165b0790b27fc,timeout 20m mvn -B -ntp -s /home/lnk85/SymmariesProjectBits/symmaries-maven-evaluation/config/settings-pilot-host.xml -Dmaven.repo.local=/home/lnk85/SymmariesProjectBits/symmaries-maven-evaluation/results/batch-2-300-d1-runs/RCM-06562/D1/attempt-1/m2 clean verify -DskipTests -Dgpg.skip -Dmaven.javadoc.skip -Dbuildinfo.ignore=,none,false,false,true,,,,,,,results/batch-2-300-d1-runs/RCM-06562/D1/attempt-1/maven.log,,Initial explicit-goal Symmaries pilot runner
RCM-05913,pilot-primary,D1,1,PASS,0,2026-08-10T21:22:46+00:00,2026-08-10T21:22:54+00:00,7.944,work/pilot/RCM-05913/D1/attempt-1/workspace,results/batch-2-300-d1-runs/RCM-05913/D1/attempt-1/m2,.,benchmark-fallback,/home/lnk85/SymmariesProjectBits/symmaries-maven-evaluation/config/policies/empty-sources-and-sinks.xml,/home/lnk85/SymmariesProjectBits/symmaries-maven-evaluation/config/policies/empty-sources-and-sinks.xml,3f2d50ad2de30a80ce3fcf7a7fd8ef57f2aa30bdd621bc753d6165b0790b27fc,timeout 20m mvn -B -ntp -s /home/lnk85/SymmariesProjectBits/symmaries-maven-evaluation/config/settings-pilot-host.xml -Dmaven.repo.local=/home/lnk85/SymmariesProjectBits/symmaries-maven-evaluation/results/batch-2-300-d1-runs/RCM-05913/D1/attempt-1/m2 -Posslabz-release clean package -DskipTests -Dmaven.javadoc.skip -Dgpg.skip,none,false,false,true,,,,,,,results/batch-2-300-d1-runs/RCM-05913/D1/attempt-1/maven.log,,Initial explicit-goal Symmaries pilot runner
RCM-06507,pilot-primary,D1,1,PASS,0,2026-08-10T21:22:54+00:00,2026-08-10T21:23:11+00:00,17.305,work/pilot/RCM-06507/D1/attempt-1/workspace,results/batch-2-300-d1-runs/RCM-06507/D1/attempt-1/m2,.,benchmark-fallback,/home/lnk85/SymmariesProjectBits/symmaries-maven-evaluation/config/policies/empty-sources-and-sinks.xml,/home/lnk85/SymmariesProjectBits/symmaries-maven-evaluation/config/policies/empty-sources-and-sinks.xml,3f2d50ad2de30a80ce3fcf7a7fd8ef57f2aa30bdd621bc753d6165b0790b27fc,timeout 20m mvn -B -ntp -s /home/lnk85/SymmariesProjectBits/symmaries-maven-evaluation/config/settings-pilot-host.xml -Dmaven.repo.local=/home/lnk85/SymmariesProjectBits/symmaries-maven-evaluation/results/batch-2-300-d1-runs/RCM-06507/D1/attempt-1/m2 clean verify -DskipTests -Dgpg.skip -Dmaven.javadoc.skip -Dbuildinfo.ignore=,none,false,false,true,,,,,,,results/batch-2-300-d1-runs/RCM-06507/D1/attempt-1/maven.log,,Initial explicit-goal Symmaries pilot runner
RCM-02137,pilot-primary,D1,1,FAIL_BUILD,1,2026-08-10T21:23:11+00:00,2026-08-10T21:23:37+00:00,25.71,work/pilot/RCM-02137/D1/attempt-1/workspace,results/batch-2-300-d1-runs/RCM-02137/D1/attempt-1/m2,.,benchmark-fallback,/home/lnk85/SymmariesProjectBits/symmaries-maven-evaluation/config/policies/empty-sources-and-sinks.xml,/home/lnk85/SymmariesProjectBits/symmaries-maven-evaluation/config/policies/empty-sources-and-sinks.xml,3f2d50ad2de30a80ce3fcf7a7fd8ef57f2aa30bdd621bc753d6165b0790b27fc,timeout 20m mvn -B -ntp -s /home/lnk85/SymmariesProjectBits/symmaries-maven-evaluation/config/settings-pilot-host.xml -Dmaven.repo.local=/home/lnk85/SymmariesProjectBits/symmaries-maven-evaluation/results/batch-2-300-d1-runs/RCM-02137/D1/attempt-1/m2 -f book -Prelease clean package -DskipTests -Dmaven.javadoc.skip -Dgpg.skip,none,false,false,true,,,,,,,results/batch-2-300-d1-runs/RCM-02137/D1/attempt-1/maven.log,MAVEN_OR_PLUGIN_FAILURE,Initial explicit-goal Symmaries pilot runner
RCM-09445,pilot-primary,D1,1,PASS,0,2026-08-10T21:23:37+00:00,2026-08-10T21:23:46+00:00,9.042,work/pilot/RCM-09445/D1/attempt-1/workspace,results/batch-2-300-d1-runs/RCM-09445/D1/attempt-1/m2,.,benchmark-fallback,/home/lnk85/SymmariesProjectBits/symmaries-maven-evaluation/config/policies/empty-sources-and-sinks.xml,/home/lnk85/SymmariesProjectBits/symmaries-maven-evaluation/config/policies/empty-sources-and-sinks.xml,3f2d50ad2de30a80ce3fcf7a7fd8ef57f2aa30bdd621bc753d6165b0790b27fc,timeout 20m mvn -B -ntp -s /home/lnk85/SymmariesProjectBits/symmaries-maven-evaluation/config/settings-pilot-host.xml -Dmaven.repo.local=/home/lnk85/SymmariesProjectBits/symmaries-maven-evaluation/results/batch-2-300-d1-runs/RCM-09445/D1/attempt-1/m2 -Prelease clean package -DskipTests -Dmaven.javadoc.skip -Dgpg.skip,none,false,false,true,,,,,,,results/batch-2-300-d1-runs/RCM-09445/D1/attempt-1/maven.log,,Initial explicit-goal Symmaries pilot runner
RCM-09525,pilot-primary,D1,1,PASS,0,2026-08-10T21:23:46+00:00,2026-08-10T21:28:28+00:00,282.199,work/pilot/RCM-09525/D1/attempt-1/workspace,results/batch-2-300-d1-runs/RCM-09525/D1/attempt-1/m2,.,benchmark-fallback,/home/lnk85/SymmariesProjectBits/symmaries-maven-evaluation/config/policies/empty-sources-and-sinks.xml,/home/lnk85/SymmariesProjectBits/symmaries-maven-evaluation/config/policies/empty-sources-and-sinks.xml,3f2d50ad2de30a80ce3fcf7a7fd8ef57f2aa30bdd621bc753d6165b0790b27fc,timeout 20m /home/lnk85/SymmariesProjectBits/symmaries-maven-evaluation/work/pilot/RCM-09525/D1/attempt-1/workspace/mvnw -B -ntp -s /home/lnk85/SymmariesProjectBits/symmaries-maven-evaluation/config/settings-pilot-host.xml -Dmaven.repo.local=/home/lnk85/SymmariesProjectBits/symmaries-maven-evaluation/results/batch-2-300-d1-runs/RCM-09525/D1/attempt-1/m2 clean package -Pskip-checks -DskipTests -Dmaven.javadoc.skip -Dgpg.skip -Dno-build-cache -Dbuildinfo.detect.skip=false -Dbuildinfo.skipModules=,none,false,false,true,,,,,,,results/batch-2-300-d1-runs/RCM-09525/D1/attempt-1/maven.log,,Initial explicit-goal Symmaries pilot runner
RCM-06464,pilot-primary,D1,1,PASS,0,2026-08-10T21:28:28+00:00,2026-08-10T21:28:46+00:00,17.735,work/pilot/RCM-06464/D1/attempt-1/workspace,results/batch-2-300-d1-runs/RCM-06464/D1/attempt-1/m2,.,benchmark-fallback,/home/lnk85/SymmariesProjectBits/symmaries-maven-evaluation/config/policies/empty-sources-and-sinks.xml,/home/lnk85/SymmariesProjectBits/symmaries-maven-evaluation/config/policies/empty-sources-and-sinks.xml,3f2d50ad2de30a80ce3fcf7a7fd8ef57f2aa30bdd621bc753d6165b0790b27fc,timeout 20m mvn -B -ntp -s /home/lnk85/SymmariesProjectBits/symmaries-maven-evaluation/config/settings-pilot-host.xml -Dmaven.repo.local=/home/lnk85/SymmariesProjectBits/symmaries-maven-evaluation/results/batch-2-300-d1-runs/RCM-06464/D1/attempt-1/m2 clean verify -DskipTests -Dgpg.skip -Dmaven.javadoc.skip -Dbuildinfo.ignore=,none,false,false,true,,,,,,,results/batch-2-300-d1-runs/RCM-06464/D1/attempt-1/maven.log,,Initial explicit-goal Symmaries pilot runner
RCM-05655,pilot-primary,D1,1,PASS,0,2026-08-10T21:28:46+00:00,2026-08-10T21:29:01+00:00,14.456,work/pilot/RCM-05655/D1/attempt-1/workspace,results/batch-2-300-d1-runs/RCM-05655/D1/attempt-1/m2,.,benchmark-fallback,/home/lnk85/SymmariesProjectBits/symmaries-maven-evaluation/config/policies/empty-sources-and-sinks.xml,/home/lnk85/SymmariesProjectBits/symmaries-maven-evaluation/config/policies/empty-sources-and-sinks.xml,3f2d50ad2de30a80ce3fcf7a7fd8ef57f2aa30bdd621bc753d6165b0790b27fc,timeout 20m /home/lnk85/SymmariesProjectBits/symmaries-maven-evaluation/work/pilot/RCM-05655/D1/attempt-1/workspace/mvnw -B -ntp -s /home/lnk85/SymmariesProjectBits/symmaries-maven-evaluation/config/settings-pilot-host.xml -Dmaven.repo.local=/home/lnk85/SymmariesProjectBits/symmaries-maven-evaluation/results/batch-2-300-d1-runs/RCM-05655/D1/attempt-1/m2 -Pio.wcm clean package -DskipTests -Dmaven.javadoc.skip,none,false,false,true,,,,,,,results/batch-2-300-d1-runs/RCM-05655/D1/attempt-1/maven.log,,Initial explicit-goal Symmaries pilot runner
RCM-07355,pilot-primary,D1,1,PASS,0,2026-08-10T21:29:01+00:00,2026-08-10T21:29:21+00:00,20.33,work/pilot/RCM-07355/D1/attempt-1/workspace,results/batch-2-300-d1-runs/RCM-07355/D1/attempt-1/m2,.,benchmark-fallback,/home/lnk85/SymmariesProjectBits/symmaries-maven-evaluation/config/policies/empty-sources-and-sinks.xml,/home/lnk85/SymmariesProjectBits/symmaries-maven-evaluation/config/policies/empty-sources-and-sinks.xml,3f2d50ad2de30a80ce3fcf7a7fd8ef57f2aa30bdd621bc753d6165b0790b27fc,timeout 20m mvn -B -ntp -s /home/lnk85/SymmariesProjectBits/symmaries-maven-evaluation/config/settings-pilot-host.xml -Dmaven.repo.local=/home/lnk85/SymmariesProjectBits/symmaries-maven-evaluation/results/batch-2-300-d1-runs/RCM-07355/D1/attempt-1/m2 -Papache-release clean package -DskipTests -Dmaven.javadoc.skip -Dgpg.skip,none,false,false,true,,,,,,,results/batch-2-300-d1-runs/RCM-07355/D1/attempt-1/maven.log,,Initial explicit-goal Symmaries pilot runner
RCM-00811,pilot-primary,D1,1,PASS,0,2026-08-10T21:29:21+00:00,2026-08-10T21:29:37+00:00,15.605,work/pilot/RCM-00811/D1/attempt-1/workspace,results/batch-2-300-d1-runs/RCM-00811/D1/attempt-1/m2,.,benchmark-fallback,/home/lnk85/SymmariesProjectBits/symmaries-maven-evaluation/config/policies/empty-sources-and-sinks.xml,/home/lnk85/SymmariesProjectBits/symmaries-maven-evaluation/config/policies/empty-sources-and-sinks.xml,3f2d50ad2de30a80ce3fcf7a7fd8ef57f2aa30bdd621bc753d6165b0790b27fc,timeout 20m /home/lnk85/SymmariesProjectBits/symmaries-maven-evaluation/work/pilot/RCM-00811/D1/attempt-1/workspace/mvnw -B -ntp -s /home/lnk85/SymmariesProjectBits/symmaries-maven-evaluation/config/settings-pilot-host.xml -Dmaven.repo.local=/home/lnk85/SymmariesProjectBits/symmaries-maven-evaluation/results/batch-2-300-d1-runs/RCM-00811/D1/attempt-1/m2 -Prelease clean package -DskipTests -Dmaven.javadoc.skip -Dgpg.skip,none,false,false,true,,,,,,,results/batch-2-300-d1-runs/RCM-00811/D1/attempt-1/maven.log,,Initial explicit-goal Symmaries pilot runner
RCM-04607,pilot-primary,D1,1,FAIL_BUILD,1,2026-08-10T21:29:37+00:00,2026-08-10T21:31:10+00:00,93.151,work/pilot/RCM-04607/D1/attempt-1/workspace,results/batch-2-300-d1-runs/RCM-04607/D1/attempt-1/m2,.,benchmark-fallback,/home/lnk85/SymmariesProjectBits/symmaries-maven-evaluation/config/policies/empty-sources-and-sinks.xml,/home/lnk85/SymmariesProjectBits/symmaries-maven-evaluation/config/policies/empty-sources-and-sinks.xml,3f2d50ad2de30a80ce3fcf7a7fd8ef57f2aa30bdd621bc753d6165b0790b27fc,timeout 20m mvn -B -ntp -s /home/lnk85/SymmariesProjectBits/symmaries-maven-evaluation/config/settings-pilot-host.xml -Dmaven.repo.local=/home/lnk85/SymmariesProjectBits/symmaries-maven-evaluation/results/batch-2-300-d1-runs/RCM-04607/D1/attempt-1/m2 -Ppublication clean package -DskipTests -Dmaven.javadoc.skip -Dgpg.skip,none,false,false,true,,,,,,,results/batch-2-300-d1-runs/RCM-04607/D1/attempt-1/maven.log,MAVEN_OR_PLUGIN_FAILURE,Initial explicit-goal Symmaries pilot runner
RCM-10391,pilot-primary,D1,1,FAIL_BUILD,1,2026-08-10T21:31:10+00:00,2026-08-10T21:31:19+00:00,9.093,work/pilot/RCM-10391/D1/attempt-1/workspace,results/batch-2-300-d1-runs/RCM-10391/D1/attempt-1/m2,.,benchmark-fallback,/home/lnk85/SymmariesProjectBits/symmaries-maven-evaluation/config/policies/empty-sources-and-sinks.xml,/home/lnk85/SymmariesProjectBits/symmaries-maven-evaluation/config/policies/empty-sources-and-sinks.xml,3f2d50ad2de30a80ce3fcf7a7fd8ef57f2aa30bdd621bc753d6165b0790b27fc,timeout 20m /home/lnk85/SymmariesProjectBits/symmaries-maven-evaluation/work/pilot/RCM-10391/D1/attempt-1/workspace/mvnw -B -ntp -s /home/lnk85/SymmariesProjectBits/symmaries-maven-evaluation/config/settings-pilot-host.xml -Dmaven.repo.local=/home/lnk85/SymmariesProjectBits/symmaries-maven-evaluation/results/batch-2-300-d1-runs/RCM-10391/D1/attempt-1/m2 clean package -DskipTests -Dmaven.javadoc.skip -Dgpg.skip,none,false,false,true,,,,,,,results/batch-2-300-d1-runs/RCM-10391/D1/attempt-1/maven.log,MAVEN_OR_PLUGIN_FAILURE,Initial explicit-goal Symmaries pilot runner
RCM-06583,pilot-primary,D1,1,PASS,0,2026-08-10T21:31:19+00:00,2026-08-10T21:31:37+00:00,18.468,work/pilot/RCM-06583/D1/attempt-1/workspace,results/batch-2-300-d1-runs/RCM-06583/D1/attempt-1/m2,.,benchmark-fallback,/home/lnk85/SymmariesProjectBits/symmaries-maven-evaluation/config/policies/empty-sources-and-sinks.xml,/home/lnk85/SymmariesProjectBits/symmaries-maven-evaluation/config/policies/empty-sources-and-sinks.xml,3f2d50ad2de30a80ce3fcf7a7fd8ef57f2aa30bdd621bc753d6165b0790b27fc,timeout 20m mvn -B -ntp -s /home/lnk85/SymmariesProjectBits/symmaries-maven-evaluation/config/settings-pilot-host.xml -Dmaven.repo.local=/home/lnk85/SymmariesProjectBits/symmaries-maven-evaluation/results/batch-2-300-d1-runs/RCM-06583/D1/attempt-1/m2 -Prelease clean:clean package -DskipTests -Dmaven.javadoc.skip -Dgpg.skip -Dspdx.skip -Dcommons.release.dryRun -Dcommons.release.isDistModule,none,false,false,true,,,,,,,results/batch-2-300-d1-runs/RCM-06583/D1/attempt-1/maven.log,,Initial explicit-goal Symmaries pilot runner
RCM-10590,pilot-primary,D1,1,PASS,0,2026-08-10T21:31:37+00:00,2026-08-10T21:31:47+00:00,9.279,work/pilot/RCM-10590/D1/attempt-1/workspace,results/batch-2-300-d1-runs/RCM-10590/D1/attempt-1/m2,.,benchmark-fallback,/home/lnk85/SymmariesProjectBits/symmaries-maven-evaluation/config/policies/empty-sources-and-sinks.xml,/home/lnk85/SymmariesProjectBits/symmaries-maven-evaluation/config/policies/empty-sources-and-sinks.xml,3f2d50ad2de30a80ce3fcf7a7fd8ef57f2aa30bdd621bc753d6165b0790b27fc,timeout 20m mvn -B -ntp -s /home/lnk85/SymmariesProjectBits/symmaries-maven-evaluation/config/settings-pilot-host.xml -Dmaven.repo.local=/home/lnk85/SymmariesProjectBits/symmaries-maven-evaluation/results/batch-2-300-d1-runs/RCM-10590/D1/attempt-1/m2 -Prelease clean verify -DskipTests -Dmaven.javadoc.skip -Dgpg.skip,none,false,false,true,,,,,,,results/batch-2-300-d1-runs/RCM-10590/D1/attempt-1/maven.log,,Initial explicit-goal Symmaries pilot runner
RCM-05879,pilot-primary,D1,1,PASS,0,2026-08-10T21:31:47+00:00,2026-08-10T21:31:54+00:00,7.111,work/pilot/RCM-05879/D1/attempt-1/workspace,results/batch-2-300-d1-runs/RCM-05879/D1/attempt-1/m2,.,benchmark-fallback,/home/lnk85/SymmariesProjectBits/symmaries-maven-evaluation/config/policies/empty-sources-and-sinks.xml,/home/lnk85/SymmariesProjectBits/symmaries-maven-evaluation/config/policies/empty-sources-and-sinks.xml,3f2d50ad2de30a80ce3fcf7a7fd8ef57f2aa30bdd621bc753d6165b0790b27fc,timeout 20m mvn -B -ntp -s /home/lnk85/SymmariesProjectBits/symmaries-maven-evaluation/config/settings-pilot-host.xml -Dmaven.repo.local=/home/lnk85/SymmariesProjectBits/symmaries-maven-evaluation/results/batch-2-300-d1-runs/RCM-05879/D1/attempt-1/m2 -Papache-release clean package -DskipTests -Dmaven.javadoc.skip -Dgpg.skip,none,false,false,true,,,,,,,results/batch-2-300-d1-runs/RCM-05879/D1/attempt-1/maven.log,,Initial explicit-goal Symmaries pilot runner
RCM-07282,pilot-primary,D1,1,PASS,0,2026-08-10T21:31:54+00:00,2026-08-10T21:32:13+00:00,18.754,work/pilot/RCM-07282/D1/attempt-1/workspace,results/batch-2-300-d1-runs/RCM-07282/D1/attempt-1/m2,.,benchmark-fallback,/home/lnk85/SymmariesProjectBits/symmaries-maven-evaluation/config/policies/empty-sources-and-sinks.xml,/home/lnk85/SymmariesProjectBits/symmaries-maven-evaluation/config/policies/empty-sources-and-sinks.xml,3f2d50ad2de30a80ce3fcf7a7fd8ef57f2aa30bdd621bc753d6165b0790b27fc,timeout 20m mvn -B -ntp -s /home/lnk85/SymmariesProjectBits/symmaries-maven-evaluation/config/settings-pilot-host.xml -Dmaven.repo.local=/home/lnk85/SymmariesProjectBits/symmaries-maven-evaluation/results/batch-2-300-d1-runs/RCM-07282/D1/attempt-1/m2 -Papache-release clean package -DskipTests -Dmaven.javadoc.skip -Dgpg.skip,none,false,false,true,,,,,,,results/batch-2-300-d1-runs/RCM-07282/D1/attempt-1/maven.log,,Initial explicit-goal Symmaries pilot runner
RCM-06117,pilot-primary,D1,1,FAIL_BUILD,1,2026-08-10T21:32:13+00:00,2026-08-10T21:32:21+00:00,8.325,work/pilot/RCM-06117/D1/attempt-1/workspace,results/batch-2-300-d1-runs/RCM-06117/D1/attempt-1/m2,.,benchmark-fallback,/home/lnk85/SymmariesProjectBits/symmaries-maven-evaluation/config/policies/empty-sources-and-sinks.xml,/home/lnk85/SymmariesProjectBits/symmaries-maven-evaluation/config/policies/empty-sources-and-sinks.xml,3f2d50ad2de30a80ce3fcf7a7fd8ef57f2aa30bdd621bc753d6165b0790b27fc,timeout 20m /home/lnk85/SymmariesProjectBits/symmaries-maven-evaluation/work/pilot/RCM-06117/D1/attempt-1/workspace/mvnw -B -ntp -s /home/lnk85/SymmariesProjectBits/symmaries-maven-evaluation/config/settings-pilot-host.xml -Dmaven.repo.local=/home/lnk85/SymmariesProjectBits/symmaries-maven-evaluation/results/batch-2-300-d1-runs/RCM-06117/D1/attempt-1/m2 clean verify -PskipQuality,none,false,false,true,,,,,,,results/batch-2-300-d1-runs/RCM-06117/D1/attempt-1/maven.log,MAVEN_OR_PLUGIN_FAILURE,Initial explicit-goal Symmaries pilot runner
RCM-07321,pilot-primary,D1,1,PASS,0,2026-08-10T21:32:21+00:00,2026-08-10T21:32:35+00:00,13.767,work/pilot/RCM-07321/D1/attempt-1/workspace,results/batch-2-300-d1-runs/RCM-07321/D1/attempt-1/m2,.,benchmark-fallback,/home/lnk85/SymmariesProjectBits/symmaries-maven-evaluation/config/policies/empty-sources-and-sinks.xml,/home/lnk85/SymmariesProjectBits/symmaries-maven-evaluation/config/policies/empty-sources-and-sinks.xml,3f2d50ad2de30a80ce3fcf7a7fd8ef57f2aa30bdd621bc753d6165b0790b27fc,timeout 20m mvn -B -ntp -s /home/lnk85/SymmariesProjectBits/symmaries-maven-evaluation/config/settings-pilot-host.xml -Dmaven.repo.local=/home/lnk85/SymmariesProjectBits/symmaries-maven-evaluation/results/batch-2-300-d1-runs/RCM-07321/D1/attempt-1/m2 -Papache-release clean package -DskipTests -Dmaven.javadoc.skip -Dgpg.skip,none,false,false,true,,,,,,,results/batch-2-300-d1-runs/RCM-07321/D1/attempt-1/maven.log,,Initial explicit-goal Symmaries pilot runner
RCM-10096,pilot-primary,D1,1,PASS,0,2026-08-10T21:32:35+00:00,2026-08-10T21:32:50+00:00,14.745,work/pilot/RCM-10096/D1/attempt-1/workspace,results/batch-2-300-d1-runs/RCM-10096/D1/attempt-1/m2,.,benchmark-fallback,/home/lnk85/SymmariesProjectBits/symmaries-maven-evaluation/config/policies/empty-sources-and-sinks.xml,/home/lnk85/SymmariesProjectBits/symmaries-maven-evaluation/config/policies/empty-sources-and-sinks.xml,3f2d50ad2de30a80ce3fcf7a7fd8ef57f2aa30bdd621bc753d6165b0790b27fc,timeout 20m /home/lnk85/SymmariesProjectBits/symmaries-maven-evaluation/work/pilot/RCM-10096/D1/attempt-1/workspace/mvnw -B -ntp -s /home/lnk85/SymmariesProjectBits/symmaries-maven-evaluation/config/settings-pilot-host.xml -Dmaven.repo.local=/home/lnk85/SymmariesProjectBits/symmaries-maven-evaluation/results/batch-2-300-d1-runs/RCM-10096/D1/attempt-1/m2 -Dmaven.site.skip -Drelease package -DskipTests -Dmaven.javadoc.skip -Dgpg.skip,none,false,false,true,,,,,,,results/batch-2-300-d1-runs/RCM-10096/D1/attempt-1/maven.log,,Initial explicit-goal Symmaries pilot runner
RCM-02170,pilot-primary,D1,1,FAIL_BUILD,1,2026-08-10T21:32:50+00:00,2026-08-10T21:33:29+00:00,38.824,work/pilot/RCM-02170/D1/attempt-1/workspace,results/batch-2-300-d1-runs/RCM-02170/D1/attempt-1/m2,.,benchmark-fallback,/home/lnk85/SymmariesProjectBits/symmaries-maven-evaluation/config/policies/empty-sources-and-sinks.xml,/home/lnk85/SymmariesProjectBits/symmaries-maven-evaluation/config/policies/empty-sources-and-sinks.xml,3f2d50ad2de30a80ce3fcf7a7fd8ef57f2aa30bdd621bc753d6165b0790b27fc,timeout 20m mvn -B -ntp -s /home/lnk85/SymmariesProjectBits/symmaries-maven-evaluation/config/settings-pilot-host.xml -Dmaven.repo.local=/home/lnk85/SymmariesProjectBits/symmaries-maven-evaluation/results/batch-2-300-d1-runs/RCM-02170/D1/attempt-1/m2 -f book -Prelease clean package -DskipTests -Dmaven.javadoc.skip -Dgpg.skip,none,false,false,true,,,,,,,results/batch-2-300-d1-runs/RCM-02170/D1/attempt-1/maven.log,MAVEN_OR_PLUGIN_FAILURE,Initial explicit-goal Symmaries pilot runner
RCM-07431,pilot-primary,D1,1,PASS,0,2026-08-10T21:33:29+00:00,2026-08-10T21:33:47+00:00,17.978,work/pilot/RCM-07431/D1/attempt-1/workspace,results/batch-2-300-d1-runs/RCM-07431/D1/attempt-1/m2,.,benchmark-fallback,/home/lnk85/SymmariesProjectBits/symmaries-maven-evaluation/config/policies/empty-sources-and-sinks.xml,/home/lnk85/SymmariesProjectBits/symmaries-maven-evaluation/config/policies/empty-sources-and-sinks.xml,3f2d50ad2de30a80ce3fcf7a7fd8ef57f2aa30bdd621bc753d6165b0790b27fc,timeout 20m mvn -B -ntp -s /home/lnk85/SymmariesProjectBits/symmaries-maven-evaluation/config/settings-pilot-host.xml -Dmaven.repo.local=/home/lnk85/SymmariesProjectBits/symmaries-maven-evaluation/results/batch-2-300-d1-runs/RCM-07431/D1/attempt-1/m2 -Papache-release clean package -DskipTests -Dmaven.javadoc.skip -Dgpg.skip,none,false,false,true,,,,,,,results/batch-2-300-d1-runs/RCM-07431/D1/attempt-1/maven.log,,Initial explicit-goal Symmaries pilot runner
RCM-01448,pilot-primary,D1,1,PASS,0,2026-08-10T21:33:47+00:00,2026-08-10T21:34:04+00:00,17.344,work/pilot/RCM-01448/D1/attempt-1/workspace,results/batch-2-300-d1-runs/RCM-01448/D1/attempt-1/m2,.,benchmark-fallback,/home/lnk85/SymmariesProjectBits/symmaries-maven-evaluation/config/policies/empty-sources-and-sinks.xml,/home/lnk85/SymmariesProjectBits/symmaries-maven-evaluation/config/policies/empty-sources-and-sinks.xml,3f2d50ad2de30a80ce3fcf7a7fd8ef57f2aa30bdd621bc753d6165b0790b27fc,timeout 20m /home/lnk85/SymmariesProjectBits/symmaries-maven-evaluation/work/pilot/RCM-01448/D1/attempt-1/workspace/mvnw -B -ntp -s /home/lnk85/SymmariesProjectBits/symmaries-maven-evaluation/config/settings-pilot-host.xml -Dmaven.repo.local=/home/lnk85/SymmariesProjectBits/symmaries-maven-evaluation/results/batch-2-300-d1-runs/RCM-01448/D1/attempt-1/m2 clean package -Prelease -DskipTests -Dmaven.javadoc.skip -Dgpg.skip,none,false,false,true,,,,,,,results/batch-2-300-d1-runs/RCM-01448/D1/attempt-1/maven.log,,Initial explicit-goal Symmaries pilot runner
RCM-07232,pilot-primary,D1,1,PASS,0,2026-08-10T21:34:04+00:00,2026-08-10T21:34:20+00:00,15.417,work/pilot/RCM-07232/D1/attempt-1/workspace,results/batch-2-300-d1-runs/RCM-07232/D1/attempt-1/m2,.,benchmark-fallback,/home/lnk85/SymmariesProjectBits/symmaries-maven-evaluation/config/policies/empty-sources-and-sinks.xml,/home/lnk85/SymmariesProjectBits/symmaries-maven-evaluation/config/policies/empty-sources-and-sinks.xml,3f2d50ad2de30a80ce3fcf7a7fd8ef57f2aa30bdd621bc753d6165b0790b27fc,timeout 20m mvn -B -ntp -s /home/lnk85/SymmariesProjectBits/symmaries-maven-evaluation/config/settings-pilot-host.xml -Dmaven.repo.local=/home/lnk85/SymmariesProjectBits/symmaries-maven-evaluation/results/batch-2-300-d1-runs/RCM-07232/D1/attempt-1/m2 -Papache-release clean package -DskipTests -Dmaven.javadoc.skip -Dgpg.skip,none,false,false,true,,,,,,,results/batch-2-300-d1-runs/RCM-07232/D1/attempt-1/maven.log,,Initial explicit-goal Symmaries pilot runner
RCM-10398,pilot-primary,D1,1,PASS,0,2026-08-10T21:34:20+00:00,2026-08-10T21:34:27+00:00,6.955,work/pilot/RCM-10398/D1/attempt-1/workspace,results/batch-2-300-d1-runs/RCM-10398/D1/attempt-1/m2,.,benchmark-fallback,/home/lnk85/SymmariesProjectBits/symmaries-maven-evaluation/config/policies/empty-sources-and-sinks.xml,/home/lnk85/SymmariesProjectBits/symmaries-maven-evaluation/config/policies/empty-sources-and-sinks.xml,3f2d50ad2de30a80ce3fcf7a7fd8ef57f2aa30bdd621bc753d6165b0790b27fc,timeout 20m mvn -B -ntp -s /home/lnk85/SymmariesProjectBits/symmaries-maven-evaluation/config/settings-pilot-host.xml -Dmaven.repo.local=/home/lnk85/SymmariesProjectBits/symmaries-maven-evaluation/results/batch-2-300-d1-runs/RCM-10398/D1/attempt-1/m2 clean package -DskipTests -Dmaven.javadoc.skip -Dgpg.skip,none,false,false,true,,,,,,,results/batch-2-300-d1-runs/RCM-10398/D1/attempt-1/maven.log,,Initial explicit-goal Symmaries pilot runner
RCM-08796,pilot-primary,D1,1,PASS,0,2026-08-10T21:34:27+00:00,2026-08-10T21:40:43+00:00,376.184,work/pilot/RCM-08796/D1/attempt-1/workspace,results/batch-2-300-d1-runs/RCM-08796/D1/attempt-1/m2,.,benchmark-fallback,/home/lnk85/SymmariesProjectBits/symmaries-maven-evaluation/config/policies/empty-sources-and-sinks.xml,/home/lnk85/SymmariesProjectBits/symmaries-maven-evaluation/config/policies/empty-sources-and-sinks.xml,3f2d50ad2de30a80ce3fcf7a7fd8ef57f2aa30bdd621bc753d6165b0790b27fc,timeout 20m mvn -B -ntp -s /home/lnk85/SymmariesProjectBits/symmaries-maven-evaluation/config/settings-pilot-host.xml -Dmaven.repo.local=/home/lnk85/SymmariesProjectBits/symmaries-maven-evaluation/results/batch-2-300-d1-runs/RCM-08796/D1/attempt-1/m2 -Papache-release clean package -DskipTests -Dmaven.javadoc.skip -Dgpg.skip -Dossindex.skip,none,false,false,true,,,,,,,results/batch-2-300-d1-runs/RCM-08796/D1/attempt-1/maven.log,,Initial explicit-goal Symmaries pilot runner
RCM-09994,pilot-primary,D1,1,PASS,0,2026-08-10T21:40:43+00:00,2026-08-10T21:41:21+00:00,38.0,work/pilot/RCM-09994/D1/attempt-1/workspace,results/batch-2-300-d1-runs/RCM-09994/D1/attempt-1/m2,.,benchmark-fallback,/home/lnk85/SymmariesProjectBits/symmaries-maven-evaluation/config/policies/empty-sources-and-sinks.xml,/home/lnk85/SymmariesProjectBits/symmaries-maven-evaluation/config/policies/empty-sources-and-sinks.xml,3f2d50ad2de30a80ce3fcf7a7fd8ef57f2aa30bdd621bc753d6165b0790b27fc,timeout 20m mvn -B -ntp -s /home/lnk85/SymmariesProjectBits/symmaries-maven-evaluation/config/settings-pilot-host.xml -Dmaven.repo.local=/home/lnk85/SymmariesProjectBits/symmaries-maven-evaluation/results/batch-2-300-d1-runs/RCM-09994/D1/attempt-1/m2 -Psonatype-oss-release clean package -DskipTests -Dmaven.javadoc.skip -Dgpg.skip -Dbuildinfo.detect.skip=false,none,false,false,true,,,,,,,results/batch-2-300-d1-runs/RCM-09994/D1/attempt-1/maven.log,,Initial explicit-goal Symmaries pilot runner
RCM-07046,pilot-primary,D1,1,PASS,0,2026-08-10T21:41:21+00:00,2026-08-10T21:41:43+00:00,22.114,work/pilot/RCM-07046/D1/attempt-1/workspace,results/batch-2-300-d1-runs/RCM-07046/D1/attempt-1/m2,.,benchmark-fallback,/home/lnk85/SymmariesProjectBits/symmaries-maven-evaluation/config/policies/empty-sources-and-sinks.xml,/home/lnk85/SymmariesProjectBits/symmaries-maven-evaluation/config/policies/empty-sources-and-sinks.xml,3f2d50ad2de30a80ce3fcf7a7fd8ef57f2aa30bdd621bc753d6165b0790b27fc,timeout 20m mvn -B -ntp -s /home/lnk85/SymmariesProjectBits/symmaries-maven-evaluation/config/settings-pilot-host.xml -Dmaven.repo.local=/home/lnk85/SymmariesProjectBits/symmaries-maven-evaluation/results/batch-2-300-d1-runs/RCM-07046/D1/attempt-1/m2 -Papache-release clean package -DskipTests -Dmaven.javadoc.skip -Dgpg.skip,none,false,false,true,,,,,,,results/batch-2-300-d1-runs/RCM-07046/D1/attempt-1/maven.log,,Initial explicit-goal Symmaries pilot runner
RCM-05307,pilot-primary,D1,1,PASS,0,2026-08-10T21:41:43+00:00,2026-08-10T21:42:00+00:00,17.257,work/pilot/RCM-05307/D1/attempt-1/workspace,results/batch-2-300-d1-runs/RCM-05307/D1/attempt-1/m2,.,benchmark-fallback,/home/lnk85/SymmariesProjectBits/symmaries-maven-evaluation/config/policies/empty-sources-and-sinks.xml,/home/lnk85/SymmariesProjectBits/symmaries-maven-evaluation/config/policies/empty-sources-and-sinks.xml,3f2d50ad2de30a80ce3fcf7a7fd8ef57f2aa30bdd621bc753d6165b0790b27fc,timeout 20m /home/lnk85/SymmariesProjectBits/symmaries-maven-evaluation/work/pilot/RCM-05307/D1/attempt-1/workspace/mvnw -B -ntp -s /home/lnk85/SymmariesProjectBits/symmaries-maven-evaluation/config/settings-pilot-host.xml -Dmaven.repo.local=/home/lnk85/SymmariesProjectBits/symmaries-maven-evaluation/results/batch-2-300-d1-runs/RCM-05307/D1/attempt-1/m2 clean package -DskipTests -Dmaven.javadoc.skip -Dgpg.skip -Dbuildinfo.detect.skip=false -Dbuildinfo.skipModules=,none,false,false,true,,,,,,,results/batch-2-300-d1-runs/RCM-05307/D1/attempt-1/maven.log,,Initial explicit-goal Symmaries pilot runner
RCM-10568,pilot-primary,D1,1,PASS,0,2026-08-10T21:42:00+00:00,2026-08-10T21:42:11+00:00,10.33,work/pilot/RCM-10568/D1/attempt-1/workspace,results/batch-2-300-d1-runs/RCM-10568/D1/attempt-1/m2,.,benchmark-fallback,/home/lnk85/SymmariesProjectBits/symmaries-maven-evaluation/config/policies/empty-sources-and-sinks.xml,/home/lnk85/SymmariesProjectBits/symmaries-maven-evaluation/config/policies/empty-sources-and-sinks.xml,3f2d50ad2de30a80ce3fcf7a7fd8ef57f2aa30bdd621bc753d6165b0790b27fc,timeout 20m mvn -B -ntp -s /home/lnk85/SymmariesProjectBits/symmaries-maven-evaluation/config/settings-pilot-host.xml -Dmaven.repo.local=/home/lnk85/SymmariesProjectBits/symmaries-maven-evaluation/results/batch-2-300-d1-runs/RCM-10568/D1/attempt-1/m2 -Prelease clean verify -DskipTests -Dmaven.javadoc.skip -Dgpg.skip -Dspdx.skip,none,false,false,true,,,,,,,results/batch-2-300-d1-runs/RCM-10568/D1/attempt-1/maven.log,,Initial explicit-goal Symmaries pilot runner
RCM-02094,pilot-primary,D1,1,PASS,0,2026-08-10T21:42:11+00:00,2026-08-10T21:42:20+00:00,8.983,work/pilot/RCM-02094/D1/attempt-1/workspace,results/batch-2-300-d1-runs/RCM-02094/D1/attempt-1/m2,.,benchmark-fallback,/home/lnk85/SymmariesProjectBits/symmaries-maven-evaluation/config/policies/empty-sources-and-sinks.xml,/home/lnk85/SymmariesProjectBits/symmaries-maven-evaluation/config/policies/empty-sources-and-sinks.xml,3f2d50ad2de30a80ce3fcf7a7fd8ef57f2aa30bdd621bc753d6165b0790b27fc,timeout 20m /home/lnk85/SymmariesProjectBits/symmaries-maven-evaluation/work/pilot/RCM-02094/D1/attempt-1/workspace/mvnw -B -ntp -s /home/lnk85/SymmariesProjectBits/symmaries-maven-evaluation/config/settings-pilot-host.xml -Dmaven.repo.local=/home/lnk85/SymmariesProjectBits/symmaries-maven-evaluation/results/batch-2-300-d1-runs/RCM-02094/D1/attempt-1/m2 clean package -P release -DskipTests -Dmaven.javadoc.skip -Dgpg.skip,none,false,false,true,,,,,,,results/batch-2-300-d1-runs/RCM-02094/D1/attempt-1/maven.log,,Initial explicit-goal Symmaries pilot runner
RCM-06282,pilot-primary,D1,1,PASS,0,2026-08-10T21:42:20+00:00,2026-08-10T21:42:54+00:00,33.775,work/pilot/RCM-06282/D1/attempt-1/workspace,results/batch-2-300-d1-runs/RCM-06282/D1/attempt-1/m2,.,benchmark-fallback,/home/lnk85/SymmariesProjectBits/symmaries-maven-evaluation/config/policies/empty-sources-and-sinks.xml,/home/lnk85/SymmariesProjectBits/symmaries-maven-evaluation/config/policies/empty-sources-and-sinks.xml,3f2d50ad2de30a80ce3fcf7a7fd8ef57f2aa30bdd621bc753d6165b0790b27fc,timeout 20m mvn -B -ntp -s /home/lnk85/SymmariesProjectBits/symmaries-maven-evaluation/config/settings-pilot-host.xml -Dmaven.repo.local=/home/lnk85/SymmariesProjectBits/symmaries-maven-evaluation/results/batch-2-300-d1-runs/RCM-06282/D1/attempt-1/m2 -Prelease clean package -DskipTests -Dmaven.javadoc.skip -Dgpg.skip,none,false,false,true,,,,,,,results/batch-2-300-d1-runs/RCM-06282/D1/attempt-1/maven.log,,Initial explicit-goal Symmaries pilot runner
RCM-07662,pilot-primary,D1,1,PASS,0,2026-08-10T21:42:54+00:00,2026-08-10T21:43:05+00:00,11.362,work/pilot/RCM-07662/D1/attempt-1/workspace,results/batch-2-300-d1-runs/RCM-07662/D1/attempt-1/m2,.,benchmark-fallback,/home/lnk85/SymmariesProjectBits/symmaries-maven-evaluation/config/policies/empty-sources-and-sinks.xml,/home/lnk85/SymmariesProjectBits/symmaries-maven-evaluation/config/policies/empty-sources-and-sinks.xml,3f2d50ad2de30a80ce3fcf7a7fd8ef57f2aa30bdd621bc753d6165b0790b27fc,timeout 20m mvn -B -ntp -s /home/lnk85/SymmariesProjectBits/symmaries-maven-evaluation/config/settings-pilot-host.xml -Dmaven.repo.local=/home/lnk85/SymmariesProjectBits/symmaries-maven-evaluation/results/batch-2-300-d1-runs/RCM-07662/D1/attempt-1/m2 -Papache-release clean package -DskipTests -Dmaven.javadoc.skip -Dgpg.skip,none,false,false,true,,,,,,,results/batch-2-300-d1-runs/RCM-07662/D1/attempt-1/maven.log,,Initial explicit-goal Symmaries pilot runner
RCM-07706,pilot-primary,D1,1,PASS,0,2026-08-10T21:43:05+00:00,2026-08-10T21:43:15+00:00,10.04,work/pilot/RCM-07706/D1/attempt-1/workspace,results/batch-2-300-d1-runs/RCM-07706/D1/attempt-1/m2,.,benchmark-fallback,/home/lnk85/SymmariesProjectBits/symmaries-maven-evaluation/config/policies/empty-sources-and-sinks.xml,/home/lnk85/SymmariesProjectBits/symmaries-maven-evaluation/config/policies/empty-sources-and-sinks.xml,3f2d50ad2de30a80ce3fcf7a7fd8ef57f2aa30bdd621bc753d6165b0790b27fc,timeout 20m mvn -B -ntp -s /home/lnk85/SymmariesProjectBits/symmaries-maven-evaluation/config/settings-pilot-host.xml -Dmaven.repo.local=/home/lnk85/SymmariesProjectBits/symmaries-maven-evaluation/results/batch-2-300-d1-runs/RCM-07706/D1/attempt-1/m2 -Papache-release clean package -DskipTests -Dmaven.javadoc.skip -Dgpg.skip,none,false,false,true,,,,,,,results/batch-2-300-d1-runs/RCM-07706/D1/attempt-1/maven.log,,Initial explicit-goal Symmaries pilot runner
RCM-04094,pilot-primary,D1,1,FAIL_ENVIRONMENT,-1,2026-08-10T21:43:15+00:00,2026-08-10T21:43:15+00:00,0.064,work/pilot/RCM-04094/D1/attempt-1/workspace,results/batch-2-300-d1-runs/RCM-04094/D1/attempt-1/m2,.,,,,,,none,false,false,true,,,,,,,results/batch-2-300-d1-runs/RCM-04094/D1/attempt-1/maven.log,RUNNER_EXCEPTION,Initial explicit-goal Symmaries pilot runner
RCM-09745,pilot-primary,D1,1,FAIL_BUILD,1,2026-08-10T21:43:15+00:00,2026-08-10T21:43:40+00:00,24.163,work/pilot/RCM-09745/D1/attempt-1/workspace,results/batch-2-300-d1-runs/RCM-09745/D1/attempt-1/m2,.,benchmark-fallback,/home/lnk85/SymmariesProjectBits/symmaries-maven-evaluation/config/policies/empty-sources-and-sinks.xml,/home/lnk85/SymmariesProjectBits/symmaries-maven-evaluation/config/policies/empty-sources-and-sinks.xml,3f2d50ad2de30a80ce3fcf7a7fd8ef57f2aa30bdd621bc753d6165b0790b27fc,timeout 20m mvn -B -ntp -s /home/lnk85/SymmariesProjectBits/symmaries-maven-evaluation/config/settings-pilot-host.xml -Dmaven.repo.local=/home/lnk85/SymmariesProjectBits/symmaries-maven-evaluation/results/batch-2-300-d1-runs/RCM-09745/D1/attempt-1/m2 -Psonatype-oss-release clean package -DskipTests -Dmaven.javadoc.skip -Dgpg.skip,none,false,false,true,,,,,,,results/batch-2-300-d1-runs/RCM-09745/D1/attempt-1/maven.log,MAVEN_OR_PLUGIN_FAILURE,Initial explicit-goal Symmaries pilot runner
RCM-08901,pilot-primary,D1,1,FAIL_BUILD,1,2026-08-10T21:43:40+00:00,2026-08-10T21:43:45+00:00,5.465,work/pilot/RCM-08901/D1/attempt-1/workspace,results/batch-2-300-d1-runs/RCM-08901/D1/attempt-1/m2,.,benchmark-fallback,/home/lnk85/SymmariesProjectBits/symmaries-maven-evaluation/config/policies/empty-sources-and-sinks.xml,/home/lnk85/SymmariesProjectBits/symmaries-maven-evaluation/config/policies/empty-sources-and-sinks.xml,3f2d50ad2de30a80ce3fcf7a7fd8ef57f2aa30bdd621bc753d6165b0790b27fc,timeout 20m mvn -B -ntp -s /home/lnk85/SymmariesProjectBits/symmaries-maven-evaluation/config/settings-pilot-host.xml -Dmaven.repo.local=/home/lnk85/SymmariesProjectBits/symmaries-maven-evaluation/results/batch-2-300-d1-runs/RCM-08901/D1/attempt-1/m2 -Pmojo-release clean package -Dmaven.javadoc.skip -Dgpg.skip,none,false,false,true,,,,,,,results/batch-2-300-d1-runs/RCM-08901/D1/attempt-1/maven.log,MAVEN_OR_PLUGIN_FAILURE,Initial explicit-goal Symmaries pilot runner
RCM-07651,pilot-primary,D1,1,PASS,0,2026-08-10T21:43:45+00:00,2026-08-10T21:43:58+00:00,12.823,work/pilot/RCM-07651/D1/attempt-1/workspace,results/batch-2-300-d1-runs/RCM-07651/D1/attempt-1/m2,.,benchmark-fallback,/home/lnk85/SymmariesProjectBits/symmaries-maven-evaluation/config/policies/empty-sources-and-sinks.xml,/home/lnk85/SymmariesProjectBits/symmaries-maven-evaluation/config/policies/empty-sources-and-sinks.xml,3f2d50ad2de30a80ce3fcf7a7fd8ef57f2aa30bdd621bc753d6165b0790b27fc,timeout 20m mvn -B -ntp -s /home/lnk85/SymmariesProjectBits/symmaries-maven-evaluation/config/settings-pilot-host.xml -Dmaven.repo.local=/home/lnk85/SymmariesProjectBits/symmaries-maven-evaluation/results/batch-2-300-d1-runs/RCM-07651/D1/attempt-1/m2 -Papache-release clean package -DskipTests -Dmaven.javadoc.skip -Dgpg.skip,none,false,false,true,,,,,,,results/batch-2-300-d1-runs/RCM-07651/D1/attempt-1/maven.log,,Initial explicit-goal Symmaries pilot runner
RCM-08430,pilot-primary,D1,1,PASS,0,2026-08-10T21:43:58+00:00,2026-08-10T21:44:06+00:00,7.555,work/pilot/RCM-08430/D1/attempt-1/workspace,results/batch-2-300-d1-runs/RCM-08430/D1/attempt-1/m2,.,benchmark-fallback,/home/lnk85/SymmariesProjectBits/symmaries-maven-evaluation/config/policies/empty-sources-and-sinks.xml,/home/lnk85/SymmariesProjectBits/symmaries-maven-evaluation/config/policies/empty-sources-and-sinks.xml,3f2d50ad2de30a80ce3fcf7a7fd8ef57f2aa30bdd621bc753d6165b0790b27fc,timeout 20m mvn -B -ntp -s /home/lnk85/SymmariesProjectBits/symmaries-maven-evaluation/config/settings-pilot-host.xml -Dmaven.repo.local=/home/lnk85/SymmariesProjectBits/symmaries-maven-evaluation/results/batch-2-300-d1-runs/RCM-08430/D1/attempt-1/m2 -Papache-release clean package -DskipTests -Dmaven.javadoc.skip -Dgpg.skip,none,false,false,true,,,,,,,results/batch-2-300-d1-runs/RCM-08430/D1/attempt-1/maven.log,,Initial explicit-goal Symmaries pilot runner
RCM-01185,pilot-primary,D1,1,PASS,0,2026-08-10T21:44:06+00:00,2026-08-10T21:44:13+00:00,7.539,work/pilot/RCM-01185/D1/attempt-1/workspace,results/batch-2-300-d1-runs/RCM-01185/D1/attempt-1/m2,.,benchmark-fallback,/home/lnk85/SymmariesProjectBits/symmaries-maven-evaluation/config/policies/empty-sources-and-sinks.xml,/home/lnk85/SymmariesProjectBits/symmaries-maven-evaluation/config/policies/empty-sources-and-sinks.xml,3f2d50ad2de30a80ce3fcf7a7fd8ef57f2aa30bdd621bc753d6165b0790b27fc,timeout 20m mvn -B -ntp -s /home/lnk85/SymmariesProjectBits/symmaries-maven-evaluation/config/settings-pilot-host.xml -Dmaven.repo.local=/home/lnk85/SymmariesProjectBits/symmaries-maven-evaluation/results/batch-2-300-d1-runs/RCM-01185/D1/attempt-1/m2 clean package -DskipTests -Dmaven.javadoc.skip -Dgpg.skip,none,false,false,true,,,,,,,results/batch-2-300-d1-runs/RCM-01185/D1/attempt-1/maven.log,,Initial explicit-goal Symmaries pilot runner
RCM-04008,pilot-primary,D1,1,FAIL_ENVIRONMENT,-1,2026-08-10T21:44:13+00:00,2026-08-10T21:44:13+00:00,0.078,work/pilot/RCM-04008/D1/attempt-1/workspace,results/batch-2-300-d1-runs/RCM-04008/D1/attempt-1/m2,.,,,,,,none,false,false,true,,,,,,,results/batch-2-300-d1-runs/RCM-04008/D1/attempt-1/maven.log,RUNNER_EXCEPTION,Initial explicit-goal Symmaries pilot runner
RCM-07783,pilot-primary,D1,1,FAIL_BUILD,1,2026-08-10T21:44:13+00:00,2026-08-10T21:44:18+00:00,4.314,work/pilot/RCM-07783/D1/attempt-1/workspace,results/batch-2-300-d1-runs/RCM-07783/D1/attempt-1/m2,.,benchmark-fallback,/home/lnk85/SymmariesProjectBits/symmaries-maven-evaluation/config/policies/empty-sources-and-sinks.xml,/home/lnk85/SymmariesProjectBits/symmaries-maven-evaluation/config/policies/empty-sources-and-sinks.xml,3f2d50ad2de30a80ce3fcf7a7fd8ef57f2aa30bdd621bc753d6165b0790b27fc,timeout 20m mvn -B -ntp -s /home/lnk85/SymmariesProjectBits/symmaries-maven-evaluation/config/settings-pilot-host.xml -Dmaven.repo.local=/home/lnk85/SymmariesProjectBits/symmaries-maven-evaluation/results/batch-2-300-d1-runs/RCM-07783/D1/attempt-1/m2 -Papache-release clean package -DskipTests -Dmaven.javadoc.skip -Dgpg.skip,none,false,false,true,,,,,,,results/batch-2-300-d1-runs/RCM-07783/D1/attempt-1/maven.log,MAVEN_OR_PLUGIN_FAILURE,Initial explicit-goal Symmaries pilot runner
RCM-07605,pilot-primary,D1,1,FAIL_BUILD,1,2026-08-10T21:44:18+00:00,2026-08-10T21:44:21+00:00,2.864,work/pilot/RCM-07605/D1/attempt-1/workspace,results/batch-2-300-d1-runs/RCM-07605/D1/attempt-1/m2,.,benchmark-fallback,/home/lnk85/SymmariesProjectBits/symmaries-maven-evaluation/config/policies/empty-sources-and-sinks.xml,/home/lnk85/SymmariesProjectBits/symmaries-maven-evaluation/config/policies/empty-sources-and-sinks.xml,3f2d50ad2de30a80ce3fcf7a7fd8ef57f2aa30bdd621bc753d6165b0790b27fc,timeout 20m mvn -B -ntp -s /home/lnk85/SymmariesProjectBits/symmaries-maven-evaluation/config/settings-pilot-host.xml -Dmaven.repo.local=/home/lnk85/SymmariesProjectBits/symmaries-maven-evaluation/results/batch-2-300-d1-runs/RCM-07605/D1/attempt-1/m2 -Papache-release clean package -DskipTests -Dmaven.javadoc.skip -Dgpg.skip,none,false,false,true,,,,,,,results/batch-2-300-d1-runs/RCM-07605/D1/attempt-1/maven.log,MAVEN_OR_PLUGIN_FAILURE,Initial explicit-goal Symmaries pilot runner
RCM-02014,pilot-primary,D1,1,FAIL_BUILD,1,2026-08-10T21:44:21+00:00,2026-08-10T21:44:41+00:00,20.795,work/pilot/RCM-02014/D1/attempt-1/workspace,results/batch-2-300-d1-runs/RCM-02014/D1/attempt-1/m2,.,benchmark-fallback,/home/lnk85/SymmariesProjectBits/symmaries-maven-evaluation/config/policies/empty-sources-and-sinks.xml,/home/lnk85/SymmariesProjectBits/symmaries-maven-evaluation/config/policies/empty-sources-and-sinks.xml,3f2d50ad2de30a80ce3fcf7a7fd8ef57f2aa30bdd621bc753d6165b0790b27fc,timeout 20m mvn -B -ntp -s /home/lnk85/SymmariesProjectBits/symmaries-maven-evaluation/config/settings-pilot-host.xml -Dmaven.repo.local=/home/lnk85/SymmariesProjectBits/symmaries-maven-evaluation/results/batch-2-300-d1-runs/RCM-02014/D1/attempt-1/m2 -DskipTests clean package,none,false,false,true,,,,,,,results/batch-2-300-d1-runs/RCM-02014/D1/attempt-1/maven.log,MAVEN_OR_PLUGIN_FAILURE,Initial explicit-goal Symmaries pilot runner
RCM-01012,pilot-primary,D1,1,PASS,0,2026-08-10T21:44:42+00:00,2026-08-10T21:45:38+00:00,56.157,work/pilot/RCM-01012/D1/attempt-1/workspace,results/batch-2-300-d1-runs/RCM-01012/D1/attempt-1/m2,.,benchmark-fallback,/home/lnk85/SymmariesProjectBits/symmaries-maven-evaluation/config/policies/empty-sources-and-sinks.xml,/home/lnk85/SymmariesProjectBits/symmaries-maven-evaluation/config/policies/empty-sources-and-sinks.xml,3f2d50ad2de30a80ce3fcf7a7fd8ef57f2aa30bdd621bc753d6165b0790b27fc,timeout 20m /home/lnk85/SymmariesProjectBits/symmaries-maven-evaluation/work/pilot/RCM-01012/D1/attempt-1/workspace/mvnw -B -ntp -s /home/lnk85/SymmariesProjectBits/symmaries-maven-evaluation/config/settings-pilot-host.xml -Dmaven.repo.local=/home/lnk85/SymmariesProjectBits/symmaries-maven-evaluation/results/batch-2-300-d1-runs/RCM-01012/D1/attempt-1/m2 clean package -DskipTests -Dmaven.javadoc.skip -Dgpg.skip -Dlicense.skip,none,false,false,true,,,,,,,results/batch-2-300-d1-runs/RCM-01012/D1/attempt-1/maven.log,,Initial explicit-goal Symmaries pilot runner
RCM-09093,pilot-primary,D1,1,PASS,0,2026-08-10T21:45:38+00:00,2026-08-10T21:45:46+00:00,8.092,work/pilot/RCM-09093/D1/attempt-1/workspace,results/batch-2-300-d1-runs/RCM-09093/D1/attempt-1/m2,.,benchmark-fallback,/home/lnk85/SymmariesProjectBits/symmaries-maven-evaluation/config/policies/empty-sources-and-sinks.xml,/home/lnk85/SymmariesProjectBits/symmaries-maven-evaluation/config/policies/empty-sources-and-sinks.xml,3f2d50ad2de30a80ce3fcf7a7fd8ef57f2aa30bdd621bc753d6165b0790b27fc,timeout 20m mvn -B -ntp -s /home/lnk85/SymmariesProjectBits/symmaries-maven-evaluation/config/settings-pilot-host.xml -Dmaven.repo.local=/home/lnk85/SymmariesProjectBits/symmaries-maven-evaluation/results/batch-2-300-d1-runs/RCM-09093/D1/attempt-1/m2 -Pplexus-release clean package -DskipTests -Dmaven.javadoc.skip -Dgpg.skip,none,false,false,true,,,,,,,results/batch-2-300-d1-runs/RCM-09093/D1/attempt-1/maven.log,,Initial explicit-goal Symmaries pilot runner
RCM-08848,pilot-primary,D1,1,PASS,0,2026-08-10T21:45:46+00:00,2026-08-10T21:50:16+00:00,270.539,work/pilot/RCM-08848/D1/attempt-1/workspace,results/batch-2-300-d1-runs/RCM-08848/D1/attempt-1/m2,.,benchmark-fallback,/home/lnk85/SymmariesProjectBits/symmaries-maven-evaluation/config/policies/empty-sources-and-sinks.xml,/home/lnk85/SymmariesProjectBits/symmaries-maven-evaluation/config/policies/empty-sources-and-sinks.xml,3f2d50ad2de30a80ce3fcf7a7fd8ef57f2aa30bdd621bc753d6165b0790b27fc,timeout 20m mvn -B -ntp -s /home/lnk85/SymmariesProjectBits/symmaries-maven-evaluation/config/settings-pilot-host.xml -Dmaven.repo.local=/home/lnk85/SymmariesProjectBits/symmaries-maven-evaluation/results/batch-2-300-d1-runs/RCM-08848/D1/attempt-1/m2 -Papache-release clean package -DskipTests -Dgpg.skip,none,false,false,true,,,,,,,results/batch-2-300-d1-runs/RCM-08848/D1/attempt-1/maven.log,,Initial explicit-goal Symmaries pilot runner
RCM-10428,pilot-primary,D1,1,PASS,0,2026-08-10T21:50:16+00:00,2026-08-10T21:50:27+00:00,10.759,work/pilot/RCM-10428/D1/attempt-1/workspace,results/batch-2-300-d1-runs/RCM-10428/D1/attempt-1/m2,.,benchmark-fallback,/home/lnk85/SymmariesProjectBits/symmaries-maven-evaluation/config/policies/empty-sources-and-sinks.xml,/home/lnk85/SymmariesProjectBits/symmaries-maven-evaluation/config/policies/empty-sources-and-sinks.xml,3f2d50ad2de30a80ce3fcf7a7fd8ef57f2aa30bdd621bc753d6165b0790b27fc,timeout 20m mvn -B -ntp -s /home/lnk85/SymmariesProjectBits/symmaries-maven-evaluation/config/settings-pilot-host.xml -Dmaven.repo.local=/home/lnk85/SymmariesProjectBits/symmaries-maven-evaluation/results/batch-2-300-d1-runs/RCM-10428/D1/attempt-1/m2 clean package -DskipTests -Dmaven.javadoc.skip -Dgpg.skip,none,false,false,true,,,,,,,results/batch-2-300-d1-runs/RCM-10428/D1/attempt-1/maven.log,,Initial explicit-goal Symmaries pilot runner
RCM-09552,pilot-primary,D1,1,PASS,0,2026-08-10T21:50:27+00:00,2026-08-10T21:52:57+00:00,150.188,work/pilot/RCM-09552/D1/attempt-1/workspace,results/batch-2-300-d1-runs/RCM-09552/D1/attempt-1/m2,.,benchmark-fallback,/home/lnk85/SymmariesProjectBits/symmaries-maven-evaluation/config/policies/empty-sources-and-sinks.xml,/home/lnk85/SymmariesProjectBits/symmaries-maven-evaluation/config/policies/empty-sources-and-sinks.xml,3f2d50ad2de30a80ce3fcf7a7fd8ef57f2aa30bdd621bc753d6165b0790b27fc,timeout 20m /home/lnk85/SymmariesProjectBits/symmaries-maven-evaluation/work/pilot/RCM-09552/D1/attempt-1/workspace/mvnw -B -ntp -s /home/lnk85/SymmariesProjectBits/symmaries-maven-evaluation/config/settings-pilot-host.xml -Dmaven.repo.local=/home/lnk85/SymmariesProjectBits/symmaries-maven-evaluation/results/batch-2-300-d1-runs/RCM-09552/D1/attempt-1/m2 clean verify -Preproducibility-check -Pjakarta-ee-staging,none,false,false,true,,,,,,,results/batch-2-300-d1-runs/RCM-09552/D1/attempt-1/maven.log,,Initial explicit-goal Symmaries pilot runner
RCM-02571,pilot-primary,D1,1,PASS,0,2026-08-10T21:52:58+00:00,2026-08-10T21:53:08+00:00,10.685,work/pilot/RCM-02571/D1/attempt-1/workspace,results/batch-2-300-d1-runs/RCM-02571/D1/attempt-1/m2,.,benchmark-fallback,/home/lnk85/SymmariesProjectBits/symmaries-maven-evaluation/config/policies/empty-sources-and-sinks.xml,/home/lnk85/SymmariesProjectBits/symmaries-maven-evaluation/config/policies/empty-sources-and-sinks.xml,3f2d50ad2de30a80ce3fcf7a7fd8ef57f2aa30bdd621bc753d6165b0790b27fc,timeout 20m /home/lnk85/SymmariesProjectBits/symmaries-maven-evaluation/work/pilot/RCM-02571/D1/attempt-1/workspace/mvnw -B -ntp -s /home/lnk85/SymmariesProjectBits/symmaries-maven-evaluation/config/settings-pilot-host.xml -Dmaven.repo.local=/home/lnk85/SymmariesProjectBits/symmaries-maven-evaluation/results/batch-2-300-d1-runs/RCM-02571/D1/attempt-1/m2 -Prelease clean package -DskipTests -Dmaven.javadoc.skip -Dgpg.skip,none,false,false,true,,,,,,,results/batch-2-300-d1-runs/RCM-02571/D1/attempt-1/maven.log,,Initial explicit-goal Symmaries pilot runner
RCM-07964,pilot-primary,D1,1,FAIL_BUILD,1,2026-08-10T21:53:08+00:00,2026-08-10T22:06:03+00:00,774.535,work/pilot/RCM-07964/D1/attempt-1/workspace,results/batch-2-300-d1-runs/RCM-07964/D1/attempt-1/m2,.,benchmark-fallback,/home/lnk85/SymmariesProjectBits/symmaries-maven-evaluation/config/policies/empty-sources-and-sinks.xml,/home/lnk85/SymmariesProjectBits/symmaries-maven-evaluation/config/policies/empty-sources-and-sinks.xml,3f2d50ad2de30a80ce3fcf7a7fd8ef57f2aa30bdd621bc753d6165b0790b27fc,timeout 20m /home/lnk85/SymmariesProjectBits/symmaries-maven-evaluation/work/pilot/RCM-07964/D1/attempt-1/workspace/mvnw -B -ntp -s /home/lnk85/SymmariesProjectBits/symmaries-maven-evaluation/config/settings-pilot-host.xml -Dmaven.repo.local=/home/lnk85/SymmariesProjectBits/symmaries-maven-evaluation/results/batch-2-300-d1-runs/RCM-07964/D1/attempt-1/m2 -Papache-release clean package -DskipTests -Dmaven.javadoc.skip -Dgpg.skip,none,false,false,true,,,,,,,results/batch-2-300-d1-runs/RCM-07964/D1/attempt-1/maven.log,MAVEN_OR_PLUGIN_FAILURE,Initial explicit-goal Symmaries pilot runner
RCM-05730,pilot-primary,D1,1,FAIL_BUILD,1,2026-08-10T22:06:03+00:00,2026-08-10T22:06:06+00:00,3.339,work/pilot/RCM-05730/D1/attempt-1/workspace,results/batch-2-300-d1-runs/RCM-05730/D1/attempt-1/m2,.,benchmark-fallback,/home/lnk85/SymmariesProjectBits/symmaries-maven-evaluation/config/policies/empty-sources-and-sinks.xml,/home/lnk85/SymmariesProjectBits/symmaries-maven-evaluation/config/policies/empty-sources-and-sinks.xml,3f2d50ad2de30a80ce3fcf7a7fd8ef57f2aa30bdd621bc753d6165b0790b27fc,timeout 20m mvn -B -ntp -s /home/lnk85/SymmariesProjectBits/symmaries-maven-evaluation/config/settings-pilot-host.xml -Dmaven.repo.local=/home/lnk85/SymmariesProjectBits/symmaries-maven-evaluation/results/batch-2-300-d1-runs/RCM-05730/D1/attempt-1/m2 -Prelease clean package -DskipTests -Dmaven.javadoc.skip -Dgpg.skip -Dbuildinfo.detect.skip=false -pl '!:plugin-tests',none,false,false,true,,,,,,,results/batch-2-300-d1-runs/RCM-05730/D1/attempt-1/maven.log,MAVEN_OR_PLUGIN_FAILURE,Initial explicit-goal Symmaries pilot runner
RCM-07416,pilot-primary,D1,1,PASS,0,2026-08-10T22:06:06+00:00,2026-08-10T22:06:22+00:00,16.156,work/pilot/RCM-07416/D1/attempt-1/workspace,results/batch-2-300-d1-runs/RCM-07416/D1/attempt-1/m2,.,benchmark-fallback,/home/lnk85/SymmariesProjectBits/symmaries-maven-evaluation/config/policies/empty-sources-and-sinks.xml,/home/lnk85/SymmariesProjectBits/symmaries-maven-evaluation/config/policies/empty-sources-and-sinks.xml,3f2d50ad2de30a80ce3fcf7a7fd8ef57f2aa30bdd621bc753d6165b0790b27fc,timeout 20m mvn -B -ntp -s /home/lnk85/SymmariesProjectBits/symmaries-maven-evaluation/config/settings-pilot-host.xml -Dmaven.repo.local=/home/lnk85/SymmariesProjectBits/symmaries-maven-evaluation/results/batch-2-300-d1-runs/RCM-07416/D1/attempt-1/m2 -Papache-release clean package -DskipTests -Dmaven.javadoc.skip -Dgpg.skip,none,false,false,true,,,,,,,results/batch-2-300-d1-runs/RCM-07416/D1/attempt-1/maven.log,,Initial explicit-goal Symmaries pilot runner
RCM-06376,pilot-primary,D1,1,PASS,0,2026-08-10T22:06:22+00:00,2026-08-10T22:24:02+00:00,1059.335,work/pilot/RCM-06376/D1/attempt-1/workspace,results/batch-2-300-d1-runs/RCM-06376/D1/attempt-1/m2,.,benchmark-fallback,/home/lnk85/SymmariesProjectBits/symmaries-maven-evaluation/config/policies/empty-sources-and-sinks.xml,/home/lnk85/SymmariesProjectBits/symmaries-maven-evaluation/config/policies/empty-sources-and-sinks.xml,3f2d50ad2de30a80ce3fcf7a7fd8ef57f2aa30bdd621bc753d6165b0790b27fc,"timeout 20m mvn -B -ntp -s /home/lnk85/SymmariesProjectBits/symmaries-maven-evaluation/config/settings-pilot-host.xml -Dmaven.repo.local=/home/lnk85/SymmariesProjectBits/symmaries-maven-evaluation/results/batch-2-300-d1-runs/RCM-06376/D1/attempt-1/m2 -Papache-release,support-all-formats clean package -DskipTests -Dmaven.javadoc.skip -Dgpg.skip -Djacoco.flink.skip",none,false,false,true,,,,,,,results/batch-2-300-d1-runs/RCM-06376/D1/attempt-1/maven.log,,Initial explicit-goal Symmaries pilot runner
RCM-04398,pilot-primary,D1,1,PASS,0,2026-08-10T22:24:02+00:00,2026-08-10T22:25:45+00:00,103.246,work/pilot/RCM-04398/D1/attempt-1/workspace,results/batch-2-300-d1-runs/RCM-04398/D1/attempt-1/m2,.,benchmark-fallback,/home/lnk85/SymmariesProjectBits/symmaries-maven-evaluation/config/policies/empty-sources-and-sinks.xml,/home/lnk85/SymmariesProjectBits/symmaries-maven-evaluation/config/policies/empty-sources-and-sinks.xml,3f2d50ad2de30a80ce3fcf7a7fd8ef57f2aa30bdd621bc753d6165b0790b27fc,timeout 20m /home/lnk85/SymmariesProjectBits/symmaries-maven-evaluation/work/pilot/RCM-04398/D1/attempt-1/workspace/mvnw -B -ntp -s /home/lnk85/SymmariesProjectBits/symmaries-maven-evaluation/config/settings-pilot-host.xml -Dmaven.repo.local=/home/lnk85/SymmariesProjectBits/symmaries-maven-evaluation/results/batch-2-300-d1-runs/RCM-04398/D1/attempt-1/m2 -Pdeploy clean package -DskipTests -Dmaven.javadoc.skip -Dgpg.skip,none,false,false,true,,,,,,,results/batch-2-300-d1-runs/RCM-04398/D1/attempt-1/maven.log,,Initial explicit-goal Symmaries pilot runner
RCM-09457,pilot-primary,D1,1,FAIL_BUILD,1,2026-08-10T22:25:45+00:00,2026-08-10T22:25:47+00:00,1.424,work/pilot/RCM-09457/D1/attempt-1/workspace,results/batch-2-300-d1-runs/RCM-09457/D1/attempt-1/m2,.,benchmark-fallback,/home/lnk85/SymmariesProjectBits/symmaries-maven-evaluation/config/policies/empty-sources-and-sinks.xml,/home/lnk85/SymmariesProjectBits/symmaries-maven-evaluation/config/policies/empty-sources-and-sinks.xml,3f2d50ad2de30a80ce3fcf7a7fd8ef57f2aa30bdd621bc753d6165b0790b27fc,timeout 20m mvn -B -ntp -s /home/lnk85/SymmariesProjectBits/symmaries-maven-evaluation/config/settings-pilot-host.xml -Dmaven.repo.local=/home/lnk85/SymmariesProjectBits/symmaries-maven-evaluation/results/batch-2-300-d1-runs/RCM-09457/D1/attempt-1/m2 clean package -Poss-release -DskipTests -Dmaven.javadoc.skip -Djavadoc.skip -Dgpg.skip -Dbuildinfo.detect.skip=false -Dbuildinfo.ignore=,none,false,false,true,,,,,,,results/batch-2-300-d1-runs/RCM-09457/D1/attempt-1/maven.log,MAVEN_OR_PLUGIN_FAILURE,Initial explicit-goal Symmaries pilot runner
RCM-06853,pilot-primary,D1,1,PASS,0,2026-08-10T22:25:47+00:00,2026-08-10T22:27:06+00:00,79.396,work/pilot/RCM-06853/D1/attempt-1/workspace,results/batch-2-300-d1-runs/RCM-06853/D1/attempt-1/m2,.,benchmark-fallback,/home/lnk85/SymmariesProjectBits/symmaries-maven-evaluation/config/policies/empty-sources-and-sinks.xml,/home/lnk85/SymmariesProjectBits/symmaries-maven-evaluation/config/policies/empty-sources-and-sinks.xml,3f2d50ad2de30a80ce3fcf7a7fd8ef57f2aa30bdd621bc753d6165b0790b27fc,timeout 20m mvn -B -ntp -s /home/lnk85/SymmariesProjectBits/symmaries-maven-evaluation/config/settings-pilot-host.xml -Dmaven.repo.local=/home/lnk85/SymmariesProjectBits/symmaries-maven-evaluation/results/batch-2-300-d1-runs/RCM-06853/D1/attempt-1/m2 -Papache-release clean package -DskipTests -Dmaven.javadoc.skip -Dgpg.skip,none,false,false,true,,,,,,,results/batch-2-300-d1-runs/RCM-06853/D1/attempt-1/maven.log,,Initial explicit-goal Symmaries pilot runner
RCM-08685,pilot-primary,D1,1,PASS,0,2026-08-10T22:27:06+00:00,2026-08-10T22:27:18+00:00,12.315,work/pilot/RCM-08685/D1/attempt-1/workspace,results/batch-2-300-d1-runs/RCM-08685/D1/attempt-1/m2,.,benchmark-fallback,/home/lnk85/SymmariesProjectBits/symmaries-maven-evaluation/config/policies/empty-sources-and-sinks.xml,/home/lnk85/SymmariesProjectBits/symmaries-maven-evaluation/config/policies/empty-sources-and-sinks.xml,3f2d50ad2de30a80ce3fcf7a7fd8ef57f2aa30bdd621bc753d6165b0790b27fc,timeout 20m mvn -B -ntp -s /home/lnk85/SymmariesProjectBits/symmaries-maven-evaluation/config/settings-pilot-host.xml -Dmaven.repo.local=/home/lnk85/SymmariesProjectBits/symmaries-maven-evaluation/results/batch-2-300-d1-runs/RCM-08685/D1/attempt-1/m2 -Papache-release clean package -DskipTests -Dmaven.javadoc.skip -Dgpg.skip,none,false,false,true,,,,,,,results/batch-2-300-d1-runs/RCM-08685/D1/attempt-1/maven.log,,Initial explicit-goal Symmaries pilot runner
